0,0,0,0,0,0,0,0,0,0,0,0,0,0,0,0,0,0,0,0,0,0,0,0,0,0,0,0,0,0,0,0,0,0,0,0,0,0,0,0,0,0,0,0,0,0,0,0,0,0,0,0,0,0,0,0,0,0,0,0,0,0,0,0,0,0,0,0,0,0,0,0,0,0,0,0,0,0,0,0,0,0,0
0,0,0,0,0,0,0,0,0,0,0,0,0,0,0,0,0,0,0,0,0,0,0,0,0,0,0,0,0,0,0,0,0,0,0,0,0,0,0,0,0,0,0,0,0,0,0,0,0,0,0,0,0,0,0,0,0,0,0,0,0,0,0,0,0,0,0,0,0,0,0,0,0,0,0,0,0,0,0,0,0,0,0
0,0,0,0,0,0,1.4754,1.4766,1.5136,1.5229,1.565,1.6043,0,0,0,0,0,0,0,0,0,0,0,0,0,0,0,0,0,0,0,0,0,0,0,0,0,0,0,0,0,0,0,0,0,0,0,0,0,0,0,0,0,0,0,0,0,0,0,0,0,0,0,0,0,0,0,0,0,0,0,0,0,0,0,0,0,0,0,0,0,0,0
0,0,0,0,0,0,1.4738,1.4903,1.4983,1.4806,1.5002,1.5502,1.5634,0,0,0,0,0,0,0,0,0,0,0,0,0,0,0,0,0,0,0,0,0,0,0,0,0,0,0,0,0,0,0,0,0,0,0,0,0,0,0,0,0,0,0,0,0,0,0,0,0,0,0,0,0,0,0,0,0,0,0,0,0,0,0,0,0,0,0,0,0,0
0,0,0,0,0,0,1.4662,1.4917,1.5002,1.4971,1.5166,1.5427,1.5471,1.5605,1.5911,1.5905,1.5639,1.6005,0,0,0,0,0,0,0,0,0,0,0,0,0,0,0,0,0,0,0,0,0,0,0,0,0,0,0,0,0,0,0,0,0,0,0,0,0,0,0,0,0,0,0,0,0,0,0,0,0,0,0,0,0,0,0,0,0,0,0,0,0,0,0,0,0
0,0,0,0,0,0,1.4665,1.483,1.4835,1.4941,1.5205,1.533,1.5423,1.5697,1.5993,1.5821,1.5815,1.6204,1.65,0,0,0,0,0,0,0,0,0,0,0,0,0,0,0,0,0,0,0,0,3.3706,0,0,0,0,0,0,0,0,0,0,0,0,0,0,0,0,0,0,0,0,0,0,0,0,0,0,0,0,0,0,0,0,0,0,0,0,0,0,0,0,0,0,0
0,0,0,0,0,0,1.4793,1.4894,1.4814,1.4848,1.5033,1.5094,1.5272,1.5628,1.5775,1.5701,1.5873,1.6325,1.636,1.6148,1.6235,0,0,0,0,0,0,0,0,0,0,0,0,2.3535,2.1778,2.2616,2.3305,2.2523,2.6281,2.8872,0,0,0,0,0,0,0,0,0,0,0,0,0,0,0,0,0,0,0,0,0,0,0,0,0,0,0,0,0,0,0,0,0,0,0,0,0,0,0,0,0,0,0
0,0,0,0,0,0,1.4913,1.493,1.4842,1.4894,1.4972,1.4954,1.5024,1.5269,1.5307,1.5256,1.5592,1.5839,1.5799,1.5692,1.5961,1.6341,1.6213,1.5905,1.5787,1.5676,1.538,1.5147,1.5351,1.5825,1.7705,1.8062,1.9576,2.0624,1.9677,1.9903,2.0175,1.9953,2.2261,2.4027,2.5578,0,0,0,0,0,0,0,0,0,0,0,0,0,0,0,0,0,0,0,0,0,0,0,0,0,0,0,0,0,0,0,0,0,0,0,0,0,0,0,0,0,0
0,0,0,0,0,0,1.4943,1.4863,1.4804,1.492,1.5001,1.4958,1.4926,1.4982,1.4993,1.5089,1.5362,1.5519,1.5435,1.5345,1.5672,1.5944,1.6007,1.5834,1.5742,1.5526,1.524,1.5088,1.5113,1.5289,1.5761,1.6372,1.6937,1.8005,1.8076,1.8413,1.8778,1.8844,1.9563,2.072,2.1599,2.5882,2.3338,2.4629,2.3696,2.0322,1.8763,1.9408,1.8382,1.9569,1.9192,0,0,0,0,0,0,0,0,0,0,0,0,0,0,0,0,0,0,0,0,0,0,0,0,0,0,0,0,0,0,0,0
0,0,0,0,0,0,0,1.4811,1.4805,1.4932,1.5015,1.4981,1.4935,1.4925,1.5024,1.5207,1.5465,1.5482,1.5381,1.5386,1.5553,1.5714,1.5752,1.5799,1.576,1.5522,1.5242,1.5133,1.5107,1.5151,1.5166,1.5516,1.5904,1.633,1.7068,1.7678,1.8035,1.8532,1.8426,1.8848,1.9875,2.1369,2.0319,2.1303,2.0421,1.9418,1.83,1.8155,1.7735,1.827,1.8088,0,0,0,0,0,0,0,0,0,0,0,0,0,0,0,0,0,0,0,0,1.7226,1.7421,0,0,0,0,0,0,0,0,0,0
0,0,0,0,0,0,0,1.4822,1.4868,1.4965,1.4965,1.4914,1.4879,1.488,1.4969,1.5121,1.5228,1.5252,1.5247,1.5321,1.546,1.5562,1.5596,1.5718,1.5837,1.5567,1.5299,1.5152,1.5124,1.5114,1.5087,1.5127,1.5433,1.5591,1.6095,1.7001,1.757,1.8428,1.7852,1.8181,1.8678,1.8749,1.9226,1.9179,1.9144,1.8394,1.7634,1.7278,1.7451,1.7679,1.767,1.8375,1.8818,1.8852,1.8929,1.8954,0,0,0,0,0,0,0,0,0,0,0,0,0,0,0,1.6988,1.6916,0,0,0,0,0,0,0,0,0,0
0,0,0,0,0,0,0,1.4872,1.4907,1.4903,1.4842,1.4769,1.4784,1.4848,1.4899,1.4947,1.4991,1.4991,1.498,1.5072,1.5176,1.5252,1.5322,1.5464,1.5555,1.5475,1.5271,1.513,1.5064,1.5016,1.4955,1.4994,1.5157,1.5279,1.5551,1.6338,1.7452,1.8721,1.8098,1.7801,1.8059,1.7884,1.83,1.8192,1.8242,1.7656,1.7169,1.6874,1.7311,1.7373,1.7354,1.7623,1.8062,1.759,1.7864,1.7837,1.7471,1.8511,1.8657,1.9293,1.9388,0,0,0,0,0,0,1.6719,1.672,1.69,1.6873,1.6777,1.6587,1.6526,1.6609,1.6725,1.7622,1.9117,0,0,0,0,0
0,0,0,0,0,0,0,1.5187,1.5128,1.4951,1.4772,1.4796,1.4865,1.4924,1.4926,1.4887,1.4884,1.4897,1.4899,1.4893,1.4948,1.5049,1.5178,1.5316,1.5368,1.5305,1.5188,1.5077,1.4995,1.4926,1.4827,1.4715,1.4835,1.4812,1.4934,1.5822,1.712,1.8348,1.8317,1.7878,1.7779,1.7595,1.757,1.7728,1.7618,1.7299,1.6824,1.6811,1.7185,1.7051,1.7,1.7216,1.7502,1.7138,1.7303,1.714,1.7162,1.7728,1.7793,1.8023,1.7753,1.742,1.715,1.7104,1.6702,1.6567,1.6696,1.6638,1.666,1.6663,1.6646,1.6553,1.6294,1.6179,1.6121,1.612,1.6501,1.7343,1.9015,2.2907,0.94621,0.023234,0
0,0,0,0,0,0,0,1.5707,1.5588,1.5258,1.5005,1.504,1.5072,1.5021,1.4944,1.4879,1.4837,1.4827,1.482,1.4813,1.4831,1.4913,1.5053,1.5186,1.5266,1.5172,1.5073,1.4988,1.494,1.4935,1.4898,1.4806,1.471,1.4602,1.4521,1.5103,1.6337,1.7309,1.7765,1.7719,1.7521,1.7372,1.7351,1.7448,1.7288,1.6989,1.6682,1.6756,1.6824,1.6627,1.6182,1.6444,1.6971,1.673,1.6822,1.6853,1.688,1.7097,1.6989,1.6579,1.654,1.6503,1.6858,1.7064,1.6776,1.6652,1.6588,1.6504,1.6441,1.6415,1.6404,1.6235,1.5981,1.5821,1.5676,1.5635,1.5789,1.6291,1.7159,1.9515,2.4611,0.60413,0.011854
0,0,0,0,0,0,0,0,1.5893,1.5572,1.5349,1.525,1.5145,1.4998,1.4885,1.4828,1.4772,1.4699,1.4657,1.4673,1.4702,1.4731,1.4776,1.4847,1.4933,1.4992,1.4939,1.4942,1.5009,1.5021,1.5015,1.4955,1.4782,1.454,1.4441,1.4532,1.5306,1.6469,1.7195,1.7368,1.729,1.7226,1.7173,1.7163,1.6974,1.6769,1.6453,1.659,1.6525,1.6368,1.5514,1.5489,1.6302,1.6102,1.6443,1.6535,1.6618,1.6664,1.6062,1.5738,1.5741,1.6186,1.6673,1.6856,1.6686,1.6562,1.6475,1.6338,1.6176,1.6159,1.61,1.5911,1.5615,1.5412,1.5262,1.5193,1.5258,1.553,1.6116,1.7296,2.1071,2.0007,0.2862
0,0,0,0,0,0,0,0,1.5911,1.5808,1.5621,1.5394,1.5217,1.5049,1.4912,1.4825,1.4738,1.4632,1.452,1.4515,1.4536,1.4522,1.4474,1.4488,1.4605,1.471,1.4735,1.4778,1.4897,1.4923,1.489,1.4971,1.4931,1.462,1.4416,1.4479,1.4562,1.5504,1.6753,1.717,1.7259,1.7202,1.7033,1.6931,1.6844,1.6777,1.6515,1.6744,1.6695,1.6808,1.6103,1.6149,1.6627,1.6136,1.6248,1.6326,1.6115,1.5808,1.6233,1.6468,1.6356,1.65,1.6842,1.6862,1.6625,1.6461,1.6328,1.6149,1.5976,1.5842,1.5718,1.5573,1.5239,1.4964,1.4782,1.4706,1.4729,1.4874,1.5273,1.6134,1.808,2.3448,1.2076
0,0,0,0,0,0,0,0,0,1.6057,1.5936,1.5596,1.5389,1.5231,1.5083,1.4936,1.4824,1.4726,1.4625,1.4529,1.4466,1.442,1.4391,1.4416,1.4513,1.4552,1.4518,1.4533,1.4606,1.4579,1.4538,1.467,1.471,1.4534,1.4398,1.4333,1.4301,1.4543,1.5798,1.6981,1.7193,1.7283,1.7152,1.684,1.6758,1.6741,1.6483,1.6786,1.6879,1.7047,1.6812,1.691,1.6862,1.6363,1.6338,1.6374,1.5964,1.6359,1.6935,1.6621,1.6543,1.679,1.6961,1.6729,1.6508,1.6318,1.6138,1.5964,1.5735,1.5425,1.5238,1.5074,1.4818,1.449,1.4283,1.4197,1.4214,1.4284,1.4531,1.5245,1.6477,1.9669,2.2521
0,0,0,0,0,0,0,0,0,1.5891,1.597,1.5688,1.5601,1.5513,1.5362,1.52,1.5038,1.4906,1.4782,1.4626,1.445,1.4379,1.4388,1.4448,1.4513,1.4489,1.4461,1.4486,1.451,1.4457,1.4479,1.4601,1.4551,1.4382,1.4306,1.4165,1.4045,1.4205,1.4808,1.6152,1.702,1.7233,1.7111,1.6726,1.6624,1.6569,1.6199,1.6471,1.6702,1.6911,1.6704,1.6444,1.6425,1.6334,1.6305,1.6406,1.6274,1.6768,1.6907,1.6572,1.6441,1.6542,1.6622,1.6503,1.6323,1.614,1.5971,1.5744,1.5399,1.5073,1.482,1.4632,1.4402,1.4105,1.3807,1.3704,1.3773,1.3784,1.3929,1.4479,1.5455,1.7184,2.1463
0,0,0,0,0,0,0,0,0,0,1.5503,1.5487,1.5557,1.5727,1.5736,1.5493,1.5254,1.506,1.4877,1.4691,1.449,1.434,1.4333,1.4401,1.4409,1.4362,1.4341,1.4357,1.432,1.4251,1.4303,1.4436,1.446,1.435,1.4308,1.419,1.4057,1.4113,1.438,1.5293,1.6455,1.6978,1.6821,1.6526,1.6598,1.6714,1.6406,1.6407,1.6668,1.6913,1.6567,1.6101,1.6093,1.6096,1.6208,1.6358,1.6411,1.6603,1.6667,1.658,1.6506,1.6496,1.6506,1.6348,1.6142,1.5971,1.577,1.5422,1.5028,1.4706,1.444,1.4211,1.3985,1.3736,1.347,1.3314,1.344,1.3411,1.3545,1.3863,1.4571,1.5885,1.8068
0,0,0,0,0,0,0,0,0,0,1.474,1.4694,1.4941,1.5258,1.5436,1.5365,1.5199,1.5119,1.5044,1.4871,1.4671,1.4526,1.4448,1.4453,1.4404,1.4308,1.4253,1.4241,1.4175,1.4071,1.4053,1.4119,1.4167,1.4134,1.4109,1.4168,1.4092,1.4026,1.4279,1.4788,1.5738,1.6607,1.6687,1.6317,1.6261,1.6502,1.644,1.6425,1.6621,1.6591,1.6292,1.5976,1.5971,1.6052,1.6186,1.635,1.6386,1.6493,1.6516,1.6442,1.6491,1.6496,1.6428,1.6191,1.5953,1.5792,1.5513,1.5088,1.467,1.4315,1.4059,1.3832,1.3608,1.339,1.3184,1.3106,1.3176,1.322,1.3196,1.3387,1.3814,1.4871,1.6327
0,0,0,0,0,0,0,0,0,0,1.4863,1.4845,1.4895,1.5009,1.5059,1.5004,1.4952,1.4975,1.4988,1.4963,1.4804,1.468,1.4555,1.442,1.4304,1.4236,1.4208,1.4168,1.4063,1.3964,1.3901,1.3868,1.3835,1.3775,1.3748,1.3903,1.4034,1.4001,1.4088,1.4569,1.5246,1.6028,1.657,1.6305,1.603,1.6143,1.6239,1.6263,1.6312,1.6176,1.5969,1.5735,1.5764,1.5884,1.6093,1.6328,1.6384,1.6568,1.65,1.6219,1.6204,1.6312,1.6179,1.594,1.57,1.5519,1.5215,1.4782,1.4343,1.3965,1.3695,1.347,1.3262,1.3075,1.2937,1.2968,1.301,1.3057,1.2967,1.3063,1.3391,1.3971,1.5135
0,0,0,0,0,0,0,0,0,0,0,1.5289,1.5283,1.5305,1.5277,1.5123,1.4926,1.4801,1.4834,1.4838,1.4762,1.4608,1.444,1.4272,1.414,1.4109,1.4097,1.4023,1.3893,1.3803,1.3727,1.362,1.351,1.3461,1.3527,1.3682,1.3817,1.3899,1.398,1.4239,1.4881,1.5629,1.6199,1.6181,1.5968,1.6009,1.609,1.604,1.5984,1.5888,1.5752,1.5592,1.563,1.5806,1.6174,1.6461,1.653,1.6693,1.6561,1.6166,1.5854,1.5885,1.5717,1.5441,1.5302,1.511,1.4807,1.4479,1.4059,1.3692,1.339,1.3129,1.2922,1.2781,1.2763,1.2839,1.2899,1.2938,1.2884,1.2871,1.3186,1.3439,1.4033
0,0,0,0,0,0,0,0,0,0,0,1.5058,1.5172,1.5316,1.5498,1.5546,1.5223,1.4947,1.485,1.4823,1.4702,1.4503,1.4345,1.4254,1.4188,1.4127,1.4076,1.3974,1.3823,1.368,1.3574,1.3458,1.3321,1.3246,1.3317,1.3465,1.3555,1.3712,1.3923,1.4013,1.4426,1.5515,1.6328,1.6186,1.6024,1.6041,1.6033,1.5964,1.5827,1.5759,1.5658,1.5613,1.5681,1.5951,1.6308,1.6574,1.6619,1.6673,1.6527,1.6182,1.579,1.5526,1.5348,1.4952,1.4744,1.4608,1.4337,1.4047,1.3735,1.3405,1.3094,1.2838,1.2648,1.2586,1.2659,1.2731,1.2797,1.285,1.2894,1.2886,1.3134,1.327,1.3449
0,0,0,0,0,0,0,0,0,0,0,0,1.4783,1.489,1.5073,1.5284,1.5377,1.5236,1.5138,1.5101,1.4901,1.4653,1.4501,1.4426,1.4358,1.4266,1.4102,1.3949,1.3795,1.3651,1.3529,1.3446,1.3334,1.315,1.3159,1.3314,1.3413,1.3694,1.394,1.4017,1.394,1.5015,1.6242,1.6192,1.6034,1.594,1.5906,1.5932,1.5768,1.5695,1.5564,1.5562,1.5858,1.6126,1.6428,1.6692,1.668,1.6554,1.6407,1.6154,1.5774,1.5433,1.5185,1.4824,1.4382,1.4227,1.3892,1.3605,1.3396,1.3119,1.279,1.2552,1.2489,1.2539,1.26,1.2661,1.272,1.2791,1.2923,1.3032,1.3225,1.3311,1.3245
0,0,0,0,0,0,0,0,0,0,0,0,0,0,0,1.4653,1.4853,1.5053,1.5094,1.5082,1.5042,1.4873,1.472,1.4592,1.44,1.4164,1.3987,1.387,1.3788,1.3675,1.3588,1.3524,1.3441,1.3227,1.3187,1.328,1.339,1.3667,1.3858,1.412,1.4035,1.46,1.5622,1.5884,1.5762,1.5627,1.5651,1.5778,1.5644,1.5673,1.5421,1.556,1.5994,1.6248,1.6531,1.6905,1.6727,1.6474,1.6337,1.6028,1.5675,1.5352,1.5092,1.4865,1.45,1.4135,1.3792,1.3383,1.3144,1.2914,1.262,1.2423,1.2456,1.2533,1.2594,1.2633,1.2683,1.2809,1.3014,1.3199,1.3447,1.3533,1.3501
0,0,0,0,0,0,0,0,0,0,0,0,0,0,0,1.4299,1.4329,1.4466,1.4537,1.4531,1.4588,1.4687,1.4641,1.4389,1.4135,1.3886,1.3741,1.369,1.3677,1.3652,1.3592,1.3516,1.3361,1.3128,1.3046,1.3089,1.3213,1.3452,1.3632,1.3973,1.4146,1.4759,1.5562,1.5637,1.5454,1.5387,1.5642,1.5812,1.5781,1.5923,1.5684,1.5616,1.5936,1.616,1.6341,1.6574,1.6496,1.6291,1.6145,1.5821,1.5462,1.52,1.4963,1.4781,1.4579,1.4243,1.3794,1.3356,1.3032,1.2804,1.2605,1.2508,1.2495,1.2554,1.2626,1.2718,1.2846,1.3031,1.3281,1.3516,1.3629,1.3803,1.377
0,0,0,0,0,0,0,0,0,0,0,0,0,0,1.4386,1.4335,1.4298,1.4287,1.4274,1.4173,1.3998,1.3964,1.4035,1.4029,1.3912,1.3752,1.3646,1.3582,1.3559,1.3542,1.3515,1.3459,1.3318,1.3081,1.2855,1.2815,1.3117,1.3319,1.3572,1.3978,1.3993,1.455,1.5437,1.5532,1.53,1.5363,1.5701,1.5932,1.5903,1.6075,1.5983,1.5863,1.6005,1.6202,1.6226,1.6276,1.6215,1.602,1.5865,1.5554,1.5165,1.4929,1.4784,1.4615,1.4475,1.4287,1.3797,1.3282,1.2927,1.2709,1.2639,1.2584,1.257,1.2606,1.2721,1.2887,1.3079,1.3307,1.3597,1.3898,1.3679,1.3781,1.3817
0,0,0,0,0,0,0,0,0,0,0,1.4352,1.4326,1.4321,1.4313,1.4301,1.4275,1.4254,1.4233,1.4178,1.4045,1.3818,1.3609,1.3603,1.3697,1.3702,1.3623,1.3538,1.3481,1.3447,1.3424,1.3393,1.3348,1.3158,1.2888,1.2764,1.3196,1.3462,1.3728,1.4214,1.4321,1.4428,1.5195,1.5474,1.5278,1.5321,1.5588,1.5717,1.58,1.5817,1.5933,1.5874,1.593,1.6146,1.6202,1.6228,1.6126,1.5913,1.5714,1.5419,1.4988,1.4731,1.4624,1.4413,1.4244,1.4094,1.3724,1.3217,1.279,1.2642,1.2608,1.2602,1.2602,1.2675,1.2843,1.3047,1.3273,1.3466,1.3572,1.3626,1.3584,1.3715,1.3766
0,0,0,0,0,0,0,0,0,0,1.4266,1.4155,1.4134,1.4202,1.4229,1.4219,1.4203,1.4181,1.4148,1.4106,1.4056,1.3971,1.3794,1.3666,1.363,1.3645,1.3593,1.3469,1.3389,1.3352,1.333,1.3322,1.3314,1.3213,1.2993,1.3044,1.3385,1.3686,1.3937,1.4324,1.4392,1.4634,1.5266,1.5348,1.5096,1.509,1.5297,1.5448,1.5543,1.5483,1.5597,1.5679,1.5721,1.5954,1.6111,1.6109,1.6031,1.5832,1.5623,1.5399,1.5,1.4722,1.4564,1.4319,1.4038,1.3887,1.3598,1.3151,1.2772,1.2568,1.2509,1.253,1.2625,1.2761,1.2937,1.3164,1.3324,1.3372,1.3418,1.3459,1.3669,1.3883,1.3823
0,0,0,0,0,0,0,0,0,1.4067,1.4216,1.4241,1.4051,1.4029,1.4111,1.4142,1.4132,1.4122,1.4099,1.4057,1.4003,1.3958,1.3924,1.3853,1.3759,1.373,1.3692,1.3546,1.3377,1.3242,1.3213,1.3271,1.3353,1.3299,1.3203,1.3239,1.3487,1.3765,1.3955,1.4234,1.4205,1.4445,1.5114,1.5549,1.5219,1.4879,1.5033,1.521,1.5337,1.5299,1.5406,1.5555,1.5619,1.5819,1.5959,1.5939,1.5844,1.5712,1.5498,1.5221,1.4904,1.464,1.451,1.4303,1.4021,1.3815,1.3538,1.3103,1.27,1.2477,1.2369,1.2458,1.263,1.2803,1.2994,1.315,1.3216,1.325,1.3313,1.3549,1.383,1.4071,1.4007
0,0,0,0,0,0,0,0,1.4172,1.4247,1.43,1.4423,1.4329,1.4145,1.4043,1.4059,1.4072,1.4069,1.4072,1.4051,1.4006,1.3959,1.3934,1.3901,1.3846,1.3785,1.373,1.3639,1.3484,1.3298,1.3185,1.3231,1.3343,1.3433,1.3435,1.3442,1.3564,1.3841,1.3997,1.4226,1.4268,1.4698,1.4948,1.543,1.5398,1.5011,1.4874,1.5054,1.5229,1.532,1.5434,1.5508,1.5542,1.5698,1.5809,1.574,1.5643,1.5519,1.5301,1.4976,1.4674,1.443,1.4335,1.4173,1.3929,1.3749,1.3525,1.3068,1.2616,1.228,1.2319,1.2462,1.2624,1.2809,1.2967,1.3077,1.3132,1.3124,1.3233,1.357,1.3919,1.4162,1.4267
0,0,0,0,0,0,0,0,1.4296,1.4311,1.4356,1.4444,1.443,1.432,1.4192,1.4106,1.4027,1.3965,1.3952,1.3971,1.4004,1.3994,1.3962,1.3931,1.3893,1.385,1.3781,1.3696,1.358,1.3461,1.3382,1.3337,1.335,1.347,1.3584,1.3628,1.3768,1.3982,1.4182,1.4364,1.4418,1.4885,1.5314,1.5455,1.5427,1.5032,1.4933,1.4963,1.5157,1.5387,1.5525,1.5507,1.5455,1.5541,1.5617,1.5571,1.5445,1.53,1.5045,1.472,1.4443,1.4333,1.427,1.4079,1.381,1.3625,1.3378,1.2985,1.2545,1.231,1.2416,1.2547,1.2636,1.2835,1.2982,1.3062,1.3065,1.3006,1.3097,1.354,1.3967,1.4182,1.4405
0,0,0,0,0,0,0,1.4226,1.4291,1.4296,1.43,1.4382,1.4389,1.4337,1.4261,1.4192,1.4113,1.4015,1.39,1.3813,1.3898,1.3995,1.3992,1.3953,1.3936,1.3931,1.3901,1.3811,1.3698,1.3637,1.3598,1.3546,1.3524,1.3568,1.3684,1.381,1.4016,1.4207,1.4398,1.4601,1.4468,1.4528,1.5533,1.5724,1.5805,1.5281,1.506,1.5065,1.5152,1.5409,1.5578,1.5489,1.5391,1.5369,1.5363,1.5339,1.527,1.509,1.479,1.4487,1.4331,1.4292,1.427,1.412,1.3856,1.3641,1.3351,1.2933,1.2607,1.2503,1.2585,1.2682,1.2767,1.2932,1.3067,1.3045,1.2964,1.2908,1.2984,1.3502,1.3964,1.4122,1.4368
0,0,0,0,0,0,0,1.4235,1.4206,1.4257,1.4194,1.4258,1.4338,1.4355,1.434,1.4315,1.4258,1.418,1.408,1.4014,1.3988,1.4044,1.4112,1.4065,1.3958,1.4056,1.4059,1.3991,1.3915,1.3857,1.3823,1.3769,1.3747,1.3784,1.3856,1.4015,1.4249,1.4478,1.4636,1.4844,1.4533,1.4252,1.5496,1.5755,1.5869,1.5439,1.5164,1.5202,1.527,1.5431,1.5457,1.537,1.5296,1.5195,1.5107,1.5066,1.5091,1.4995,1.4618,1.4366,1.4259,1.4214,1.4186,1.4099,1.3886,1.368,1.3362,1.2931,1.2621,1.2524,1.262,1.2712,1.282,1.301,1.3066,1.2962,1.2866,1.2903,1.3093,1.3479,1.3837,1.395,1.4177
0,0,0,0,0,0,1.4343,1.4384,1.4315,1.4333,1.43,1.4232,1.4262,1.4329,1.4431,1.4507,1.4501,1.4443,1.4377,1.4333,1.4303,1.429,1.4312,1.4347,1.4283,1.4271,1.4368,1.4311,1.4221,1.4198,1.412,1.4032,1.3987,1.399,1.4086,1.4231,1.4429,1.4649,1.4858,1.4892,1.4594,1.452,1.5791,1.608,1.5761,1.5355,1.51,1.5317,1.5423,1.5427,1.5141,1.5009,1.5037,1.4935,1.4803,1.476,1.4857,1.4925,1.4599,1.4268,1.4161,1.4158,1.4076,1.3984,1.3841,1.3599,1.3219,1.279,1.2533,1.2486,1.256,1.2654,1.2774,1.2929,1.2954,1.2858,1.2858,1.3016,1.3223,1.3446,1.3642,1.3712,1.3916
0,0,0,0,0,1.4141,1.429,1.4372,1.4368,1.4381,1.4407,1.4369,1.4327,1.4319,1.4331,1.4425,1.4551,1.4643,1.465,1.4612,1.457,1.4543,1.4533,1.4559,1.4628,1.4628,1.4726,1.4822,1.4625,1.4594,1.4525,1.4332,1.4223,1.4233,1.4335,1.4472,1.4587,1.4725,1.4923,1.4801,1.4527,1.495,1.611,1.6415,1.5952,1.5551,1.5261,1.5486,1.5575,1.5341,1.4837,1.4496,1.4583,1.4532,1.4366,1.438,1.4599,1.4656,1.4507,1.4239,1.429,1.4315,1.4116,1.391,1.3795,1.3604,1.3196,1.2723,1.2493,1.2474,1.2513,1.2649,1.281,1.2909,1.2899,1.2823,1.293,1.3131,1.3313,1.341,1.3505,1.3409,1.3236
0,0,0,0,0,1.4226,1.4355,1.4445,1.4401,1.4423,1.4486,1.4476,1.4415,1.4457,1.4447,1.4428,1.4545,1.4665,1.473,1.4749,1.4732,1.4712,1.4717,1.4747,1.4839,1.4935,1.4985,1.5035,1.4953,1.4879,1.4816,1.462,1.4493,1.4533,1.4638,1.4725,1.4784,1.4853,1.4919,1.4746,1.4637,1.5367,1.6143,1.6468,1.6151,1.6005,1.5808,1.5828,1.5659,1.5266,1.4746,1.4265,1.4285,1.4258,1.4103,1.4117,1.4312,1.4323,1.4211,1.4214,1.4378,1.4635,1.431,1.3962,1.3786,1.361,1.3238,1.2789,1.2474,1.2427,1.258,1.2863,1.3003,1.3026,1.292,1.286,1.2958,1.3161,1.3367,1.3429,1.3399,1.2937,1.2137
0,0,0,0,1.4192,1.4238,1.4339,1.433,1.4257,1.4269,1.4338,1.4296,1.423,1.4287,1.4477,1.454,1.4623,1.4781,1.4907,1.4903,1.4874,1.4851,1.4863,1.495,1.514,1.5327,1.5288,1.5074,1.5031,1.5107,1.5084,1.492,1.4916,1.4966,1.4968,1.4961,1.4983,1.5023,1.4994,1.489,1.5104,1.5874,1.6202,1.6419,1.6169,1.6143,1.6295,1.6053,1.5618,1.5185,1.4794,1.4461,1.4293,1.4263,1.4202,1.4063,1.4232,1.4226,1.4264,1.4241,1.4206,1.4469,1.437,1.4043,1.382,1.3555,1.3161,1.2728,1.2464,1.2478,1.2723,1.3087,1.3281,1.3115,1.2882,1.2841,1.288,1.3023,1.3372,1.3415,1.332,1.2764,1.1702
0,0,0,0,1.4337,1.4386,1.4413,1.436,1.4288,1.4294,1.4291,1.4185,1.4076,1.4161,1.4379,1.4497,1.4524,1.4681,1.4906,1.5075,1.5089,1.5057,1.5029,1.5083,1.5312,1.5553,1.5348,1.5081,1.4971,1.5117,1.5384,1.5314,1.54,1.5463,1.5261,1.512,1.5117,1.5108,1.5053,1.5161,1.5499,1.6147,1.6342,1.6385,1.5989,1.593,1.625,1.585,1.5403,1.5036,1.4796,1.4606,1.4434,1.4444,1.4409,1.4221,1.4384,1.4375,1.4462,1.4463,1.4308,1.4371,1.4286,1.4066,1.387,1.3598,1.316,1.2699,1.2533,1.2589,1.279,1.3151,1.333,1.3124,1.2863,1.2769,1.2764,1.2784,1.3254,1.3306,1.3219,1.2751,1.17
0,0,0,0,1.4588,1.4624,1.4529,1.4427,1.4384,1.4388,1.4379,1.4292,1.4299,1.4413,1.4573,1.4623,1.4563,1.4607,1.4801,1.5023,1.5207,1.5264,1.5241,1.5214,1.5246,1.5276,1.5128,1.5049,1.4774,1.4875,1.5231,1.5345,1.5425,1.5446,1.5297,1.5156,1.5178,1.5182,1.5184,1.55,1.5765,1.61,1.6423,1.6071,1.5661,1.5557,1.5629,1.5305,1.4942,1.4786,1.4581,1.4536,1.4449,1.4483,1.4408,1.4182,1.435,1.4381,1.4477,1.454,1.4475,1.4496,1.4326,1.4161,1.3961,1.3685,1.3282,1.284,1.2548,1.2625,1.2801,1.2996,1.3136,1.31,1.2894,1.2786,1.2733,1.2708,1.3187,1.3178,1.2849,1.2347,1.1677
0,0,0,0,1.4729,1.4582,1.4432,1.4337,1.4217,1.4148,1.4117,1.4129,1.4234,1.4379,1.4483,1.4515,1.451,1.4579,1.4733,1.4953,1.5173,1.5353,1.5356,1.528,1.5203,1.5168,1.5204,1.522,1.5123,1.5227,1.5307,1.528,1.5278,1.5252,1.5157,1.5076,1.5138,1.5306,1.5524,1.5945,1.6065,1.6075,1.6133,1.5619,1.5317,1.5281,1.5266,1.4903,1.4622,1.4526,1.4285,1.4368,1.432,1.4339,1.4185,1.4016,1.4275,1.4308,1.4403,1.4493,1.4521,1.4504,1.4364,1.4223,1.4064,1.3719,1.3362,1.2974,1.2637,1.2613,1.279,1.2888,1.2984,1.305,1.3031,1.2915,1.2762,1.2802,1.3222,1.307,1.27,1.2127,1.1463
0,0,0,0,1.4833,1.461,1.4422,1.4303,1.4065,1.3866,1.3917,1.402,1.4123,1.4211,1.4259,1.429,1.4388,1.457,1.4722,1.4881,1.5093,1.5307,1.5408,1.5309,1.5209,1.5192,1.5233,1.5278,1.53,1.5216,1.5162,1.5166,1.5189,1.5186,1.5102,1.4993,1.5001,1.5301,1.5815,1.6115,1.6239,1.603,1.5791,1.5276,1.5136,1.5017,1.5019,1.4865,1.4609,1.4441,1.4304,1.4323,1.4271,1.4319,1.4191,1.4188,1.4332,1.4337,1.439,1.4439,1.4538,1.4533,1.4376,1.4216,1.4005,1.3679,1.3355,1.3075,1.2839,1.2749,1.284,1.2904,1.2976,1.3104,1.3193,1.3012,1.2685,1.2796,1.3224,1.3018,1.2723,1.2167,1.1456
0,0,0,1.4693,1.506,1.4883,1.4685,1.447,1.4145,1.3928,1.3918,1.4023,1.4109,1.4178,1.4255,1.4391,1.4593,1.4765,1.4854,1.4907,1.5055,1.5202,1.5237,1.5167,1.5143,1.515,1.516,1.5187,1.5149,1.5048,1.5113,1.5159,1.5125,1.5121,1.5114,1.5074,1.5026,1.5169,1.5642,1.5972,1.6013,1.5718,1.5599,1.5232,1.5022,1.4878,1.4868,1.4804,1.46,1.4486,1.4402,1.4311,1.4176,1.4295,1.4411,1.4412,1.4361,1.4343,1.4377,1.432,1.447,1.4621,1.4425,1.4211,1.3951,1.3596,1.3309,1.3169,1.3054,1.2963,1.2973,1.3036,1.3095,1.3193,1.3248,1.2918,1.2497,1.2635,1.3131,1.3017,1.2747,1.2253,1.1549
0,0,0,1.4603,1.5053,1.5059,1.4761,1.4405,1.4124,1.3974,1.3906,1.3945,1.4016,1.4096,1.4221,1.4441,1.4709,1.4945,1.5033,1.5109,1.5205,1.5229,1.5169,1.5135,1.514,1.5138,1.5157,1.5203,1.5211,1.5252,1.5288,1.5216,1.5232,1.5288,1.5316,1.5303,1.5182,1.5125,1.5411,1.5619,1.5487,1.5326,1.5286,1.5115,1.4903,1.4809,1.4792,1.4652,1.4515,1.443,1.4415,1.4232,1.398,1.4141,1.4443,1.4433,1.4309,1.4303,1.4272,1.4145,1.4284,1.4561,1.4465,1.4247,1.3963,1.3557,1.3264,1.3184,1.3189,1.313,1.3133,1.3205,1.325,1.3243,1.3079,1.2656,1.2307,1.2604,1.3074,1.3166,1.3026,1.251,1.1426
0,0,1.373,1.4615,1.4998,1.5068,1.4721,1.4329,1.4008,1.3893,1.3831,1.3819,1.3888,1.4009,1.414,1.4376,1.4651,1.4941,1.5161,1.5242,1.5234,1.5145,1.5092,1.5123,1.5174,1.5193,1.5228,1.5278,1.5302,1.5274,1.5148,1.5087,1.5154,1.5187,1.5155,1.5118,1.5083,1.5114,1.5189,1.5214,1.5113,1.504,1.4991,1.4856,1.4691,1.4651,1.4514,1.4269,1.4234,1.4211,1.4283,1.4225,1.3887,1.3943,1.4167,1.4261,1.4214,1.4255,1.4231,1.4049,1.4125,1.4397,1.4479,1.4225,1.3897,1.3509,1.3173,1.3089,1.3161,1.3175,1.3227,1.3359,1.3326,1.3212,1.2958,1.245,1.2312,1.2801,1.3188,1.3358,1.3573,1.244,1.1004
0,0,1.3344,1.4748,1.5042,1.501,1.4666,1.4269,1.3928,1.3776,1.3737,1.377,1.3887,1.4021,1.4157,1.4317,1.4569,1.4895,1.5257,1.5407,1.5245,1.5072,1.5071,1.5138,1.5186,1.5229,1.5282,1.5308,1.5223,1.5107,1.4999,1.4995,1.5027,1.4987,1.4956,1.4946,1.4916,1.4927,1.4959,1.4943,1.4838,1.4792,1.4762,1.4557,1.438,1.4318,1.4114,1.3808,1.3849,1.3818,1.3906,1.3874,1.3604,1.3686,1.3834,1.398,1.4133,1.4199,1.4231,1.4103,1.41,1.4282,1.4314,1.4059,1.3733,1.3414,1.3138,1.3045,1.31,1.3131,1.3228,1.3331,1.3297,1.3168,1.2964,1.2521,1.244,1.291,1.3162,1.3344,1.3182,1.1877,1.0316
0,0,1.2945,1.4819,1.5029,1.4818,1.4506,1.415,1.3838,1.3587,1.3561,1.3661,1.3816,1.3923,1.401,1.4141,1.4373,1.4737,1.4981,1.4985,1.4839,1.4856,1.4923,1.4924,1.4992,1.5141,1.5189,1.5036,1.4942,1.4939,1.4913,1.4953,1.4965,1.495,1.5017,1.4999,1.485,1.4784,1.4819,1.4761,1.4629,1.4621,1.4599,1.433,1.4018,1.3937,1.3801,1.3644,1.3597,1.3519,1.3507,1.3399,1.3274,1.3482,1.356,1.3882,1.4059,1.4095,1.4107,1.408,1.4071,1.4066,1.3987,1.382,1.3537,1.3299,1.3106,1.305,1.3097,1.3164,1.3276,1.3326,1.3261,1.3097,1.2892,1.2612,1.2524,1.275,1.2937,1.3199,1.2853,1.1504,0.92015
0,0,1.2481,1.4528,1.4971,1.4717,1.4362,1.402,1.3695,1.3377,1.3266,1.3434,1.3548,1.3578,1.3693,1.3913,1.4256,1.457,1.4597,1.4487,1.4548,1.4581,1.4462,1.4422,1.4612,1.4724,1.4664,1.4594,1.4683,1.4784,1.4825,1.4886,1.4864,1.4917,1.5043,1.4908,1.4727,1.4763,1.471,1.4572,1.4474,1.4458,1.4368,1.4091,1.3774,1.3663,1.3616,1.3508,1.3447,1.3413,1.3324,1.3234,1.3274,1.3394,1.3562,1.3942,1.4052,1.389,1.3898,1.3943,1.382,1.3755,1.3686,1.3557,1.3363,1.3146,1.2993,1.3016,1.3129,1.3235,1.3373,1.3382,1.3196,1.2975,1.2769,1.2567,1.2473,1.2507,1.2804,1.3426,1.3221,1.1047,0.83332
0,1.1208,1.2008,1.4091,1.4859,1.4655,1.4259,1.3921,1.3581,1.3323,1.3212,1.3306,1.3358,1.338,1.3554,1.3881,1.4239,1.4403,1.4293,1.432,1.4483,1.4409,1.4232,1.4189,1.4267,1.4265,1.4267,1.4381,1.4514,1.465,1.4805,1.4822,1.4722,1.4756,1.4675,1.4437,1.4463,1.4507,1.4391,1.4327,1.4297,1.4229,1.4078,1.3848,1.3653,1.3614,1.3513,1.3368,1.3354,1.3345,1.3234,1.3232,1.3299,1.3286,1.3507,1.3945,1.3808,1.3654,1.3629,1.3548,1.3421,1.3384,1.3433,1.3336,1.3154,1.2973,1.2959,1.3011,1.3136,1.3239,1.3288,1.3255,1.307,1.2855,1.266,1.2444,1.231,1.2391,1.2952,1.3651,1.2977,1.0387,0.7808
0,1.0721,1.2001,1.3934,1.4583,1.4497,1.4123,1.3793,1.3457,1.325,1.3213,1.3247,1.3256,1.3342,1.3531,1.3793,1.3941,1.3921,1.3798,1.3836,1.3951,1.4001,1.3971,1.3927,1.389,1.3947,1.4063,1.4229,1.4418,1.4687,1.4887,1.4786,1.4632,1.4568,1.4319,1.4144,1.4247,1.4078,1.4044,1.4166,1.4177,1.4032,1.384,1.3655,1.3543,1.3562,1.3387,1.3248,1.3245,1.3171,1.3071,1.3126,1.3093,1.3038,1.3226,1.3456,1.3453,1.3356,1.3268,1.3139,1.3,1.3041,1.3176,1.3162,1.3044,1.3089,1.3113,1.3071,1.3129,1.3127,1.3055,1.3008,1.2909,1.2722,1.258,1.2375,1.2326,1.2742,1.32,1.3118,1.1713,0.9295,0.60216
0,1.1943,1.1948,1.3707,1.4379,1.4266,1.4013,1.3704,1.3289,1.3063,1.3117,1.3084,1.3025,1.316,1.338,1.3569,1.3668,1.3644,1.3524,1.3409,1.3628,1.3802,1.3701,1.3484,1.3438,1.3628,1.3894,1.414,1.4399,1.4694,1.4787,1.4602,1.453,1.4468,1.4273,1.4229,1.4181,1.3941,1.3937,1.4083,1.4089,1.3846,1.3661,1.3476,1.3322,1.3247,1.3099,1.3028,1.2924,1.2793,1.2794,1.2796,1.2761,1.2746,1.2772,1.2931,1.304,1.3084,1.2957,1.2802,1.2772,1.276,1.2886,1.3054,1.3096,1.3257,1.3338,1.3222,1.315,1.3076,1.289,1.2804,1.2696,1.2526,1.2472,1.2575,1.2776,1.3117,1.3016,1.2122,1.0565,0.72648,0.29465
0,1.4842,1.2101,1.3155,1.4218,1.4148,1.3981,1.3694,1.3328,1.3185,1.3176,1.3071,1.2942,1.3006,1.3236,1.3403,1.3501,1.354,1.344,1.3465,1.3689,1.3804,1.3661,1.3451,1.3391,1.3591,1.3837,1.4027,1.4227,1.4355,1.4377,1.4295,1.4291,1.4313,1.4254,1.4226,1.4027,1.3832,1.3831,1.3866,1.3757,1.3557,1.3454,1.3231,1.2998,1.2882,1.2741,1.2659,1.2474,1.2359,1.2441,1.2419,1.2434,1.2559,1.2538,1.2533,1.2758,1.2896,1.2787,1.269,1.2668,1.2599,1.2755,1.2965,1.3065,1.3273,1.3427,1.3342,1.327,1.3129,1.2882,1.2731,1.2578,1.243,1.2484,1.2699,1.2989,1.2996,1.2609,1.1238,0.79954,0.39418,0.12244
0,1.4353,1.2352,1.2845,1.3867,1.4032,1.3906,1.3694,1.3428,1.337,1.3326,1.3142,1.3037,1.3038,1.314,1.3214,1.3302,1.3438,1.3422,1.3511,1.3753,1.3763,1.3707,1.3595,1.3543,1.3606,1.3732,1.3788,1.3859,1.3926,1.3914,1.3856,1.3892,1.4039,1.3999,1.3858,1.3746,1.3625,1.3533,1.3426,1.3294,1.3175,1.3043,1.2798,1.2635,1.2594,1.2496,1.2322,1.215,1.2151,1.2192,1.2126,1.2355,1.2492,1.2443,1.2357,1.2534,1.2724,1.2793,1.2726,1.265,1.2709,1.2819,1.2977,1.3048,1.3232,1.3374,1.3367,1.3269,1.3073,1.2837,1.2676,1.2495,1.2409,1.2485,1.2774,1.3007,1.2877,1.1404,0.7565,0,0,0
0,1.112,1.2502,1.2776,1.3563,1.3898,1.3953,1.3644,1.339,1.3344,1.3229,1.3074,1.3012,1.3007,1.2962,1.2955,1.3079,1.3244,1.3315,1.3419,1.3605,1.3676,1.37,1.3745,1.37,1.3535,1.3467,1.3507,1.3527,1.3505,1.3438,1.3372,1.3446,1.356,1.3511,1.3415,1.3353,1.3203,1.3087,1.2988,1.2884,1.2761,1.2565,1.2313,1.2388,1.2465,1.2335,1.2122,1.21,1.2086,1.2104,1.2232,1.2404,1.2496,1.2439,1.236,1.2404,1.2666,1.2822,1.2804,1.2824,1.2903,1.2988,1.3031,1.3109,1.3277,1.3344,1.3262,1.3122,1.2925,1.2739,1.2558,1.2351,1.2379,1.2615,1.2966,1.3133,1.1826,0.84035,0,0,0,0
0,0.69523,1.2201,1.2588,1.3336,1.4037,1.42,1.3756,1.343,1.3326,1.3172,1.3022,1.2953,1.2931,1.2849,1.2766,1.2965,1.3137,1.3175,1.324,1.3403,1.3574,1.3759,1.4092,1.4081,1.3708,1.332,1.3302,1.3237,1.3079,1.3003,1.2968,1.3045,1.31,1.3054,1.3034,1.2922,1.2738,1.2689,1.2711,1.2616,1.2416,1.2213,1.2262,1.2387,1.2404,1.2343,1.2218,1.2097,1.2139,1.2316,1.2452,1.2515,1.2526,1.244,1.2403,1.2517,1.2714,1.2843,1.2973,1.3049,1.3089,1.3049,1.3015,1.3097,1.3228,1.3183,1.3067,1.2983,1.2827,1.2683,1.251,1.2446,1.2676,1.3023,1.3263,1.2629,0.95569,0,0,0,0,0
0,0,1.1459,1.2189,1.3044,1.4124,1.439,1.3902,1.3605,1.347,1.3365,1.3232,1.3062,1.2945,1.2866,1.2855,1.2969,1.3062,1.3008,1.305,1.3207,1.3402,1.3703,1.4235,1.4533,1.4041,1.3484,1.3301,1.312,1.2795,1.2775,1.2813,1.2751,1.2783,1.2826,1.2783,1.2595,1.243,1.2563,1.2578,1.2432,1.2303,1.2307,1.2386,1.2468,1.2517,1.258,1.2414,1.2221,1.2385,1.2583,1.2662,1.2624,1.2601,1.252,1.2572,1.2711,1.2826,1.2917,1.3118,1.3226,1.3095,1.299,1.2968,1.2986,1.301,1.2942,1.2881,1.2894,1.2766,1.2644,1.2673,1.2878,1.3217,1.3449,1.282,1.1126,0.81827,0,0,0,0,0
0,0,0.9516,1.1025,1.2396,1.3538,1.4191,1.3903,1.3692,1.3695,1.3696,1.3538,1.3298,1.3008,1.2875,1.2882,1.2945,1.2858,1.2787,1.2859,1.3039,1.3222,1.348,1.402,1.4411,1.4003,1.3563,1.3402,1.3168,1.2893,1.2825,1.2778,1.2618,1.272,1.2753,1.2635,1.2539,1.253,1.2568,1.2534,1.2479,1.2432,1.2414,1.2496,1.2581,1.2679,1.282,1.2658,1.2525,1.2661,1.2742,1.2738,1.2711,1.2657,1.2592,1.2706,1.2791,1.2772,1.2904,1.3078,1.3097,1.2949,1.2879,1.2884,1.2879,1.2857,1.2858,1.2999,1.3032,1.2825,1.2752,1.2952,1.3237,1.3261,1.2846,1.1447,0,0,0,0,0,0,0
0,0,0,0.86637,1.0838,1.2297,1.341,1.3443,1.338,1.3556,1.3846,1.3717,1.3413,1.3107,1.2861,1.2852,1.2854,1.2658,1.255,1.2704,1.2899,1.3068,1.3188,1.3509,1.3755,1.3678,1.3418,1.3393,1.3228,1.3013,1.2938,1.2841,1.2761,1.279,1.2766,1.2712,1.2693,1.2664,1.2644,1.2633,1.2624,1.2579,1.2503,1.2545,1.2661,1.277,1.28,1.2758,1.273,1.2707,1.2633,1.2716,1.264,1.2504,1.2522,1.2569,1.2516,1.2516,1.2716,1.2827,1.2806,1.2774,1.2842,1.2828,1.2801,1.2867,1.3008,1.3195,1.3248,1.2963,1.2913,1.3009,1.262,1.1525,1.0619,0.9649,0,0,0,0,0,0,0
0,0,0,0.52341,0.81552,1.0282,1.1405,1.2278,1.2619,1.2826,1.3129,1.3425,1.3455,1.3173,1.2948,1.2926,1.2901,1.2639,1.2405,1.2628,1.2792,1.2914,1.2967,1.3036,1.318,1.3182,1.318,1.3228,1.3174,1.3033,1.2961,1.2891,1.2857,1.2894,1.2857,1.2848,1.284,1.2743,1.2738,1.2753,1.2724,1.2581,1.2505,1.2567,1.2642,1.2609,1.2615,1.2674,1.2568,1.2432,1.2389,1.2408,1.2284,1.2193,1.2247,1.2192,1.2131,1.2253,1.2524,1.2599,1.2655,1.2837,1.2965,1.2899,1.2827,1.2934,1.308,1.3087,1.2913,1.2741,1.2699,1.2298,1.1083,0.92292,0.82442,0.80959,0,0,0,0,0,0,0
0,0,0,0,0,0,0.86244,0.98542,1.0994,1.1684,1.2045,1.2511,1.3028,1.3148,1.3015,1.3038,1.3123,1.2853,1.2562,1.26,1.2726,1.2731,1.2748,1.2729,1.277,1.2876,1.303,1.3068,1.3028,1.2918,1.2856,1.2859,1.2813,1.2836,1.292,1.2905,1.2769,1.2665,1.2758,1.2771,1.2537,1.2424,1.2412,1.2414,1.2366,1.2344,1.2374,1.2363,1.2216,1.2126,1.2121,1.2041,1.1933,1.2007,1.206,1.1871,1.2063,1.2341,1.2517,1.258,1.2753,1.2972,1.3019,1.2887,1.2825,1.2866,1.2786,1.2621,1.2451,1.2366,1.2198,0,0,0,0,0,0,0,0,0,0,0,0
0,0,0,0,0,0,0.55639,0.60887,0.73255,0.89119,1.037,1.1175,1.1782,1.2486,1.2868,1.291,1.3168,1.3121,1.2828,1.2657,1.2679,1.2615,1.256,1.2551,1.253,1.266,1.2848,1.2888,1.2778,1.27,1.2672,1.2623,1.2516,1.2628,1.2857,1.2619,1.2459,1.2452,1.2489,1.2362,1.2192,1.217,1.2152,1.2101,1.2044,1.2169,1.2193,1.2102,1.2016,1.2135,1.2089,1.1891,1.2079,1.2196,1.2161,1.2147,1.2357,1.2546,1.2499,1.2532,1.2733,1.2839,1.268,1.2649,1.2622,1.2488,1.2267,1.2211,1.2283,1.2296,1.223,0,0,0,0,0,0,0,0,0,0,0,0
0,0,0,0,0,0,0.35883,0.42686,0.37544,0.39535,0.60749,0.87105,1.0091,1.0903,1.1873,1.2481,1.2673,1.3129,1.3031,1.2748,1.2671,1.2582,1.2506,1.2574,1.2463,1.2437,1.261,1.2604,1.2472,1.2412,1.2333,1.2201,1.2098,1.2298,1.2362,1.2125,1.2064,1.2123,1.206,1.1892,1.1935,1.2007,1.1877,1.1867,1.2145,1.2323,1.222,1.2248,1.242,1.247,1.2295,1.2251,1.2463,1.2414,1.2349,1.2448,1.253,1.233,1.2197,1.2275,1.2299,1.2243,1.2151,1.2305,1.2387,1.2222,1.217,1.2478,1.2578,1.2463,1.2675,0,0,0,0,0,0,0,0,0,0,0,0
0,0,0,0,0,0,0,0.3284,0.36333,0.41052,0.27512,0.29652,0.73079,0.90531,0.9875,1.0976,1.1839,1.2342,1.291,1.2645,1.2605,1.2644,1.2623,1.2867,1.2737,1.2411,1.2475,1.2348,1.2153,1.2198,1.1944,1.1768,1.2002,1.2191,1.2059,1.1877,1.2113,1.2001,1.1736,1.1859,1.2093,1.2081,1.1932,1.2105,1.2371,1.2309,1.2121,1.2446,1.263,1.2237,1.2139,1.2224,1.2203,1.2063,1.2137,1.2273,1.2033,1.1773,1.1787,1.1911,1.1756,1.1787,1.2029,1.2233,1.2317,1.2386,1.2665,1.3111,1.3159,1.2981,1.3094,0,0,0,0,0,0,0,0,0,0,0,0
