7866.9,8210.8,6869.2,4369.4,2282,721.1,0.24656,0,0,0,531.22,2725.2,5200.3,6161.4,6738.9,7191.6,7570.7,7662.4,7736.3,7962,8182.9,8123.2,8003.1,8045.4,8114.4,8099.7,8052.1,8026.9,8025.6,8028.2,8042.7,8046.7,8050.9,8046.3,7986.4,7928.2,7938,7945.5,7900.2,7849.3,7831.1,7799.7,7707.4,7610.9,7506.6,7386.1,7227.2,7073.4,6982.8,6870.2,6811.2,6954.9,7043.5,6926.3,6850.1,6876.6,6896.5,6889.9,6886.9,6876.8,6862.4,6845.5,6840.8,6893.6,6958.1,6985.2,6992.8,7130.9,7360.3,7522.3,7593.9,7688.6,7864.8,8025.6,8091.4,8128.9,8178.6,8213.2,8202,8195.9,8216.7,8220.5,8208.7,8220.9,8274.6,8332.8,8321.8,8269.8,8260.3,8281.6,8270.6,8241.3,8241.5,8274.3,8306.3,8333.4,8341.1,8323.2,8306.7,8294.6,8267.5,8206,8175.1,8227.9,8273.2,8245.9,8202.3,8217,8246.8,8225.1,8193.6,8198.2,8221,8223.3,8202.2,8175.2,8149.9,8112.6,8083.3,8065.4
7827.5,8055.2,8088.3,5176.9,2211.7,1014.2,56.974,0,8.2168,1126.5,4217.9,6690.2,7661.4,7636.6,7365.6,7468.7,7793.7,7977.6,7964.2,7967.4,8084.5,8190.6,8130.6,8048.1,8038.7,8078.6,8092,8062.7,8026.1,7999.9,8004.5,8030.6,8045.4,8039.4,8050.4,8042.1,7968.5,7926.1,7933,7920.8,7874.7,7824.4,7786.3,7740.2,7662.4,7533.9,7383.9,7236,7082.7,6973.3,6771.4,6738.1,6928.4,6950.9,6870,6851,6873.1,6887.7,6888.7,6879.8,6870,6867,6871.8,6884.2,6936.3,7002.4,7044.6,7049.3,7100.9,7322.4,7545.7,7600.9,7614.1,7677.3,7882.1,8071.3,8109.6,8141.6,8186.9,8210,8202.3,8200.2,8199.1,8196.6,8233.1,8286.8,8354.4,8345.7,8249.4,8232.6,8279.2,8298.8,8294.2,8305.3,8329.1,8341,8342.8,8346,8342.2,8342.2,8310,8255.7,8237.6,8252.4,8271.5,8281.6,8252.1,8223.3,8232.7,8242.7,8235.2,8231.1,8238.3,8242.2,8226,8187.7,8145.9,8091.5,8057.6,8090.4
7812.7,7909.6,7952.9,6677.8,3643.8,1520.5,512.18,0,59.311,2487.7,6337.3,7651.6,7862,7963,8005.8,7938.2,7955.6,8051.9,8049.1,8006.1,7998.9,8064,8127.4,8105.6,8071.1,8060,8073,8068.9,8045.1,8012.8,8001.7,8013.6,8037.7,8058.1,8047.3,8036,8060.7,8006.3,7950.3,7937.6,7915,7874,7826.5,7771.2,7728.3,7690.7,7540.9,7323.4,7147.4,7036.6,6924.8,6796.3,6838.2,6869.8,6837,6830.6,6839,6878.2,6894.7,6876.3,6863.7,6875.4,6894.1,6922.5,6955.7,7027.5,7114.1,7160.9,7143.5,7170.3,7369.8,7577.8,7663.7,7668,7685.7,7848.6,8053.1,8118.3,8140.9,8175.2,8205.6,8216.4,8230.1,8229.6,8212.6,8258.5,8318.6,8376.2,8342.2,8249.4,8257.3,8314.8,8336.5,8332,8328.2,8321,8315.4,8330,8349.3,8362.3,8369.1,8321.2,8267.4,8262.2,8269.7,8273.8,8274.7,8261.2,8253.1,8251.2,8243.9,8242.6,8247.7,8245.7,8226.3,8191.7,8152.9,8116.1,8074.7,8070.3
7912.7,7883.2,7933.5,7893.4,5414.3,2356.6,1005.1,731.27,2628.1,5743.5,7458.9,7834.6,7943.1,8003.9,8001.4,8005.7,8042.3,8095.3,8140,8094.1,8037.3,8015.2,8038.3,8063.4,8072.3,8079.2,8094.1,8082,8055.4,8026.4,8013.5,8017.1,8037.8,8061.1,8083.5,8066.2,8018.1,8029.8,8020.5,7975.7,7954.7,7910.8,7854.2,7797.3,7735.7,7700.8,7708,7422.1,7116.3,7048.4,6976,6882.3,6890.6,6876.6,6870.5,6853.5,6798.2,6830.3,6895,6894.3,6893.3,6915.1,6939.9,6969.2,7010.2,7060.7,7126.8,7202.8,7220.3,7216.3,7281.5,7451.6,7612.6,7708.2,7753.9,7814.8,7945.5,8090.1,8138.2,8150.7,8180.8,8233.8,8270.4,8283.1,8270.7,8239.4,8286.2,8336.6,8380.2,8327.3,8254.6,8280.4,8323.9,8329.1,8323.9,8315.5,8310.1,8319.8,8349.2,8371.4,8360.4,8322.4,8292.1,8288.8,8282.7,8276,8272.8,8267.4,8271.7,8282,8271.2,8253.8,8253.1,8261.1,8239.4,8182.2,8147.5,8150.9,8117.3,8080.9
7945.5,7836.8,7875.1,8054.2,7174.5,4003.3,1637.8,2472.4,4824.8,6679.5,7629.6,7903.8,7992.8,8026.7,8045.8,7994.2,7953.8,7972.2,8010.8,8046.6,8049.5,8029.6,8018.7,8029.3,8040.6,8056.9,8072,8084.7,8062.5,8030.7,8003.7,8009.7,8038.7,8078.2,8104.2,8100.6,8027.2,7967.7,7995.2,7992,7985.8,7932.9,7866.7,7812.5,7750.9,7676.9,7674.9,7592.8,7118.7,7070.6,7020,6892.3,6893.8,6871.5,6901.7,6942.4,6840.7,6776.5,6845,6902.9,6927.7,6961.1,6982.8,6993.8,7002.2,6999.3,7004.7,7081.2,7159.4,7220.7,7296.9,7416.5,7564.7,7690.8,7784.3,7868.3,7962.6,8048,8113.8,8132.5,8141.8,8197.1,8278.1,8298.2,8283.6,8258.1,8267.5,8317.2,8373.1,8410.1,8328.1,8254,8288.7,8316.8,8322.4,8328.2,8338.2,8357.8,8384.2,8400,8398.9,8367.4,8325.2,8296.4,8262.4,8262.1,8272.9,8262.5,8260.6,8289.5,8313,8279.6,8241.9,8248.8,8262.9,8198.2,8124.3,8173.4,8146.8,8096
7968.7,7859.2,7827,7967.5,7964,5681,2485.2,3620,5787.5,7153.5,7753,7955.5,8025.6,8040.5,8037.4,8047.6,8042.8,7996.7,7941.3,7930.3,7961.6,7990.8,8002,8016.3,8041.4,8062.3,8063.9,8059.2,8050,8024.5,7995.4,7985.3,8024.7,8096.1,8123.3,8105.5,8015.3,7906.6,7919.2,7969.5,7952.8,7907.4,7849.7,7804.1,7756.6,7683.7,7622.7,7527.5,7145.2,7047.6,7054.1,6958.2,6927,6865.2,6864.6,6928.7,6884.6,6790.1,6800.5,6867.2,6902.7,6951.8,6998.7,7001.8,6998.5,6975.6,6953.2,7004.4,7106.2,7212,7347.8,7492.9,7621.5,7727.6,7822,7914.1,8009.9,8081.6,8113.8,8138.8,8143.6,8152,8208.3,8258.4,8258.5,8257.1,8256.7,8295.1,8371.4,8425.6,8414,8322.4,8290.7,8309.2,8317.7,8326.3,8337.7,8355.5,8365.6,8369.1,8372.8,8377.9,8370.3,8365.8,8290.2,8215.8,8247,8260.5,8242.3,8257.3,8314.1,8324.4,8258.3,8216.5,8246.8,8242.9,8212.7,8231,8192.5,8086.4
7990.1,7904.7,7858.3,7913.6,7994.9,7533.4,5654.6,5515.6,7028.3,7407.6,7740.7,8017.7,8075.5,8070.9,8053.7,8033.7,8066.1,8110.9,8103.6,8033.3,7975.8,7946.9,7951.8,7980.8,8018.2,8058.1,8086,8064.8,8033.6,8003.9,7978.1,7952.6,7996.7,8085.5,8118.2,8074.7,7990,7877.8,7861.1,7932,7936.1,7875.7,7812.1,7790.4,7779.6,7726.2,7635.7,7376.9,7099.6,7026.5,7013.2,6967.2,6955.7,6883.7,6836.7,6874.3,6894.5,6849.1,6843.6,6861.4,6836.1,6896.4,6982.7,6996.6,6984.2,6980.3,6995.6,7034.4,7129.6,7231.8,7383.7,7542.3,7655.3,7736,7826.4,7914.4,7993.7,8071.7,8122.2,8173.6,8175.4,8162,8195.9,8243.6,8268.7,8287.7,8275.6,8267.1,8356.1,8417.6,8462.8,8403.5,8325.6,8308.3,8309.9,8321.5,8338,8353.6,8350.9,8338,8345.9,8353.7,8358.8,8382.6,8356.1,8230.1,8198.9,8244,8238.2,8212.4,8269.5,8342.3,8292.3,8210.2,8210.4,8234.8,8265.1,8279.5,8224.6,8128.6
7932.3,7903.2,7884.6,7887.2,7909.3,7879.8,7481.1,7071.5,7145.3,7460.4,7746.7,7962.1,8038.3,8011.4,8022.9,8019.1,8009.5,8047.6,8131.7,8211.3,8125.7,8055.6,8001.6,7977.4,7978.6,8019.3,8071.6,8095.7,8044.7,7984.1,7950.6,7942.8,7989.8,8073.3,8104.8,8051.7,7958,7877.2,7853.7,7904.8,7927.1,7872.9,7813.3,7796.2,7809.9,7768.8,7634.9,7323.3,7089,7042.1,7004,6978.1,6943.1,6872.5,6848.1,6867.5,6904.5,6916,6942.6,6937.7,6859.8,6882.8,6942,6956.7,6950.1,6956.1,6999.1,7043.9,7120.2,7222.8,7338.4,7456.5,7554.2,7669.1,7798.1,7917,7989.2,8066.8,8121.5,8159.4,8180.8,8212.4,8252.5,8265.2,8263,8274.1,8280.9,8289.3,8351.9,8412.2,8443.2,8425.5,8332.2,8273.4,8288,8310.4,8334.4,8357.2,8365.7,8373.9,8384.2,8362.6,8326.7,8361,8413.6,8296.4,8154.9,8215.5,8265,8250,8256.3,8305.9,8310.6,8232.9,8193,8233.7,8274.7,8285.7,8230.8,8168.5
7884.9,7881.3,7879.8,7891.3,7881.2,7869.4,7912.6,7517.5,7171,7465.8,7726.2,7879.5,7915,7891.4,7918.8,7977.9,7981.3,7982,7989.9,8021.3,8066.4,8079.9,8082.5,8047.9,7998.7,7978.3,8014.6,8070.4,8072.5,8015.8,7974,7984.5,8026.8,8087.3,8102.6,8033.7,7940,7882,7860.9,7884,7919.7,7880.4,7805.8,7780.4,7770.5,7681.8,7516.4,7278.6,7075.6,7080.1,7070,7036.2,6967.7,6899.1,6898.3,6903.9,6927.5,6945.4,6949.9,6909.8,6893,6940.4,6949.9,6931.6,6941.4,6965.8,6998.7,7026.4,7084.9,7204.8,7330.1,7440.1,7557.9,7684.9,7806.6,7917.5,7998.4,8085.5,8126.6,8139.9,8181.5,8239.4,8267.7,8240.2,8204.6,8225.4,8256.1,8293,8334.5,8365.8,8388,8404.8,8338.6,8267.4,8276.5,8304.7,8328.7,8349.7,8369.7,8394,8418.1,8390.7,8351,8360.9,8424.3,8408.4,8272.9,8236,8287.1,8299.5,8293.6,8308,8337.2,8294.8,8228.6,8262.3,8292.9,8253.4,8195.5,8181.4
7852.3,7844.8,7835.3,7818.2,7787.8,7808.7,7918.3,7817.1,7497.1,7417.8,7655.6,7892.5,7917.7,7850,7816,7878.4,7939.7,7950.2,7956.5,7930.7,7891.4,7903.3,7946.9,7985.9,8019.5,8002.7,7970.9,8010,8054.5,8044,8015.5,8032.8,8084.2,8128.1,8100.9,8010,7925.1,7877.9,7856.9,7855,7899.4,7853.5,7777,7733.5,7678.1,7568.9,7402.7,7233.9,7129.8,7128.1,7129.7,7055.8,6974.4,6947.7,6952.6,6926.3,6904.2,6942.9,6937.8,6849,6872.1,6949.6,6964.1,6936.9,6938.2,6973.2,7003.5,7052.3,7138.8,7254.8,7355.8,7486.7,7619,7734.6,7829.2,7923.3,8008.2,8093.5,8141.5,8177.4,8219.9,8254.3,8258.8,8222.1,8209.4,8233.5,8232.6,8270.7,8314.4,8331,8344.5,8398.3,8419.3,8340.7,8287.2,8305.5,8320.3,8337.3,8356.1,8374.1,8388.2,8388.7,8376.1,8382.1,8440,8483.9,8376.1,8283.3,8313.8,8339.9,8330.1,8331.3,8373.5,8373.2,8293.9,8272.5,8252.6,8184.6,8139.7,8183.5
7809.6,7791.9,7769.8,7739.7,7719.1,7739.2,7792.7,7736.7,7577.5,7503.3,7606.8,7815.6,7963.9,7911.2,7860.9,7865.2,7891.7,7908.3,7919.9,7931.9,7927.9,7913.1,7895.6,7895.7,7916.3,7980.5,7991.6,7976.5,8005.7,8041.9,8049.8,8082.6,8154.9,8144.7,8056.6,7978.7,7911.3,7891.2,7858.8,7808.8,7807.5,7773.6,7728.9,7703.3,7597.3,7452.5,7289,7145.4,7133.5,7126.2,7125.2,7052.7,6945.2,6938.7,6941.7,6884.7,6831.1,6901.8,6931.7,6875.1,6884.4,6948.3,6973.3,6944.3,6946,6957.9,6972.8,7081,7223.6,7303.8,7358.1,7466.9,7588.4,7697.5,7810.7,7929.6,8014.5,8095.3,8157.9,8209,8241.4,8268.6,8283.2,8282.4,8292.7,8274.8,8235.6,8262.3,8304,8307.5,8296.1,8381.7,8490.9,8421,8336,8323.4,8308.9,8310,8333.3,8353.5,8366,8376.2,8383.5,8393.4,8412.7,8421.1,8381.7,8342.6,8354.8,8377.5,8368.6,8355.1,8377.4,8373.3,8314.9,8278.7,8219.3,8172.1,8173.5,8235.2
7765.6,7745.4,7723.8,7709,7734.6,7804.9,7825.1,7661.4,7507.2,7534.7,7611.5,7733,7842.1,7903.8,7897.9,7908.8,7920,7895.7,7873.6,7888.1,7908.1,7926.6,7937.7,7942.6,7942.1,7925.8,7966.2,7994.4,7989.1,8009.7,8059.5,8115.3,8130.7,8076.7,7998.9,7955.3,7928,7913.2,7845.6,7759.2,7729.7,7700.2,7675.9,7646.7,7532.2,7361,7230.6,7144.7,7125.9,7098.5,7097.5,7026.5,6923.8,6888.8,6890.7,6861.9,6828.8,6868.9,6882.9,6874.1,6902.5,6926.1,6919.4,6924.7,6959.8,6962.4,6977.8,7106.3,7236.3,7292,7322.2,7427.6,7574.7,7732.8,7871.3,7980.9,8060.5,8136.6,8181.4,8208.4,8242.3,8284.6,8311.8,8314.9,8310.9,8285.7,8268,8280,8300.8,8306.2,8294.1,8338.4,8435.5,8453.2,8405.7,8372.2,8323,8290.3,8321.7,8362.9,8376.9,8378.5,8387.5,8404.8,8404.6,8378.5,8369.5,8393.3,8409.8,8399.3,8386.3,8394.7,8387,8334.8,8303.5,8293.7,8253,8228.5,8216.6,8259.4
7742.4,7724.7,7699.5,7669.4,7701.2,7784,7832,7700.6,7545.9,7514.1,7628.6,7750,7815.7,7845.7,7861.8,7888.3,7909,7898.1,7878.2,7872.7,7887.7,7904.6,7894,7889.5,7945.1,7984.8,7966.2,7981.9,8014.6,8011.5,8040,8068.1,8054.7,7992.9,7950.1,7949.2,7927.8,7885.6,7818.7,7739.1,7695.7,7665.8,7634.9,7591.5,7494.2,7350.1,7244.9,7185,7134.6,7056.8,7006.5,6940.6,6876,6856.2,6879.6,6889.6,6879.5,6880.8,6875.1,6888.3,6917.1,6917.4,6887.2,6915.1,6957.8,6988,7038,7140.4,7234,7297.9,7373.3,7542.4,7767.3,7949.1,8012.4,8057.4,8116.6,8175,8201.3,8230.4,8267.6,8284.1,8283.5,8285.3,8286.4,8287.9,8292.3,8301.4,8322.5,8340.5,8330.1,8327.4,8385.9,8423.1,8391.5,8348.7,8306.2,8278.8,8311.5,8372.1,8397.3,8396.1,8407.4,8426.3,8433.3,8426.1,8431.7,8460,8480.1,8436.4,8390.6,8405.2,8419.6,8352.9,8300.1,8291.3,8287.7,8277.7,8202.2,8211.9
7700.7,7704.7,7684,7659.7,7655.3,7691.5,7718.9,7685.1,7577.9,7513.9,7599,7724,7816.8,7842.3,7852.1,7861.9,7860.6,7846.2,7838.5,7855.1,7879.5,7893.1,7902,7853.3,7814.8,7886.2,7999.8,7989.9,8005.8,8045.3,8057.5,8021.4,7971.7,7921.9,7901.2,7906.9,7871,7832.5,7804.6,7735.8,7672.5,7635.7,7570.8,7503.3,7437.9,7324.3,7221.2,7175.6,7147.8,7034.2,6933.1,6879.7,6866,6873.1,6892.6,6898,6890.6,6907.7,6905.1,6904.3,6912.9,6897.5,6904,6939.4,6961.1,6986.4,6987,7034.7,7171,7307.3,7452.7,7670.4,7936.9,8122.6,8126.8,8128.1,8151.4,8173.3,8224.2,8302.9,8312.2,8274.3,8255.3,8276.2,8300.8,8313.6,8316.8,8321,8340.9,8354.6,8347.3,8346.7,8363.5,8363.4,8331.3,8296.1,8283.8,8285,8303.7,8367.6,8415.7,8428.1,8446.4,8454.9,8459,8459.5,8452.4,8448.4,8436.7,8397.6,8359.2,8375.8,8426.3,8391.7,8328.7,8340.1,8358.7,8327.1,8213.1,8196.9
7665.9,7671.1,7660.3,7646.3,7640.3,7647.9,7649.9,7638.6,7612.5,7606.2,7632.5,7704.6,7777.9,7830.2,7848.4,7862,7864,7834.9,7803.8,7817.8,7864.2,7899,7902.2,7892.6,7815.4,7751.3,7841,7956.8,7990.5,7996.5,8023.3,7989,7933,7871.6,7838.9,7853.6,7814.1,7822,7806.9,7741,7660.7,7596.2,7506.3,7413,7371.6,7291.9,7151.3,7120.7,7146.9,7028.7,6931.9,6891.2,6874.3,6892.5,6903.4,6866.9,6871,6923.7,6925.6,6920.9,6900.7,6863.6,6917,6966.4,6992.2,7007.9,6926.7,6950.9,7160.8,7337.8,7460.6,7677.5,8012.2,8255.4,8233.4,8207.5,8191.2,8175.2,8221.4,8306,8307.7,8268.4,8265.3,8294.6,8322.8,8333.5,8334.1,8342.9,8348,8335.6,8324.6,8354.3,8385.4,8349.6,8317,8333.5,8368.7,8352.8,8322.3,8365.5,8416.5,8443.1,8462.2,8468.1,8473.6,8450,8411.8,8387,8373.7,8372.5,8380.2,8404.3,8443.1,8441.9,8386.1,8394.1,8428.5,8365.4,8274.5,8234
7667.9,7651.8,7628.5,7622.6,7635.6,7655.6,7648.8,7615,7581.6,7616.5,7680.7,7743.7,7779,7804.4,7821.8,7834.3,7847.2,7850.5,7841,7841,7866.7,7902.7,7921.5,7909,7884.7,7818,7765.6,7804.3,7922.8,7971.2,7922.7,7886.6,7884.5,7842,7841,7845.4,7828.8,7850.1,7809,7730.7,7649.9,7581.9,7474.5,7394.2,7362.8,7278.8,7123.1,7068.9,7084.1,7009.4,6941.7,6902.7,6884.6,6917.2,6928.1,6870.5,6880,6926.3,6937.4,6950.7,6949.7,6938.8,6962.7,6989.8,7002.3,6976.8,6965.5,7039.8,7245.6,7394.5,7457.7,7645.2,7967.3,8189.3,8167.1,8170.7,8173.9,8168.3,8187.1,8236.8,8259.1,8255.5,8266.8,8294.6,8312.4,8326.2,8340.4,8364.2,8361.3,8339.3,8336.2,8366.7,8390.5,8370.7,8335.9,8363.7,8436.3,8431.9,8367,8365.9,8411.8,8440.1,8455.4,8471.4,8488.5,8459.8,8421.5,8415.4,8428.2,8442.5,8464.4,8491.1,8475.3,8464.7,8412.3,8378.2,8395.2,8366.8,8318.8,8270.6
7651.9,7625.9,7601.6,7587.7,7617,7658.5,7685.6,7643.1,7602.7,7596.5,7668.4,7740.9,7794.9,7795.3,7789.9,7786.5,7802.5,7819.6,7836.5,7856.5,7880.9,7905.3,7929.7,7928.3,7907.2,7882.8,7843.7,7797.9,7805.7,7909.8,7957,7947,7867.3,7768.3,7816.6,7806.4,7813.1,7852.4,7774.2,7695.9,7627.6,7566.8,7469.7,7411.8,7373.4,7261.6,7139.3,7075.4,7033.1,6966.1,6926.7,6904.5,6897.1,6934.9,6972.2,6928.5,6907.8,6917.7,6931,6971,7010.8,6978.4,6966.8,6999,7002.4,6929.7,6974.8,7079.8,7228.7,7361.1,7482.4,7631,7784.8,7882.9,7954.9,8049,8133.3,8151.1,8188,8225.4,8253.2,8257.3,8255.7,8275.9,8297.7,8319.2,8334.8,8337.4,8327.6,8337.1,8369.7,8401.4,8404,8396.7,8362.1,8354.1,8436.9,8489.1,8418.1,8368.5,8410.9,8450.5,8475.3,8497.3,8499.7,8485.3,8472.9,8477.4,8482.7,8474.1,8457.5,8435.9,8417.2,8431,8416.3,8373.8,8375.3,8356.2,8325.8,8332.5
7599.4,7598.3,7590.2,7598.6,7628.8,7667.7,7696.7,7690.8,7657.6,7629.8,7649.1,7722.8,7796.8,7833.9,7803.4,7770.4,7760.7,7782.9,7805,7825.8,7843.8,7860.3,7880.8,7902.4,7886.7,7861.6,7831.2,7815.7,7791.2,7799.4,7852,7872.1,7871,7873.1,7889.8,7810.4,7734.3,7739,7703.6,7640,7605.8,7540.4,7432.8,7392.7,7365.5,7236.8,7125.3,7036.5,6947.3,6896.1,6892.5,6928,6922.8,6950.8,6986.5,6920.1,6872,6881,6899.4,6927.4,6952.4,6931.8,6938.1,6983.2,7021.6,7001.6,7027.2,7056.6,7143.4,7267.5,7469,7669.3,7721.1,7767.6,7854.7,7969.4,8070.4,8137.2,8222.3,8277,8282.8,8271.8,8250.4,8256.7,8290,8328.2,8331.7,8314.3,8300.1,8330.8,8374.8,8410,8417.7,8425.4,8393.1,8354.1,8426.3,8516.4,8464.2,8384.9,8418.9,8478.2,8513.2,8544.3,8521,8484.3,8488,8508.7,8513.3,8483.6,8449.2,8441.1,8433.6,8442.6,8426,8413.2,8391.4,8354.7,8324.4,8353.2
7577.9,7587.9,7605.7,7633.7,7671.7,7695.1,7699.3,7692.2,7669.6,7654.3,7650.8,7686.3,7738.8,7787,7800.9,7778.4,7758.6,7760.1,7780.8,7801.3,7810.5,7811.6,7817.4,7844.6,7857.6,7829.3,7777.4,7717.4,7750.2,7790.2,7823.9,7812.2,7783.5,7823.9,7854.4,7772,7680.8,7650.2,7625.1,7605.6,7600.8,7535.8,7390.4,7360.5,7351.2,7181.4,7032.3,6905.1,6844.8,6858.8,6928.9,7000.4,6955.1,6898.9,6868.5,6823.8,6822.9,6837.8,6822.2,6828.4,6859.7,6880.6,6893.6,6934.1,7005.5,7047.5,7094.3,7077.8,7100.3,7230.8,7405.1,7610.1,7738.1,7798.8,7859.7,7935.4,8002.4,8078.7,8185.2,8272.6,8264.8,8253.1,8233.5,8228.1,8277.8,8325.8,8339,8335.6,8341.3,8362.3,8391.8,8415.7,8433,8445.6,8440.5,8416.8,8440.8,8508.5,8504.9,8425.5,8416.4,8468.2,8496.3,8531,8521.5,8471.6,8463.8,8506,8546.5,8539.8,8542.7,8549.2,8542.5,8508.9,8472.8,8432.2,8384.7,8405.2,8400,8379.1
7588.9,7581.9,7584,7616.6,7651.8,7677.9,7655.8,7622.5,7588.5,7606.1,7637.2,7676.6,7710.3,7737.4,7762.2,7765.6,7758,7752.1,7763.1,7780.8,7797.4,7794,7792.3,7805.5,7818,7799.5,7773.4,7731,7720.2,7752,7794.3,7840.3,7810.8,7777.2,7737,7697.1,7659.7,7622.2,7606.1,7588.4,7581.1,7521.7,7393,7354.9,7209.5,7019.4,6931.3,6854,6843.5,6866.7,6896.1,6843.1,6785.3,6803.9,6799.9,6794.9,6818,6825.1,6834.5,6885.6,6887.3,6857.5,6867.8,6907.7,6968,7007.9,7089.5,7112.2,7083.7,7188.2,7329.9,7526.9,7692.9,7772.4,7844,7912.9,7966.4,8020.1,8106.5,8202.9,8226.3,8238.1,8244.3,8262.9,8304.2,8332.6,8342.7,8353.2,8368.3,8376.1,8393.8,8424,8456.3,8472.1,8483.3,8474.9,8473.1,8502.9,8506.8,8452.3,8427.1,8431.2,8425.7,8477.9,8515.7,8464.9,8429.6,8470.5,8530.3,8571.3,8592.4,8606.4,8557.7,8502.8,8550.7,8501.3,8350.7,8424.7,8444.9,8410
7571.3,7557.7,7544.7,7556.6,7589.1,7623.4,7625.5,7586.9,7550.6,7541.8,7590.5,7645.3,7698.2,7724.4,7745.4,7767,7774.4,7777,7780.3,7784.5,7787.3,7789.5,7799.5,7810.3,7791.5,7764.8,7746,7730.6,7727.6,7728.7,7729,7731.4,7716.4,7680.8,7687.5,7715.7,7692.4,7634.4,7593.7,7564.6,7525.6,7457.5,7358.5,7231.3,7000.3,6905.6,6871.2,6850.6,6885.8,6835.1,6722.3,6552.2,6772.5,6949,6897.1,6807.9,6857.5,6906.5,6968.2,7039.9,7000.7,7042.9,7048.8,6989.7,6970.3,6956.5,7061.1,7154.3,7168.4,7232.4,7363.9,7488.5,7591.7,7676,7776.4,7885.6,7946.5,7981.2,8025.1,8122.4,8204.2,8241.5,8282.3,8327.7,8361.8,8366,8373.2,8387.2,8388.6,8378,8380.5,8422.1,8463.9,8475.5,8476.9,8465.1,8446.5,8445.9,8447.5,8438.3,8455.1,8436.9,8397.3,8431.3,8469.5,8442.4,8410.7,8440.2,8507.4,8547.9,8580.4,8616.9,8569.1,8488.1,8536.7,8548.6,8416.5,8456.6,8471,8387.8
7543,7529.6,7523.9,7525.8,7544.8,7560.7,7563.7,7554.6,7554.5,7563.8,7587.8,7628.4,7670.2,7710.6,7736.7,7759.9,7782.6,7792.2,7799.1,7803.7,7794.2,7778.9,7785.2,7803.1,7757.8,7685.4,7661.2,7641.4,7619.1,7627.5,7650.5,7688.6,7707,7638.6,7587.4,7628.7,7658.6,7608.7,7564.5,7531.9,7455.8,7341.6,7224.6,7079.9,6927,6888,6878.5,6943,6986.6,6826.5,6769.2,6906.7,7084.6,7059.9,6918.5,6902.6,6942.5,6961.5,6998.8,7026.9,7093.8,7257.7,7276.7,7107.3,7024.4,6991.5,7055.8,7155.2,7222.7,7297,7391.1,7487.7,7565.1,7649.3,7757,7860.9,7936.3,7948.6,7945.2,8036.5,8163.6,8230.4,8282.4,8333.2,8376.7,8393.9,8412.4,8424.9,8413.3,8400.9,8403.1,8426.2,8446.4,8451.9,8444.4,8430.9,8413.1,8399.8,8401.2,8419.8,8456.6,8468.7,8431.2,8417,8436.3,8475.4,8480.8,8487.4,8517.5,8526.7,8562.4,8599.8,8570,8501.1,8501.5,8533.3,8486,8493.3,8523.7,8429.3
7512.4,7501.9,7510.2,7527.8,7552.3,7554.4,7534.7,7508.7,7514.1,7552.2,7589.3,7621.8,7645.4,7666.6,7687.7,7713.8,7741.8,7766.1,7772.4,7774.1,7769.2,7748.6,7734.7,7751,7722.1,7631.4,7621.8,7635,7633.6,7635.4,7643.4,7642.5,7660,7637.3,7569.1,7540.9,7548.1,7543.5,7537.4,7444.9,7237.8,7168.7,7084.3,6893.3,6864.4,6858.7,6938.7,7001.3,6856.2,6763.5,6913.8,7155.1,7179.8,6966.4,6895.1,6979.9,7013.1,7002,6998,7021.2,7079,7207.8,7256.7,7150.2,7085.2,7056.7,7051.2,7105.3,7149.3,7207.6,7279.8,7384.7,7496.3,7637.7,7780,7869.3,7942,7983.8,8010.9,8078.6,8167.8,8223.7,8263.9,8317.2,8370.4,8400.6,8415.6,8425.4,8425.4,8428,8438,8447.4,8447.3,8444,8433.6,8419.6,8401.5,8382,8392.4,8418.4,8455.9,8489.5,8468.7,8450.1,8495.3,8565.6,8576.4,8550.8,8542.9,8543.7,8560.4,8575.5,8558.8,8515.6,8494.7,8533.7,8518,8505,8540.5,8516.3
7469.6,7455.9,7464.1,7494.2,7530.9,7569.6,7579.2,7563.3,7546.8,7551.1,7585.5,7619.4,7642.2,7643.5,7640.5,7646.6,7675.9,7711.6,7735.7,7732.7,7724.7,7707.9,7681.2,7703.5,7738.2,7682.8,7657.6,7661.2,7661.6,7665.7,7679.9,7678.3,7615.5,7564,7547.9,7530.1,7545.8,7557.6,7505.8,7330.5,7144.1,7079.1,6959,6885.2,6877.5,6880.4,7015,7013.1,6806.2,6976.3,7350.2,7402.7,7148.9,6998.8,7029.4,7086.3,7092.7,7104.8,7134.3,7134.2,7122.1,7158.1,7179.9,7147.1,7110.7,7075.2,7039.2,7048.7,7068.5,7115.3,7193.1,7308.5,7439.5,7596,7757.6,7879.3,7960.7,8044.9,8097.6,8151.8,8198.8,8244.4,8291.4,8337,8368.6,8385.6,8402.2,8418.7,8431.9,8442.2,8452.2,8456.9,8456.9,8456.9,8445.1,8425.7,8400.6,8373.4,8384.8,8440.3,8493.2,8515,8504.7,8487.6,8524.2,8599.5,8601.9,8568.5,8558,8562.4,8575.3,8586.8,8585.2,8541.2,8497,8537.2,8545.6,8530.5,8545,8545.3
7468.7,7454,7439.4,7441.3,7483.3,7529.1,7572.8,7583.5,7576.4,7575,7583.1,7599.3,7614.8,7624.9,7622.1,7619,7628.1,7667,7708.9,7728.2,7722.8,7708.4,7647.4,7648.2,7726.5,7685.3,7651.1,7629.1,7583.6,7511.5,7509.6,7552.8,7581.4,7577.9,7533.2,7482.1,7458.3,7415.9,7249.5,7085.2,7075.3,6970.6,6837.1,6923.5,6965.1,7035,7037.1,6955.1,6972.3,7223.7,7382.6,7184.3,7066.5,7238.4,7300.5,7267.8,7186.8,7209.9,7274.4,7285,7287.4,7288.1,7206.8,7110.8,7096.1,7083.3,7071.3,7095.7,7129.7,7149.1,7225.9,7311.6,7441.6,7573.5,7729.7,7870.3,7955,8019.4,8083.7,8168.2,8236.7,8292.1,8342.6,8387,8386.6,8377.9,8394.8,8416.1,8432.8,8442.7,8452,8459.2,8462,8465.5,8454,8439.4,8432.2,8414,8414.1,8492.2,8563.1,8554.9,8516.8,8499,8518.6,8563.7,8581.4,8566.7,8571.5,8589.4,8617.9,8624.5,8612.2,8573.5,8533.9,8563.6,8585.7,8578.4,8565.2,8543.9
7499.3,7479.9,7464.5,7455.5,7461.2,7493.3,7516.5,7531.5,7545.6,7568.7,7595.9,7609.4,7600.9,7592.4,7591.7,7598.4,7604.8,7630.7,7678.8,7726,7739.5,7731,7643.1,7611.7,7643.1,7617.8,7613.5,7587.6,7558.7,7530.7,7493.6,7471.7,7471.7,7497.4,7509.6,7428.8,7347.8,7305.8,7251,7191.3,7057.3,7002.1,7026.6,7043.3,6978.4,6938.9,6859.7,6888.1,7088.8,7270,7246.3,7368.3,7558.7,7614,7531.1,7461.6,7410,7398.3,7416.1,7425.8,7476.2,7539.4,7337.4,7110.4,7138.9,7160.4,7210.2,7293.2,7283.6,7225.7,7266.7,7338.2,7446.8,7575.9,7715.1,7846.9,7938.9,7975.5,8025.5,8144.6,8250,8299.2,8346.2,8396.2,8403.2,8388.2,8395,8415.2,8432.4,8446.9,8465.8,8489,8481.5,8458.8,8430.6,8446.1,8474.9,8466.9,8454.8,8513.3,8559.9,8513,8453.8,8460.3,8515.9,8550.2,8561.5,8574.1,8590.5,8617.9,8657,8654.4,8632.2,8611.1,8587.1,8598.1,8619.3,8614.3,8598.2,8571.6
7541.6,7530.7,7519.4,7511.2,7503.5,7499.9,7500.5,7492.1,7486.1,7511.7,7546.5,7581.2,7595.7,7600.7,7604.7,7603.6,7600.9,7601.6,7629.9,7673.6,7698.2,7665.2,7616.3,7610.3,7573.7,7524.4,7535,7524,7463.2,7457.7,7510,7508.1,7461.8,7370.7,7259.1,7247.6,7298.6,7316.9,7200.4,6973.6,6979.2,7129.9,7148.8,7087.9,6976.5,6935.6,6998.3,7101.5,7238.3,7363.2,7431.3,7656.3,7722.8,7666,7614.2,7600.7,7606.6,7616,7581.6,7547.8,7603.4,7656.8,7549.4,7370.8,7306.9,7276.2,7323.2,7431,7432.9,7342.6,7319.6,7374.4,7444.6,7580,7719,7846.3,7981.3,8016.3,8017.2,8107.1,8233.8,8278.6,8319.2,8381.4,8416.7,8402.8,8403.2,8421.9,8437.1,8463.2,8497.3,8536.4,8518.4,8468.3,8407,8435.1,8488.7,8505,8499.2,8510.1,8498.6,8448.7,8389.5,8400.6,8511.5,8548.2,8565.1,8583.6,8606,8636.6,8657.3,8654.2,8642.6,8636.8,8614.9,8620.4,8631.3,8624.8,8611,8610.4
7552.6,7568.2,7537.7,7506.4,7473.6,7442.7,7428,7423.8,7424.6,7436.2,7471.5,7509.7,7551.1,7583.2,7614.9,7643.3,7625,7604.9,7589.2,7614.3,7635.4,7593.7,7550.3,7538.9,7498.9,7476.1,7491,7462.9,7382.5,7326.2,7359.3,7414.4,7434.2,7439.9,7481.4,7529.1,7500.3,7320.4,7087,7037.2,7163.6,7250.4,7167.3,7064,7037.3,7100.8,7221.7,7301.6,7379.1,7465.1,7565.8,7715.5,7725.4,7667.4,7670,7696.9,7706.8,7704,7679,7683.9,7723.7,7752.5,7709.7,7583,7490.9,7416.7,7400.9,7468.8,7492.9,7435,7395.4,7431.3,7470.1,7602.8,7726.3,7853.8,8010.2,8103.7,8064.1,8073.9,8192.4,8261.2,8293.1,8344.4,8389.1,8397.6,8415.5,8430.5,8442,8468.7,8506.8,8541.3,8529.7,8484,8442.4,8449.7,8491.7,8522.3,8533.1,8540.9,8486.2,8437.2,8463.4,8537.9,8569.6,8545.2,8562,8585.1,8616.1,8651.9,8659.4,8647.3,8631.7,8601.8,8605.6,8637.1,8645.5,8643.6,8630.5,8625.8
7452.8,7453.1,7439.1,7411.2,7381.9,7357.7,7342.8,7353.1,7369.4,7394.2,7430.3,7467.9,7503.5,7539.2,7575.6,7612,7627.7,7607.9,7586.8,7589,7611.2,7584.8,7500,7518.6,7566.3,7542.2,7527.5,7559.8,7593.5,7633.4,7609.1,7551.7,7510,7491.5,7497,7420.7,7167.8,6994.7,7081.6,7107.5,7080.8,7104.9,7018.4,6969.2,7123.6,7260.9,7389.9,7468.6,7520.6,7566.3,7629.1,7733.6,7764.7,7726.7,7746.6,7779.1,7775.8,7742.1,7733.1,7784.3,7830.1,7811.3,7761.9,7671.5,7602.5,7543.1,7499.4,7523,7526.3,7503.6,7489.8,7513,7575.4,7669,7761.7,7848.6,7977.9,8059.1,8045.8,8041.9,8141.8,8230.7,8272.6,8314.4,8346.2,8378.7,8420.6,8439,8441.3,8451.2,8476.4,8499.2,8505.8,8487.8,8473.7,8475,8500.3,8525.7,8542.4,8557.1,8516.1,8480.8,8549.9,8681.4,8670.6,8559.9,8554.1,8581.7,8622,8669.6,8659.6,8640,8613.7,8567,8585.1,8652.6,8673.5,8689.7,8693.9,8667
7358.3,7349.7,7344.4,7339.9,7338,7340.2,7347.3,7367.5,7398.2,7430.9,7463.1,7482.1,7495.4,7506.2,7532.8,7563.1,7594.1,7592.5,7582.3,7577.8,7596.6,7592.8,7595,7654.7,7696.5,7647.6,7688.6,7698.6,7679.4,7735.4,7808.8,7760.5,7675.6,7633.3,7475.8,7112.3,6990.2,7054.4,7136.8,7091,7112.1,7192.7,7224.1,7261.2,7344.9,7425.3,7531.1,7593.8,7612,7642.7,7696.6,7772.5,7879.4,7860.3,7839.6,7868.8,7867.9,7814.4,7783,7824.9,7844.9,7807.4,7754.7,7710.8,7694.8,7648.1,7602.5,7585.9,7570,7554.5,7557.4,7581.6,7655.9,7744.1,7802.4,7898.1,7972.5,7980.2,7974.5,8021.2,8109.6,8205.3,8261.9,8306.7,8332.1,8362.5,8417.7,8451.3,8443.1,8437.3,8449.6,8467.6,8487.4,8490,8480.8,8464.2,8479.6,8506.6,8528.2,8544,8534.8,8518.7,8586.7,8714.6,8706.9,8584.8,8545.5,8582.5,8628.6,8654.9,8644,8631.7,8608.8,8591.9,8618.7,8671.1,8701.7,8728.4,8737.5,8721.1
7328.2,7325.7,7323.8,7322.7,7328.7,7342,7361.4,7384.6,7414,7440.2,7461.8,7476.1,7484.3,7494.9,7512.8,7541.9,7573.4,7592,7584.5,7571.6,7571.9,7570.2,7654.5,7708,7675.9,7699.9,7620.6,7515.7,7482.2,7457.6,7410,7334,7203.1,7078.7,6921.5,6917,7060.7,7174,7265.3,7356.1,7431.3,7416.4,7407.3,7470.2,7511.6,7525.8,7581.6,7642.5,7675,7729.7,7802.6,7887.1,7988.5,8008,7944.2,7938.9,7948.3,7913.7,7876.5,7873.9,7858.6,7805.5,7740.4,7735.9,7752.2,7717.9,7671.6,7640.8,7617.6,7592.1,7602.7,7655.7,7724.5,7767.9,7801.3,7925.8,8018.1,7991.6,7979.8,8057,8148.9,8215,8262.5,8304.7,8329.2,8353.6,8406.4,8442.7,8436.3,8426.7,8441.4,8475.1,8512.1,8521.6,8490.3,8446.8,8442.5,8480.3,8515,8536.3,8550.4,8542.3,8569.4,8676.9,8714.4,8608.4,8559.7,8617.3,8651.1,8648.8,8626.6,8643.1,8663.7,8657.5,8667.7,8702,8738,8747.3,8738.8,8736.4
7297.8,7302.3,7304.2,7302.7,7300.9,7314.4,7345.1,7380.1,7408.9,7416.7,7413.2,7406,7424.1,7459,7496.7,7532.9,7568.2,7603.7,7596.9,7574.5,7556.8,7551,7593.9,7602.7,7586.6,7492.3,7356.4,7328.4,7382.9,7407.5,7303.9,7169.1,7112.9,7051.2,6980.1,7046.3,7122.9,7212.8,7338.8,7426.2,7492.1,7496.6,7483.7,7551.5,7619.9,7618.5,7647.2,7727.6,7819.3,7936.1,8010.6,8044.4,8079.9,8091.2,8027.8,7995.9,8008.9,8010.2,7985,7956.4,7906.1,7854.1,7819.3,7806.3,7797.9,7769.5,7731,7701.2,7678.8,7669.2,7702.5,7762.2,7823.8,7837.2,7812.8,7919.3,8009.2,8017.6,8027.5,8106,8207.5,8245.8,8277,8322.2,8358.2,8389,8415.1,8425.6,8423.5,8418.9,8427.6,8467.8,8519,8555.3,8520.1,8460.9,8439.3,8481.9,8512,8543.2,8573.4,8565,8563.5,8645,8710.4,8662.2,8640.7,8672.3,8682.6,8660.6,8647.6,8673.4,8707.5,8712.8,8696.2,8725.9,8786.2,8782.3,8738,8741.5
7288.4,7308.1,7311.5,7300.7,7284.5,7277,7302.8,7347.5,7393.9,7420.9,7417.4,7413.1,7421.2,7461.2,7510.8,7552.4,7562.3,7559.8,7550.5,7540.7,7535.7,7548.1,7560.9,7558.6,7494.8,7425.3,7415.1,7408.8,7403.5,7384.8,7332.2,7136.8,7082.7,7198.6,7200.8,7193.1,7228.3,7322.5,7402,7454.8,7508.4,7540.8,7542.5,7610.3,7709,7737.7,7803.8,7887,7967.4,8054.2,8067.6,8064,8082.3,8099.8,8080.1,8049.7,8054,8084.8,8081,8061.2,7994.1,7920.3,7906.8,7898.4,7862.4,7824.6,7793,7764.9,7756.2,7774.5,7814.6,7869.6,7931,7930,7903.2,7945.8,7999.5,8017.4,8062.8,8131.3,8204.2,8249.9,8309,8353.8,8387.8,8416.7,8435.2,8423.7,8420.1,8429.7,8441.9,8466.7,8500.4,8530.1,8533.4,8522.5,8525.4,8529.5,8521,8549.3,8595.5,8586.3,8569.1,8634.8,8715.4,8714.8,8715,8720.6,8700.6,8682.3,8672.4,8697.4,8736.5,8736.7,8707.5,8738.3,8815.9,8802.5,8741.5,8740.2
7245.2,7284.1,7297.3,7279,7258.9,7245.8,7252.9,7295,7344.5,7393.4,7424.3,7436.2,7450.3,7477.7,7526,7575.7,7580.6,7542.8,7510,7506.1,7507.6,7531.7,7550.8,7528.7,7478.2,7469.7,7463.1,7417.3,7373.2,7322.9,7267.7,7177,7078.1,7117.4,7156.1,7203.5,7309.7,7404.1,7467.1,7497.5,7541.9,7581.5,7612.6,7672.8,7761.7,7845.7,7961,7981.5,7980.2,8018.3,8047.1,8071.4,8086.2,8086.9,8079.1,8064.7,8063.5,8112.1,8157,8144.7,8100.1,8001.5,7967,7962.6,7934.8,7908.6,7874.5,7834.2,7818.1,7860.7,7908,7930.9,7952.4,7980.7,7981.8,8012.8,8031.2,8039.1,8086.9,8133.6,8181.3,8230.6,8324.4,8372,8390.4,8402.4,8407.5,8410.6,8417.4,8439.4,8470,8495.8,8505.9,8507.2,8512.7,8551.4,8601.6,8592.6,8546.9,8549.9,8582.2,8584.9,8583.8,8631.9,8709.6,8748.9,8745,8730.7,8714.7,8705.7,8699.7,8714.7,8756.6,8770,8742.2,8766,8818.3,8810.3,8751.9,8731.5
7200.5,7217.1,7219.9,7209.7,7201.5,7216.9,7234.6,7261.1,7309.3,7354.4,7394.2,7417.9,7433.8,7452.1,7485.1,7528.4,7564.7,7538.7,7508.5,7495.8,7485.7,7492.3,7494.4,7455.8,7412.7,7423.4,7448.5,7407.2,7366.2,7322.9,7269.8,7207,7147.2,7152.7,7174.6,7236.7,7333.7,7414.4,7469.9,7532.9,7592.7,7624.4,7679.6,7759.3,7812.7,7887,8010.6,8026.1,8003.2,8038.9,8087.7,8101.4,8097.7,8085.8,8073.7,8088.9,8107.3,8136.1,8152.7,8147.8,8142.7,8087.8,8024.1,8005,7989.7,7984.2,7969.3,7914.9,7876.9,7891.5,7904.4,7906.3,7940.5,7999.2,8037.6,8057.9,8069.2,8081.4,8115.5,8155,8204.9,8265.2,8337.6,8373.5,8385.4,8390.5,8391.3,8398.9,8416.6,8435.7,8475.5,8511.6,8529.5,8525.2,8526.8,8565.7,8618,8623.3,8578.7,8556.3,8567.7,8570.8,8587.6,8649.4,8728,8771.7,8761.4,8738.8,8732.1,8737.7,8730.3,8733.8,8778.2,8810.2,8800.7,8818.7,8830.9,8817.8,8767.5,8720.7
7200.9,7204.4,7210.3,7222.6,7239.8,7257.4,7268.8,7278,7300,7335.3,7368.2,7400.7,7422.5,7443.2,7462.4,7472.3,7468.1,7461.8,7475.5,7487,7462.7,7452.2,7451.1,7408.1,7339.9,7361.9,7412,7399,7362.7,7332.3,7304.5,7273.9,7252.5,7275,7301.9,7323.7,7371.3,7423.4,7470.5,7553.3,7657.7,7700.5,7763.2,7811.5,7844.7,7917.2,8026.5,8044.1,8032.7,8065.2,8107.9,8111.2,8116.8,8131.7,8142.3,8162.8,8187.3,8208.1,8183.2,8136.3,8135,8135.7,8097.7,8067.8,8046.5,8031.1,8016.9,7981.8,7942.3,7918.7,7900.8,7874.4,7922.5,8009.9,8057.2,8080.4,8101.4,8121.1,8156.8,8220.4,8283.6,8339.4,8374.8,8381,8389.1,8397.2,8416.2,8442.4,8452.4,8455.6,8475.9,8506.3,8533.8,8549.9,8566.9,8592.1,8621.6,8636.9,8602.7,8577,8570.8,8561.9,8619.6,8715,8775.2,8804,8787.4,8749.1,8746.7,8763.3,8758.9,8762,8801.8,8832.7,8841,8829.1,8803.9,8810.8,8794.2,8759.9
7211.5,7227.1,7242.2,7262.7,7284.7,7293.3,7301.8,7318.9,7344.7,7375.4,7402.5,7426.6,7445.2,7457,7459.4,7441.3,7415.4,7405.9,7454.1,7510.5,7483.8,7455,7435.2,7387.6,7332.1,7346.9,7384.3,7383.4,7354.6,7338.1,7335,7330.4,7325,7356.2,7399.3,7391.5,7401.7,7443,7506.5,7599.1,7719.1,7800.4,7854,7866.3,7918.5,7992.2,8030.3,8033.5,8030.8,8042,8038.3,8032.3,8097,8174.8,8196,8223.2,8215.8,8201.3,8178.4,8136.6,8115.2,8134.3,8139.5,8133.2,8111.9,8088.8,8066.8,8047.5,8018.1,7989.8,7953.7,7931.9,7965.9,8035.6,8082.5,8110.9,8148.2,8168.5,8202.8,8285.6,8355.3,8383.4,8396.3,8394.9,8401,8408.4,8434.1,8480.9,8499.2,8488.3,8484.5,8507.7,8529.8,8557.2,8588.7,8617.6,8627.2,8635,8622,8611.6,8595,8566.1,8631.9,8769.4,8825.7,8833.2,8822.7,8769.6,8754.2,8774.4,8776.3,8793.6,8827.4,8844.8,8836.9,8793.9,8764.1,8815,8859.3,8838.6
7195.7,7237.5,7258.4,7271.2,7278.1,7279.2,7296,7333.7,7379.7,7415.4,7423.1,7435.7,7454.8,7442.8,7411.8,7373.1,7370.4,7384.2,7422.4,7480.9,7470.5,7402.5,7363.9,7333.9,7328.8,7350,7364,7373.5,7359.4,7350.2,7364.8,7375.4,7357,7370.7,7408.9,7397.3,7393,7460.8,7552.6,7657.1,7761.9,7824.4,7861.8,7911.8,7972.1,7985.4,7976.2,7965.4,7986.8,8026.1,7995.4,7922.1,8030.2,8142.7,8178.7,8179.9,8176.6,8166.3,8161.3,8137.9,8119.1,8147.7,8190,8180.3,8161.7,8133,8126.3,8142.6,8125.2,8081.2,8046.7,8033.6,8041.7,8094,8149.1,8185.3,8211.7,8221.2,8240.2,8301.3,8331,8363.1,8399.6,8405.2,8412.7,8426.6,8460.3,8488.5,8502.1,8507.1,8513.9,8521.1,8528.1,8542.4,8575.5,8609.5,8623.1,8630.7,8634.2,8640.2,8629.6,8583.5,8630.8,8749.8,8804.7,8842.5,8869.9,8799,8772.9,8783.6,8784.6,8818.4,8846.9,8853.8,8843.2,8787.8,8761.9,8832.1,8908.7,8865.3
7222.4,7255.4,7281.5,7289.4,7289,7286.8,7289.1,7316.8,7340.6,7353.7,7371.4,7403.7,7438,7434.1,7393.2,7370.9,7366.8,7351.3,7348.3,7416.4,7446.4,7354.1,7305.6,7292.8,7304.9,7310.3,7331.4,7362.7,7361.6,7364.3,7396.3,7419.2,7397.4,7404.3,7442,7452.2,7482,7568.2,7641.3,7687.1,7768,7826.3,7883.6,7958,7988.7,7954.7,7927.3,7915,7932.8,7988.7,8000.8,7953.1,7985,8077.8,8132.1,8138.4,8148.1,8157.4,8150.6,8134.8,8130.3,8149.2,8193.4,8210.7,8203,8181.9,8162.4,8187.1,8204.1,8160.3,8120.9,8122.2,8138,8183,8234.6,8258.2,8250.5,8256,8275.7,8294.8,8286.7,8328.8,8403.4,8416.5,8404,8432.5,8497.5,8515.6,8496.2,8506.4,8534.2,8547.4,8538.1,8529.5,8560.3,8598.5,8622.9,8629.4,8636.6,8647.1,8647.2,8628.9,8664,8738.3,8771.9,8831.1,8847.9,8779.9,8808.4,8805.5,8796.9,8837.1,8860.2,8867.9,8875.5,8832.1,8773.2,8834.6,8893.4,8860.3
7276,7292,7301.8,7305.1,7305.4,7308.4,7313.7,7320.1,7322.3,7329.5,7355.2,7377.8,7377.4,7356,7345.6,7362.4,7375.2,7356.1,7358.6,7396.7,7414.8,7384.8,7360.7,7332.4,7303.3,7270.9,7299.4,7353.2,7394,7445.3,7446.4,7437.3,7444,7475.8,7538.4,7604.6,7690,7724.9,7728.5,7746.5,7807,7864.2,7935.8,7982.7,7993.5,7963.7,7948.7,7941.1,7939.1,7968.6,7994.5,7978.3,7981.7,8044.9,8116.2,8154.6,8172.7,8172.2,8156.2,8136,8142.2,8157.2,8159.4,8152.7,8190,8220.3,8221.3,8216.7,8203.2,8186.7,8174.4,8187.1,8220.1,8252.2,8271.8,8270.8,8259.8,8275,8317.3,8327.9,8329.5,8367.9,8430.3,8452.6,8419.5,8417.2,8484.5,8511,8509.2,8515.8,8531.8,8548.6,8556.7,8561,8573.7,8600.7,8626.8,8627.5,8625.3,8627.7,8625.5,8649.3,8714.4,8753.9,8733.4,8731.6,8713.9,8707.9,8823.3,8818.8,8826.2,8859.5,8862.6,8860.8,8905.3,8881.3,8833.5,8848.5,8883.9,8890.3
7326.6,7334.2,7335.1,7329.5,7325.8,7330.8,7315.8,7285.4,7292.9,7336,7387.8,7382.4,7339.5,7292,7285.1,7303.4,7319.8,7349.8,7412.1,7420.5,7383.9,7389.2,7423.3,7399.3,7359.8,7329.6,7330.7,7359,7417.2,7502,7481.9,7439.3,7475.9,7532.7,7574.8,7616.1,7656.2,7683.1,7723.8,7804.6,7850.6,7887.5,7932.9,7954.9,7959.8,7961.7,7973.1,7968.3,7959.8,7972.6,7994,8010.5,8034.9,8091.9,8161.2,8206.7,8205.9,8204.1,8188.4,8152.2,8152,8171.9,8155.3,8121.5,8161.2,8225.5,8245.7,8251.2,8227.3,8210.9,8227,8251.8,8280,8302.8,8301.4,8292.9,8298.1,8325.1,8383.2,8424.1,8428.9,8440.6,8462.3,8461.6,8442.3,8464.1,8484.8,8470,8489.4,8528.6,8540.6,8541.6,8555.1,8582.3,8605.5,8618.2,8632.3,8629,8617.9,8610.9,8603.7,8645,8761.8,8809.8,8711.7,8614,8567,8617.3,8781.5,8801.7,8850.3,8883.8,8840.1,8829.5,8903.4,8931.5,8899.8,8891.4,8909.1,8921.5
7343.1,7321,7293.5,7301.8,7358.5,7386.2,7331.1,7252,7257.9,7317.9,7342.8,7317.2,7278.2,7252.9,7257.7,7275.3,7275.9,7291,7378,7435.2,7385.3,7382.5,7466.6,7466.4,7411.7,7380.8,7364.9,7398.4,7452,7495.2,7463.8,7402.3,7483.4,7578.8,7584.2,7602.8,7658.9,7698.6,7730.6,7791.8,7845.8,7902.4,7931.1,7941.3,7946.5,7960.1,7971.8,7978.4,7990.1,8010.4,8038,8068.1,8102,8150.4,8185.7,8176.1,8178.1,8233,8226.8,8174.9,8154.1,8155,8141.2,8128.9,8153.4,8215.3,8250,8267.6,8256,8235,8260.1,8297.4,8313.1,8318.5,8323.2,8345.9,8366.7,8397.1,8442.7,8474.2,8452.3,8430.4,8418.9,8396,8396.5,8483.4,8529.5,8472.1,8437.7,8494.3,8541.3,8543,8541.9,8581,8627.9,8645.2,8639.6,8631,8623.6,8619.1,8593.8,8609.8,8791.2,8906.3,8726.3,8482.2,8342.7,8659.8,8766.9,8762,8865.3,8924.5,8844.8,8836.1,8921.8,8967,8949.9,8936.5,8945.6,8947.4
6992.8,7015.3,7065.3,7156.6,7303.5,7397.5,7326.5,7288.5,7295.7,7297.1,7267.1,7228.5,7236.6,7271.9,7324.2,7331.7,7280.7,7219.4,7321,7411.7,7403.6,7408.1,7422.3,7403.8,7359.9,7349,7363.1,7436.8,7484,7503.7,7495,7451.2,7533.4,7623.1,7592.5,7605.6,7706.5,7751.2,7758.7,7797.3,7845.2,7888.9,7913.2,7931.8,7953,7975.8,7973.3,7967.7,8002.6,8043.2,8069.6,8088.5,8114.1,8156.3,8150.9,8094.6,8117.8,8214.9,8223.6,8181.6,8159.2,8140.1,8122.6,8134.1,8148.4,8175.8,8197.2,8240.6,8261.5,8233.6,8231.9,8262.4,8279,8283.2,8311.7,8359.1,8379.9,8409.9,8425.2,8405.7,8376.6,8384.5,8448.1,8447.1,8416.5,8487.8,8560.6,8507.8,8419,8432.2,8511.7,8540.6,8538.6,8559.2,8628.4,8676.3,8632.7,8588.3,8634.3,8686.9,8615.8,8556.5,8787.1,9003.2,8768.3,7956.4,7884.8,8674.6,8800.5,8744.2,8869.7,8973.9,8903.8,8900.6,8948.1,8969.9,8974.8,8968.8,8947.5,8951.3
6335,6496.8,6860.9,7044.4,7171.7,7258,7270,7301.2,7348,7300.9,7249.9,7205.9,7242.5,7305.3,7370.3,7368.3,7294.5,7224.7,7274.6,7349.7,7398.5,7444.5,7396.6,7351.1,7310.9,7336.7,7442.6,7457.3,7427.7,7505.1,7547.5,7531.3,7596.8,7661.5,7661.4,7677.3,7738,7777.1,7791.3,7828.3,7875.5,7883.6,7887.4,7915.6,7949.9,7981.5,7987,8001.7,8039.5,8070.9,8074.4,8054.8,8071,8147.8,8164.4,8140.4,8168.4,8206.3,8198,8184.4,8181.7,8171.5,8164.3,8167.2,8163.5,8144.8,8122.6,8183.2,8244.4,8228.3,8218,8247,8277.4,8309.7,8344.5,8336,8321.8,8381.7,8432.8,8395.5,8369,8445.9,8594.1,8615.1,8466.1,8451.5,8513.4,8526.2,8463,8408.6,8478.3,8543.9,8541.8,8537.4,8606.4,8698.1,8673.1,8565.7,8596,8736.1,8678.5,8488.5,8752,9079.8,8449.8,7085.3,7224.7,8633.2,8885.4,8751.7,8852,8947.7,8932.7,8916.9,8898.3,8933.8,8995.5,8989.7,8948.5,8953.5
4418.6,5122.3,6235.8,7014.3,7103.5,7125.7,7137.8,7227.9,7345.5,7321.2,7263.9,7214.2,7242.3,7298.9,7340.6,7352.6,7292.2,7236.4,7255.6,7324.7,7353.1,7349.8,7351,7352.4,7285.7,7331.7,7505.7,7477.7,7406.4,7479.1,7532.7,7603.3,7667.1,7695.4,7723.2,7754.1,7788,7812.5,7814.7,7829.7,7861.9,7879.5,7893.9,7932.5,7972.7,7971.4,7972.1,8041.2,8111.2,8108.9,8105.6,8120.5,8191.4,8211.7,8169,8192.1,8232.5,8207.2,8208.7,8214.8,8220,8218.1,8217.8,8208.7,8177.7,8156.5,8169.2,8189.5,8184.8,8197.3,8240.7,8275.5,8300.8,8347.7,8398.3,8358.2,8306.3,8364.4,8443.8,8449.8,8417.2,8447.5,8564,8584.4,8454.5,8390.5,8427.2,8463,8466.8,8450.6,8488.1,8568.2,8587.7,8554.5,8556.6,8647.8,8711.4,8608.9,8524.8,8695.8,8757.3,8540.4,8702.9,9076.2,8087.3,6078.2,6464.4,8570.4,9008.6,8799.1,8828.7,8913.2,8971.2,8923.2,8842.4,8947.4,9032.8,9034.7,8984,8996
1535.1,3111.8,5150.6,7265.1,7225.9,7082.6,6941.7,7104.9,7305.4,7357.9,7311.9,7273.9,7264.1,7296.6,7317.9,7352.9,7324.7,7263.9,7253.1,7313.8,7323.3,7281.7,7325.6,7368,7299.9,7329.4,7477.1,7468.9,7421.8,7494,7567.8,7686.4,7743.7,7728.4,7771.1,7826.4,7842.9,7854.3,7837.6,7822.9,7821.4,7843.3,7902.2,7953.9,7997.9,7985.4,7956.7,8022.3,8045.6,8055.4,8110.7,8215.2,8314.3,8250.3,8201.7,8218.3,8164.7,8142.1,8213.6,8246,8214.7,8183.3,8229.5,8253.6,8182.7,8149.3,8226.9,8267.3,8182.9,8146,8244.3,8314.1,8306.3,8318.3,8380.3,8384.5,8328.5,8349.8,8438,8485.2,8435,8378.9,8450.2,8494.6,8452.2,8423.5,8443.3,8466,8477.9,8483.7,8502.1,8579.3,8645.9,8602.2,8555.2,8587.6,8660.3,8659.8,8571.9,8592.5,8687.2,8613.2,8684.7,8978.1,7775.9,5181.9,6016.2,8313.4,9133,8899.4,8798.7,8910.2,9079.6,8984.7,8945.2,9004.6,9044.6,9015.2,8974.5,9019.4
522.4,1641.9,4020.2,6678.7,7449.2,7141.1,6865.2,7057.3,7269.2,7392.9,7361.6,7317.3,7259.4,7254.8,7287.2,7368.3,7368.7,7291.6,7246.3,7300.4,7322.1,7305.6,7358.2,7401.2,7329.3,7333.4,7462.5,7499.5,7549.9,7597.5,7620,7714.5,7728.5,7685.9,7719.2,7791.3,7813.3,7821,7830.6,7834.6,7826.9,7826.6,7900.5,7964.2,7994.1,8005.9,8014.4,8016.6,7944.1,7972.5,8049.4,8020.2,7965.4,7916.5,8080.7,8331.2,8207.2,8056.9,8202.4,8295,8157.6,8055.4,8180.3,8314.5,8216.2,8110.8,8217.9,8341.4,8250,8148.9,8258.2,8382.2,8330.8,8269.5,8356.1,8440.2,8404.5,8384.1,8450.6,8498.3,8448.8,8399.4,8445.6,8509.8,8513,8502.9,8504.8,8525.1,8542,8543.6,8546.5,8574.2,8625.6,8643.4,8602.9,8567.8,8599.9,8645.8,8630.1,8583.6,8541,8589.7,8760.6,8664.6,7094.6,4900.4,5178.5,8002.7,9262.9,9007.8,8715.3,8876.9,9008.9,8997.7,8998.8,8982.1,8971.6,8949.1,9047.1,9132.8
385.76,1112.9,3725.7,6143.1,7365.6,7171,6927.9,7035,7239.4,7392.2,7358.4,7284,7204.3,7182.2,7246,7358.8,7341.5,7235.4,7205.8,7280.4,7319.5,7329,7381,7411.8,7366.8,7404.3,7484.6,7545.9,7650.8,7607.9,7570.8,7615.9,7638.1,7617.1,7645.8,7726.6,7763.9,7760.6,7786.2,7831.7,7855,7867,7914.4,7971.6,7987.4,8000.5,8043.6,8049.8,8051.9,8181.5,8081.1,7397.2,6493.7,6115.8,6769.6,8141.7,8408,8042,8138,8379.7,8202.8,8010.1,8168,8362,8282.3,8124.5,8180.7,8332.1,8324.9,8220.9,8253.8,8383.4,8383.6,8303.6,8366.4,8500.9,8503.9,8467.9,8481.1,8498,8491.5,8488.8,8520.7,8552.3,8560.7,8555.8,8557.7,8575.6,8589.9,8597.1,8600.2,8598.5,8603.4,8623.1,8634.9,8632.3,8639.1,8664.3,8661.2,8611.5,8604.6,0,0,0,0,4414.4,6061.4,8201,9107,9151.7,8866.2,8878.2,8968,9044.8,9035.7,8951.1,8902.9,8961.1,9221.5,8545.1
1367.5,2939.5,4926.8,6464.8,7283.2,7198.1,7004.5,7040.1,7218,7370.9,7339.1,7248,7166.8,7160.9,7228.8,7286.1,7242,7163.5,7168.4,7266.8,7311.5,7334.2,7359.4,7368.4,7404.2,7481.7,7501.3,7516.5,7532.9,7502.6,7505.7,7544.8,7573.1,7590.1,7624,7678.3,7722.8,7748.7,7773.6,7810.9,7853.8,7891.6,7925.3,7955.1,7982.8,8024.5,8032.8,7978.6,8125.4,8305.1,7016.6,4102,2203.3,2956.7,4814.5,7287.3,8575.3,8081,7964.8,8268.8,8294.3,8120.8,8155.9,8338.5,8352.2,8196.2,8166.1,8313.3,8383.5,8291.6,8248.6,8363.3,8432.2,8357.3,8348.2,8458.9,8498.2,8476.6,8482.6,8492.6,8502.6,8534.7,8574.5,8558.6,8518.8,8533.3,8578.6,8599.3,8599.3,8606.3,8621.4,8633.6,8633.9,8626.4,8632.4,8662.2,8694.3,8706.7,8722.1,8645.7,8603.7,0,0,0,0,0,5151.5,5343.1,7870.9,9346.4,9103.3,8976.7,9085.7,9182.1,8900.1,8701,8688.1,8874.5,8908.2,7439.7
1380.1,3470.6,5341.8,6375.1,7246.2,7253.2,7067.7,7055.7,7188.4,7301,7290.4,7230.6,7190.4,7190.8,7206.7,7199.3,7175.9,7188.5,7251.3,7284.1,7302.7,7329.2,7327.2,7326.5,7412.6,7460.9,7439,7432.5,7408.8,7408,7491,7545.3,7565.9,7599.7,7645.1,7662,7672.1,7738.4,7809.6,7814.3,7820,7876,7924.8,7923.1,7942.2,8042,8073.6,7949.1,7872.5,7555,5991.8,2367.9,481.37,1811,3690.1,6440.9,8566.9,8158.3,7830.8,8160.7,8349.9,8167.8,8064.2,8228.5,8348.1,8259.4,8197.1,8299.1,8403.2,8338.1,8253.9,8313,8389.9,8353.8,8312,8353.7,8386.8,8421.7,8475.2,8484.7,8468.6,8488.3,8532.1,8533.3,8481,8468.1,8557.4,8631.1,8620.7,8601.7,8619.9,8648.1,8677.7,8706.2,8721.2,8707.9,8707.9,8725.2,8762.5,8777.1,8721.5,0,0,0,0,0,0,0,6065.9,8842.7,8668.1,8521.1,8064.4,7698.7,7816,8051.8,8311.1,8329.2,7095,4227.3
510.13,2630.5,4946,6019.2,7039,7191.8,7019.8,7018.3,7123.4,7208.4,7223.6,7204.9,7185.8,7167,7157.1,7155.7,7212.4,7323,7344.6,7294.2,7301.6,7324.2,7320.8,7335.2,7378.2,7377.8,7370.6,7390.5,7399.5,7432.1,7525.2,7579.1,7573.3,7598.5,7662.1,7670.6,7644,7698.7,7808.4,7832.8,7800.5,7852.4,7946.4,7929,7874.3,8004.1,8142.5,7984.6,7698,6847.8,4674.1,1675.8,153.66,826.7,1690.8,4448.1,8043.2,8387.2,7956.2,8113.4,8344,8225,8060.4,8156.7,8310,8296.5,8239.6,8265.3,8315.1,8306.2,8267.9,8274,8322.8,8341.5,8339.7,8357.2,8376.4,8413,8475,8497.6,8454.3,8427.4,8484.9,8533.8,8511,8480.9,8554.6,8647.9,8678.2,8660.6,8654.6,8677.2,8702.5,8749,8796.8,8818.8,8777.6,8732,8778.9,8854.8,0,0,0,0,0,0,0,0,0,5988.5,6370.4,5315.1,5314.6,5128.7,5423.2,6116.3,6521.7,5534.7,4281.5,804.14
14.057,1484.2,2793.2,4279.3,6541.2,7037.7,6881.8,7122.6,7187.1,7206.1,7191.1,7160.1,7121.6,7098.7,7106.6,7148,7270.8,7370.9,7349.4,7329.4,7333,7323.4,7335.5,7365,7354.7,7323.3,7378,7464.4,7459.4,7459.7,7549.6,7602.5,7572.5,7573.6,7649.9,7688.5,7648.9,7652.3,7770.3,7847.7,7803.3,7808.7,7954.5,8014.4,7873.1,7886.4,8139.8,8075.2,7112.2,5197.3,2662.2,394.1,0,111.41,372.22,1815.5,6422.2,8518.4,8146.6,8105.6,8265.5,8280.3,8212.1,8223,8289.1,8310.2,8289.8,8286.2,8295.3,8302.1,8324.9,8359.8,8387.8,8403.9,8434.8,8472.4,8466.9,8459.3,8499,8531.5,8523,8521.7,8563.4,8615.4,8630.6,8614.5,8623,8683.4,8730.2,8748,8758.3,8761,8761.5,8768.1,8787.4,8813.8,8851.2,8892.3,8881.4,8744.9,0,0,0,0,0,0,0,0,0,0,1917.6,1871.6,2310.7,2063,1925.6,2704.2,2931.5,1951.4,1547,0
0,350.55,400.8,2693.4,4261.3,5071.7,6923.5,7242.1,7045.3,6819.3,6646.1,6630.2,7038.8,7406.9,7371.3,7297.7,7300.4,7272.9,7309.9,7380.8,7366.4,7318.1,7340.8,7390.5,7360.8,7309.1,7393,7521.9,7501.4,7468.2,7532,7593.5,7563.3,7539.6,7643.3,7735.4,7698.8,7666.9,7772.7,7881.7,7864.8,7833.9,7936.1,8067.4,8006.5,7895.1,7991.2,7949.1,6335.9,3828.3,1570.8,228.51,0,1.4766,1.8376,314.7,4234.7,7969.5,8167.7,8196.5,8237.6,8251.2,8276.1,8307,8306.4,8292.5,8316.2,8364.5,8382.6,8377.3,8397.8,8439,8449.3,8446.3,8468.3,8500,8519.4,8536.6,8553.5,8556.8,8575.3,8619.1,8656.2,8685.2,8707.6,8674.7,8627.4,8652.9,8720.5,8761.2,8767.8,8782.5,8822.1,8857.9,8834.2,8782.5,8735,8666.4,8185.1,0,0,0,0,0,0,0,0,0,0,0,0,0,0,0,110.78,293.84,336.25,257.3,113.38,0
0,0,88.301,906.25,799.18,3426.5,4751.2,4525.8,4060.1,3722.1,3992.1,5153.2,6772.3,7676.7,7333.8,7262,7189.2,7176.9,7291.8,7423.7,7383.1,7293.6,7328.2,7408.5,7382.2,7333,7417.9,7520.9,7514.9,7476,7521.4,7611.3,7635.2,7617.2,7697.9,7799.6,7792.6,7740.7,7794.8,7910.2,7940.1,7914.6,7953.1,8061.6,8132,8106.2,8060.3,7907.1,6533.9,3530.8,1327.6,330.58,0,0,0,0,2266.5,5414.2,6661.7,7504.3,8180.6,8235.7,8299.5,8351.8,8360.5,8300.1,8312.7,8398.6,8450.4,8436.2,8425.3,8419.2,8394.6,8428.8,8470.7,8483.3,8494,8553.3,8628,8650.1,8672.2,8654.6,8607.3,8610.3,8661.4,8656.6,8551,8483.2,8615.2,8739.3,8742.2,8719.2,8754.2,8861.4,8900.3,8580.1,8117.8,7103.9,5058,0,0,0,0,0,0,0,0,0,0,0,0,0,0,0,0,38.057,61.425,15.185,0,0
0,0,4.0122,0,465.34,1228.9,1286.3,1119.4,1026.7,1037.5,1605.9,3059.1,4120.9,4706.2,5361.9,6623.6,6818,7079.5,7236.7,7393.2,7334.4,7211.1,7263.9,7404.2,7442.5,7420.1,7467.4,7505.6,7459.5,7451.6,7542.8,7701.6,7771.9,7731.7,7665,7674.9,7633.1,7524.5,7522.9,7698.3,7827.6,7812.9,7811.6,7869.1,7917.3,7736.3,7482.9,6088,3390.5,1226,351.89,0,0,0,0,0,469.36,2124.4,3113.2,5093.1,7341.6,7245.6,7594.4,7764.8,8033.3,8189.9,8398.1,8467.4,8440.5,8391,8305.9,8274,8308.9,8373.7,8391.2,8393.6,8360.4,8301.2,8266.5,8214.1,8007.3,7816.6,7762.5,7849.7,8142,8544.2,8517.4,8272.8,8238.8,8394.3,8533.1,8595.4,8565.2,8573,8449.9,6736.5,4214.6,0,0,0,0,0,0,0,0,0,0,0,0,0,0,0,0,0,0,0,0,0,0,0
0,0,0,0,0,0,0,0,246.2,444.1,561.63,1006.1,1095.5,980.41,2990.6,5169.5,5513,5801.3,6068,6521.5,6773.3,6905.4,7114,7251.7,7242.6,7070.8,6987.2,7078.5,7235.5,7311.3,7325.3,7384.9,7306.9,7149.4,7117.6,7145.7,7184.9,7072.8,6915.1,7004.6,7059.8,6816.6,6542.7,6323.3,6146.5,5698.2,4859.8,3512.7,1451.7,0,0,0,0,0,0,0,0,474.3,928.34,1887.4,3100.4,3974.3,5303.1,6303.7,6528.5,6681,6882.7,7212.9,7241.2,7379,7527,7577.4,7335.7,6951.9,6076.6,5251.8,4510,3860.2,4545.4,5595.9,5553,5152.8,4811.6,4622.6,4354.1,3917.9,3404.4,2891,2658,2736.5,3082,3784.5,5031.5,5479.4,5042.9,3013.6,1269.4,0,0,0,0,0,0,0,0,0,0,0,0,0,0,0,0,0,0,0,0,0,0,0
0,0,0,0,0,0,0,0,14.955,72.676,63.562,0,0,0,1293.1,2293.9,2824,3499.5,4263.6,5124.5,5340.2,4904.4,4727,5345.7,6020.6,6066.7,6213.2,6159.3,5660.1,5352.3,5340.7,5609.6,6108.1,6239.7,6207.2,5779.2,5218.9,4442.7,3642.6,3482,3782,3505.1,3056.8,2707.3,2435.2,1920.2,873.85,68.45,0,0,0,0,0,0,0,0,0,30.13,59.343,74.286,637.4,1078.7,1942,2429.4,2457.8,2403.7,3096.3,4329.9,4650.1,4389.8,3932.2,3260,2607.1,2138.7,1650.7,1316.1,1106.3,973.25,1098.9,1562.7,1516,886.71,462.19,437.27,535.37,499.89,404.66,335.79,280.75,254.51,297.72,389.7,505.93,412.72,52.442,0,0,0,0,0,0,0,0,0,0,0,0,0,0,0,0,0,0,0,0,0,0,0,0,0
0,0,0,0,0,0,0,0,0,0,0,0,0,0,199.49,142.12,682.31,1617.1,2187.8,2385.4,2108.4,1402.8,1262.1,2858.5,4080.5,3865.5,3404.5,2851.2,2228.4,2298.5,2804,3482.1,4094.7,3904.4,3388.3,2710.2,1930.2,1100.7,368.39,390.66,1103.6,1338.3,1094.2,831.65,561.74,254.83,16.859,0,0,0,0,0,0,0,0,0,0,0,0,0,64.044,105.96,79.718,0,120.15,431.5,706.59,1038.1,918.53,455.22,0,0,15.754,243.3,385.79,302.98,169.09,22.665,0,0,0,0,0,26.636,44.123,19.177,4.0487,0,0,0,0,0,0,0,0,0,0,0,0,0,0,0,0,0,0,0,0,0,0,0,0,0,0,0,0,0,0,0,0,0
