1.5083,1.503,1.5021,1.4903,1.4741,1.4792,1.4924,1.4995,1.5017,1.5024,1.4981,1.5013,1.5218,1.5433,1.5684,1.6026,1.6391,1.6727,1.7098,1.7669,1.8343,1.8904,1.9371,1.9839,2.0313,2.0727,2.0983,2.1073,2.0733,2.013,1.987,2.016,2.0249,2.0145,2.0131,2.0183,2.0237,2.025,1.9999,1.9771,1.9694,1.9624,1.9592,1.9572,1.9512,1.9385,1.9226,1.9205,1.9294,1.9431,1.9559,1.9639,1.9732,1.9838,2.0012,2.0189,2.079,2.167,2.2022,2.0957,1.969,1.8145,1.669,1.5906,1.5429,1.5123,1.5288,1.5472,1.5447,1.535,1.5255,1.5133,1.5062,1.5141,1.522,1.5322,1.545,1.5624,1.5829,1.6079,1.6356,1.6603,1.6793,1.6898,0,1.562,1.5336,1.6697,1.7787,1.8316,1.8693,1.8775,1.8642,1.8271,1.766,1.7092,1.6761,1.6687,1.6661,1.6616,1.6509,1.6365,1.6321,1.6427,1.6493,1.6334,1.6077,1.6002,1.614,1.6238,1.631,1.6389,1.6366
1.4655,1.4579,1.4462,1.4309,1.4303,1.4435,1.4565,1.4602,1.4605,1.451,1.4379,1.4346,1.4489,1.4664,1.4838,1.5036,1.5268,1.552,1.5819,1.6226,1.6621,1.7014,1.7543,1.8199,1.8906,1.9655,2.0276,2.0458,2.0148,1.9776,1.9942,2.033,2.0429,2.0117,1.987,1.9811,1.9829,1.9949,1.9985,1.987,1.971,1.9618,1.9638,1.969,1.9776,1.9781,1.9695,1.9593,1.9533,1.9527,1.9597,1.9759,1.993,2.0191,2.0471,2.0815,2.1486,2.2142,2.1821,2.1119,1.9836,1.8085,1.6575,1.5936,1.5497,1.5283,1.5238,1.5327,1.5474,1.5507,1.5389,1.5254,1.5217,1.5289,1.5357,1.5405,1.5475,1.5637,1.582,1.606,1.6346,1.6631,1.6845,1.7083,0,1.4739,1.3187,1.3798,1.5373,1.6991,1.8218,1.9141,1.9732,1.9435,1.8842,1.8167,1.7485,1.7019,1.6871,1.6802,1.6646,1.6406,1.6318,1.6573,1.6758,1.6762,1.677,1.6679,1.6587,1.6554,1.6564,1.6559,1.6524
1.4383,1.4459,1.4463,1.4384,1.427,1.4223,1.4194,1.4213,1.417,1.408,1.4006,1.4055,1.4141,1.4189,1.4218,1.428,1.4382,1.4476,1.4618,1.4755,1.4909,1.5174,1.5676,1.6396,1.7335,1.8282,1.9114,1.9583,1.9738,1.9866,2.0116,2.0337,2.0251,2.005,1.9895,1.978,1.9743,1.9932,2.0146,1.9961,1.9718,1.9602,1.9569,1.9631,1.9797,1.9917,1.9852,1.9773,1.9639,1.9507,1.9512,1.9683,1.9882,2.019,2.0541,2.1207,2.192,2.2186,2.1835,2.1097,1.9473,1.7734,1.6652,1.5982,1.5517,1.5314,1.5158,1.5376,1.5683,1.5757,1.5608,1.5478,1.5434,1.5433,1.546,1.5489,1.5542,1.5675,1.5829,1.605,1.6286,1.639,1.6483,1.7062,0,0,0.8709,0.79162,1.0266,1.2045,1.3518,1.4986,1.6741,1.8292,1.9249,1.8864,1.7904,1.7232,1.7016,1.6862,1.6794,1.6692,1.6696,1.6879,1.7058,1.7141,1.7241,1.7221,1.7092,1.6956,1.6926,1.689,1.675
1.4434,1.4446,1.4435,1.4369,1.4204,1.4062,1.3976,1.39,1.381,1.3718,1.3712,1.3743,1.3761,1.371,1.3653,1.3686,1.3763,1.3856,1.3991,1.4035,1.3972,1.4167,1.4649,1.5388,1.6237,1.7065,1.8096,1.8992,1.9623,2.0089,2.046,2.0494,2.0365,2.02,2.0037,1.9919,1.9719,1.9644,1.9762,1.9845,1.976,1.9584,1.9449,1.961,1.9796,1.9776,1.9625,1.9573,1.9617,1.9585,1.9633,1.9702,1.9824,2.0062,2.0534,2.1277,2.1953,2.2126,2.2044,2.0822,1.9096,1.7591,1.6648,1.5843,1.5599,1.5441,1.5384,1.5514,1.571,1.5788,1.5766,1.5667,1.5573,1.5512,1.5542,1.5581,1.5656,1.5775,1.5901,1.6008,1.6097,1.6393,1.6775,1.7005,1.7424,0,1.4312,0.80488,0.62828,0.6992,0.81576,0.9411,1.2268,1.5896,1.8788,1.883,1.8285,1.7754,1.7361,1.7092,1.705,1.7048,1.7134,1.725,1.7283,1.7127,1.6978,1.704,1.7224,1.7419,1.7208,1.6948,1.6969
1.4526,1.4286,1.3969,1.3832,1.3809,1.3746,1.3627,1.3525,1.3432,1.3378,1.3388,1.3401,1.3431,1.3448,1.3448,1.346,1.3476,1.3564,1.366,1.3707,1.3784,1.3882,1.4098,1.4645,1.537,1.6207,1.7168,1.8222,1.9319,2.0318,2.0908,2.09,2.0833,2.0368,1.9967,1.9721,1.9454,1.9212,1.9621,1.9999,1.9858,1.9607,1.961,1.9862,1.9998,1.9711,1.9425,1.9556,1.977,1.9886,1.9938,2.0019,2.0156,2.0278,2.0767,2.1398,2.1996,2.2405,2.2051,2.0358,1.8612,1.7453,1.6446,1.5859,1.5737,1.5616,1.5486,1.5416,1.5575,1.5819,1.5976,1.5789,1.5609,1.5546,1.5609,1.567,1.5733,1.5815,1.5887,1.5934,1.6084,1.6464,1.6743,1.6914,1.7159,1.8215,0,0,0.18182,0.29956,0.43051,0.53975,0.93845,1.4251,1.8295,1.8923,1.8907,1.8395,1.7853,1.7509,1.7337,1.7237,1.7449,1.7659,1.7705,1.7596,1.7507,1.7566,1.7622,1.7661,1.7546,1.7163,1.7099
1.4469,1.4077,1.3766,1.3579,1.3415,1.3398,1.3501,1.3494,1.3413,1.3292,1.3197,1.3159,1.3243,1.3332,1.3348,1.3323,1.3314,1.3357,1.3411,1.3582,1.37,1.3676,1.3813,1.4192,1.4694,1.5327,1.6089,1.7031,1.8241,1.939,2.0223,2.08,2.0868,2.0207,1.9503,1.9485,1.9395,1.9474,1.9743,1.9927,1.9773,1.9566,1.9858,2.02,2.0086,1.9747,1.9532,1.9577,1.972,1.9951,2.0123,2.0338,2.0556,2.0779,2.115,2.1629,2.2185,2.2788,2.1449,1.9682,1.8249,1.715,1.6247,1.5892,1.5625,1.5499,1.5393,1.5378,1.5709,1.6066,1.6078,1.5813,1.5554,1.5598,1.5689,1.5736,1.5701,1.5684,1.5855,1.6081,1.6289,1.6424,1.6631,1.702,1.724,1.7471,1.8096,0,0,0.21124,0.073417,0.21736,0.58115,0.98343,1.3738,1.6666,1.8597,0,1.8139,1.789,1.7642,1.7592,1.781,1.8058,1.8195,1.8305,1.8383,1.8178,1.7969,1.7796,1.7807,1.7631,1.7193
1.4333,1.3963,1.3827,1.3794,1.3631,1.3515,1.3593,1.3736,1.3737,1.3531,1.3361,1.3294,1.3301,1.3326,1.3314,1.3297,1.3322,1.3373,1.3455,1.3565,1.3594,1.3548,1.3555,1.3713,1.4122,1.4775,1.5406,1.627,1.735,1.8519,1.9552,2.0384,2.0511,2.0237,1.982,1.9577,1.9505,1.9591,1.9699,1.9727,1.969,1.9686,1.9809,1.9949,1.9839,1.966,1.9524,1.9411,1.9598,1.994,2.0187,2.0357,2.0576,2.0851,2.1207,2.1698,2.2234,2.1901,2.067,1.919,1.7908,1.6764,1.6133,1.5616,1.5408,1.5417,1.542,1.5645,1.59,1.6099,1.5968,1.5805,1.5703,1.5743,1.5798,1.5773,1.57,1.5708,1.5991,1.6267,1.6348,1.6426,1.669,1.7008,1.7096,1.7003,1.7944,1.8081,1.3461,0,0,0.09192,0.27344,0.51421,0.92339,1.4143,1.7877,1.8406,0,1.8592,1.8494,1.825,1.8044,1.8057,1.8523,1.8954,1.892,1.8452,1.8041,1.8068,1.8339,1.8219,1.7684
1.4297,1.3973,1.3877,1.3818,1.3719,1.3636,1.3584,1.3635,1.3636,1.356,1.3446,1.3389,1.3341,1.3321,1.3328,1.3346,1.3435,1.3517,1.3506,1.3492,1.3523,1.3539,1.3497,1.3478,1.3713,1.4255,1.4861,1.5608,1.6491,1.7597,1.8775,1.984,2.0466,2.0689,2.0116,1.9606,1.9578,1.9697,1.9719,1.967,1.9647,1.9582,1.9543,1.9582,1.9619,1.9617,1.9592,1.9552,1.9756,2.0026,2.0195,2.0278,2.0361,2.0509,2.0863,2.1447,2.184,2.1338,2.035,1.8902,1.7584,1.6686,1.5964,1.5568,1.5541,1.5529,1.5633,1.5795,1.5955,1.5993,1.597,1.5924,1.5905,1.5901,1.5917,1.5956,1.5982,1.6051,1.6169,1.6278,1.6392,1.652,1.6679,1.6857,1.7092,1.7292,1.8008,1.8959,1.6044,0.96342,0,0.066158,0.088098,0.22736,0.46674,0.83136,0,0,0,1.8059,1.8351,1.8092,1.7829,1.7967,1.8261,1.8466,1.8331,1.8064,1.7925,1.8523,1.9072,1.8887,1.8588
1.4385,1.4029,1.3904,1.3825,1.3767,1.3729,1.3694,1.3618,1.3559,1.3531,1.348,1.3427,1.3369,1.3284,1.3218,1.3256,1.3395,1.3489,1.3456,1.3431,1.3496,1.3537,1.3456,1.3409,1.3582,1.3908,1.4401,1.4949,1.559,1.6675,1.791,1.9194,2.0292,2.0521,2.0059,1.9676,1.9739,1.9815,1.9679,1.9551,1.9485,1.9433,1.9433,1.9522,1.9597,1.9675,1.9761,1.9808,1.9881,2.0053,2.0279,2.0414,2.0325,2.0279,2.0613,2.112,2.1387,2.1244,2.0253,1.8874,1.7648,1.6702,1.6114,1.5877,1.569,1.566,1.5734,1.5824,1.592,1.5999,1.6055,1.6062,1.6043,1.6031,1.6086,1.6186,1.6267,1.6249,1.6232,1.6312,1.6441,1.6539,1.6611,1.6784,1.7217,1.7578,1.7851,1.8418,1.7628,1.4679,0.90718,0,0,0,0,0,0,0,0,0,1.7083,1.7265,1.7053,1.6052,1.5003,1.524,1.638,1.7227,1.7604,1.8021,0,1.9191,1.9086
1.4459,1.4131,1.4016,1.3932,1.388,1.3819,1.3802,1.3725,1.3584,1.3504,1.3487,1.346,1.3378,1.3175,1.3007,1.3084,1.3247,1.336,1.3427,1.3454,1.3469,1.3459,1.3386,1.3328,1.3368,1.3535,1.4028,1.459,1.531,1.6222,1.7341,1.8857,2.0182,2.0381,2.0193,2.0036,1.9971,1.9862,1.9694,1.9531,1.9415,1.9347,1.9423,1.9538,1.962,1.9684,1.9786,1.9948,2.0051,2.0146,2.0366,2.0482,2.0355,2.0352,2.0622,2.1007,2.14,2.1402,2.0604,1.9519,1.8072,1.7007,1.6478,1.6065,1.5857,1.581,1.5788,1.5827,1.5958,1.6098,1.6189,1.6177,1.6151,1.6149,1.6213,1.6292,1.6314,1.628,1.6266,1.6324,1.6393,1.6525,1.6673,1.6882,1.7165,1.7411,1.7584,1.8083,1.8571,1.7223,1.314,0.79372,0.27469,0,0,0,0,0,0,0,0,1.3701,1.3084,1.1266,0.98779,1.118,1.374,1.6377,1.7032,0,0,1.8082,1.8488
1.4592,1.4354,1.4207,1.4098,1.4037,1.3917,1.3812,1.3746,1.3591,1.3465,1.3489,1.3521,1.3444,1.3254,1.309,1.3133,1.3226,1.333,1.3439,1.3439,1.3411,1.3376,1.3327,1.3352,1.342,1.3517,1.3839,1.4293,1.4953,1.5729,1.6907,1.8365,1.9619,2.027,2.041,2.0239,2.0063,1.992,1.9782,1.9604,1.9435,1.9387,1.9458,1.9537,1.9592,1.9653,1.99,2.0172,2.0198,2.0008,2.0033,2.0334,2.0488,2.0461,2.0546,2.1044,2.1514,2.122,2.0683,1.981,1.8853,1.7909,1.706,1.6452,1.6135,1.5938,1.5818,1.5852,1.5941,1.6048,1.6134,1.6186,1.6219,1.6268,1.6329,1.6374,1.6355,1.632,1.6315,1.6338,1.6403,1.6589,1.678,1.6901,1.704,1.7165,1.7305,1.7773,1.8751,1.9423,1.8015,1.4766,1.1154,0.83636,0,0,0,0,0,0,0,0.80947,0.68763,0.46231,0.33939,0.4654,0.68347,1.0138,0,0,1.5978,1.64,1.746
1.4742,1.4539,1.435,1.4235,1.4179,1.4,1.379,1.367,1.3546,1.3458,1.3535,1.3617,1.3573,1.3473,1.3375,1.3343,1.3339,1.3355,1.3382,1.3375,1.3365,1.3376,1.335,1.3422,1.3541,1.3607,1.3705,1.4025,1.4653,1.5392,1.6448,1.7822,1.9445,2.0562,2.0584,2.0469,2.0245,2.0028,1.9836,1.9645,1.9487,1.9481,1.9498,1.9493,1.9512,1.9644,1.9963,2.026,2.0152,1.9877,1.9916,2.046,2.0741,2.0517,2.0548,2.1029,2.1347,2.1311,2.0981,2.0235,1.9401,1.8451,1.7526,1.6963,1.6586,1.6268,1.6064,1.5981,1.5949,1.5993,1.6114,1.6227,1.6324,1.6406,1.6484,1.6529,1.653,1.6532,1.6562,1.6597,1.6648,1.6722,1.6798,1.6849,1.6908,1.6966,1.7031,1.7238,1.7821,1.8528,1.8764,1.8648,1.7596,1.5608,1.2707,0.86122,0.44083,0,0,0,0,0,0.27637,0.067403,0,0,0,0,0,0,1.4231,1.4688,1.5609
1.481,1.4569,1.4333,1.4207,1.4135,1.3992,1.3781,1.3607,1.351,1.3483,1.3594,1.367,1.3612,1.3549,1.3528,1.3488,1.341,1.3336,1.3307,1.3316,1.3358,1.3456,1.3496,1.3474,1.3509,1.3542,1.3539,1.3787,1.4309,1.4973,1.5869,1.7399,1.9296,2.0192,2.045,2.0395,2.0223,2.0043,1.9874,1.9697,1.9658,1.9726,1.9736,1.9621,1.953,1.9689,2.0029,2.0277,2.0254,2.013,2.0097,2.031,2.0557,2.0541,2.0607,2.0889,2.1334,2.1743,2.1286,2.0593,1.9744,1.8833,1.7999,1.7389,1.6908,1.6539,1.6333,1.6185,1.608,1.6094,1.6159,1.6249,1.6387,1.6522,1.6636,1.6708,1.6765,1.682,1.6878,1.6931,1.6852,1.6771,1.6744,1.6752,1.6795,1.6873,1.6971,1.7203,1.735,1.773,1.8235,1.851,1.8178,1.7353,1.5432,1.2137,0.82068,0.47994,0,0,0,0,0,0,0,0,0,0,0,0,1.3246,1.4094,1.3948
1.4837,1.4554,1.4277,1.4135,1.4024,1.3957,1.3846,1.3703,1.3563,1.3551,1.3654,1.3691,1.358,1.3501,1.3581,1.3649,1.3524,1.3369,1.3371,1.3426,1.344,1.35,1.354,1.3453,1.34,1.3486,1.3558,1.3743,1.4021,1.4617,1.5372,1.6998,1.8516,1.9487,1.9901,1.9948,1.9947,1.9976,1.9951,1.9877,1.9939,2.0029,1.9965,1.9755,1.9603,1.9674,1.985,2.0073,2.0238,2.0255,2.0017,1.9863,2.0464,2.0856,2.0729,2.0756,2.1371,2.1865,2.1279,2.0656,1.9939,1.917,1.8388,1.7695,1.7116,1.6719,1.6506,1.6324,1.6193,1.6161,1.6169,1.6252,1.6437,1.6617,1.6761,1.6867,1.6967,1.7027,1.7081,1.7081,1.6955,1.6815,1.6731,1.6664,1.67,1.6793,1.7009,1.7369,1.7629,1.7694,1.7951,1.8352,1.8852,1.9452,1.8537,1.6872,1.4454,1.1721,0.88025,0,0,0,0,0,0,0,0,0,0,0,1.2522,1.4314,1.451
1.4815,1.4602,1.4365,1.4165,1.3994,1.3962,1.3941,1.382,1.3691,1.3669,1.3714,1.3692,1.3574,1.3519,1.3663,1.38,1.3592,1.3365,1.3496,1.3636,1.3497,1.3352,1.3361,1.339,1.3397,1.3462,1.3553,1.3637,1.3744,1.4295,1.505,1.6167,1.7847,1.9619,1.9915,2.0022,2.0031,2.0074,2.0167,2.019,2.0232,2.0291,2.0163,1.9979,1.9775,1.9621,1.9554,1.9873,2.0162,2.0264,2.0185,2.0099,2.0367,2.0795,2.0729,2.0746,2.1422,2.1817,2.1192,2.0592,2.0082,1.9502,1.8784,1.8028,1.7313,1.6895,1.6631,1.6422,1.6284,1.62,1.6145,1.6312,1.6551,1.6773,1.6903,1.7041,1.7151,1.7183,1.7217,1.7166,1.7062,1.6942,1.6804,1.6678,1.677,1.6867,1.7073,1.7413,1.7638,1.7512,1.7429,1.7611,1.7906,1.8248,1.8391,1.8324,1.7837,1.6968,1.5212,0,0,0,0,0,0,0,0,0,0,0,1.1067,1.4463,1.5465
1.4845,1.4719,1.4532,1.4313,1.4145,1.4086,1.403,1.3928,1.382,1.377,1.3748,1.3699,1.3618,1.3571,1.3604,1.362,1.3496,1.3398,1.359,1.3781,1.3476,1.3187,1.3256,1.3388,1.3419,1.3406,1.3487,1.3703,1.3913,1.4069,1.4646,1.5768,1.7113,1.8541,1.9603,2.0123,2.0115,2.008,2.0115,2.0252,2.0382,2.045,2.0394,2.0288,2.0033,1.9782,1.97,1.9895,2.0141,2.0308,2.0459,2.0147,1.9868,2.0414,2.1119,2.135,2.1571,2.1691,2.1189,2.0651,2.032,1.9909,1.9214,1.8446,1.7715,1.7324,1.6961,1.6612,1.6372,1.6204,1.6121,1.6431,1.6728,1.6925,1.6932,1.6987,1.7111,1.7238,1.7331,1.7241,1.7156,1.7017,1.684,1.6743,1.6853,1.6958,1.7027,1.7171,1.7326,1.7353,1.7287,1.7223,1.7149,1.7472,1.7963,1.8261,1.8205,1.7918,1.6982,1.5598,0,0,0,0,0,0,0,0,0,0.48888,0.96042,1.4279,1.5492
1.4872,1.4719,1.4576,1.4405,1.4269,1.4193,1.4113,1.4019,1.3928,1.3862,1.3804,1.3739,1.3676,1.3584,1.3499,1.346,1.3429,1.3463,1.3639,1.3718,1.3468,1.3228,1.3329,1.3437,1.3425,1.3376,1.3508,1.3786,1.3921,1.3916,1.4636,1.5493,1.6632,1.7938,1.9309,1.9973,1.9776,1.9772,1.9957,2.0241,2.0419,2.0526,2.0559,2.0521,2.0204,1.9898,1.9824,1.9927,2.0058,2.0171,2.0299,2.0133,1.9781,2.0523,2.1732,2.1911,2.1606,2.1505,2.1343,2.1134,2.1041,2.0759,1.9854,1.8936,1.8217,1.7826,1.7452,1.7105,1.6804,1.6531,1.6449,1.6625,1.6879,1.6939,1.685,1.6813,1.7043,1.7274,1.7353,1.723,1.7118,1.7042,1.6949,1.6925,1.6978,1.7022,1.6986,1.6966,1.7154,1.7378,1.7444,1.7421,1.7391,1.7497,1.774,1.8024,1.831,1.8579,1.8666,1.8195,1.5717,0,0,0,0,0,0,0,0,0.54428,1.0088,1.4386,1.5465
1.483,1.4591,1.4465,1.433,1.4231,1.4161,1.4094,1.4032,1.3989,1.3943,1.387,1.3791,1.3718,1.3637,1.354,1.338,1.3262,1.3381,1.3605,1.3654,1.3483,1.3353,1.3408,1.3468,1.3434,1.3409,1.3557,1.3766,1.3909,1.4064,1.4579,1.5255,1.6427,1.7761,1.9165,1.9841,1.9519,1.924,1.9428,1.9808,2.0173,2.0477,2.0677,2.0646,2.0323,2.003,1.9959,1.9969,2.0024,2.0076,2.0186,2.0389,2.041,2.0821,2.1544,2.1763,2.1592,2.1493,2.1588,2.1763,2.1914,2.1767,2.0644,1.9546,1.8753,1.8253,1.7858,1.7543,1.7238,1.6954,1.6798,1.6762,1.6802,1.6793,1.6753,1.6801,1.7066,1.7324,1.7323,1.7195,1.7112,1.7129,1.7124,1.7093,1.7076,1.712,1.7167,1.7163,1.7175,1.7287,1.7426,1.7534,1.7482,1.733,1.7282,1.736,1.7507,1.7812,1.8161,1.8197,1.755,0,0,0,0,0,0,0,0,0.67438,1.1455,1.488,1.5783
1.4818,1.4619,1.4429,1.4288,1.4159,1.4048,1.3939,1.3844,1.3829,1.384,1.3831,1.3799,1.375,1.3699,1.3594,1.323,1.2947,1.3151,1.3455,1.3573,1.3561,1.35,1.3449,1.3429,1.3411,1.3421,1.3584,1.376,1.3944,1.4144,1.4435,1.4937,1.6064,1.738,1.8889,1.9747,1.9607,1.929,1.9137,1.925,1.9622,2.0051,2.041,2.0436,2.0273,2.0118,2.0057,2.0015,2.0088,2.0178,2.0289,2.0495,2.0734,2.0837,2.1074,2.148,2.1713,2.1629,2.1546,2.1756,2.2156,2.2266,2.1244,2.0131,1.9229,1.8562,1.8045,1.7747,1.7482,1.7233,1.7034,1.6822,1.6682,1.6698,1.673,1.688,1.7115,1.7313,1.7268,1.7194,1.7184,1.7223,1.7236,1.7174,1.7134,1.7238,1.7394,1.7285,1.7058,1.7011,1.7211,1.7363,1.734,1.7219,1.7113,1.7051,1.6998,1.7149,1.7419,1.7643,1.761,0,0,0,0,0,0,0,0,0.87468,1.3283,1.5366,1.6099
1.4959,1.4797,1.4517,1.4313,1.4174,1.4017,1.3829,1.3674,1.3665,1.3708,1.3741,1.3757,1.3759,1.3751,1.3613,1.3137,1.2782,1.3048,1.3365,1.3558,1.3696,1.3597,1.3429,1.3367,1.3369,1.3435,1.3632,1.3812,1.3939,1.4075,1.4237,1.4658,1.5633,1.6835,1.8333,1.9411,1.9684,1.9583,1.9468,1.9433,1.9496,1.9784,2.0106,2.0123,2.002,2.0025,2.0108,2.0156,2.0276,2.0343,2.0311,2.0371,2.0571,2.0781,2.0975,2.135,2.1727,2.1664,2.1442,2.1652,2.2055,2.2122,2.1501,2.0679,1.9795,1.8942,1.8264,1.7945,1.7681,1.7482,1.7313,1.7134,1.6982,1.6873,1.683,1.6942,1.7124,1.7243,1.7249,1.7239,1.7256,1.7285,1.7257,1.719,1.7139,1.716,1.7208,1.7156,1.7,1.6975,1.7118,1.726,1.7272,1.7257,1.7318,1.7379,1.7295,1.7138,1.7156,1.743,1.7731,0,0,0,0,0,0,0,0,0,1.4883,1.5873,1.6401
1.4994,1.4833,1.4532,1.4349,1.4238,1.4074,1.3849,1.3675,1.3647,1.3653,1.3704,1.3752,1.3792,1.3822,1.3603,1.3139,1.2902,1.3156,1.3399,1.3555,1.3677,1.3586,1.3429,1.3365,1.3352,1.347,1.3681,1.3832,1.3904,1.3971,1.4026,1.4392,1.5219,1.6326,1.7778,1.8905,1.9397,1.9656,1.9724,1.9743,1.9737,1.9836,1.9968,1.9928,1.9851,2.0021,2.0218,2.0423,2.0688,2.082,2.0656,2.0475,2.0584,2.0816,2.0994,2.1201,2.1447,2.1511,2.1479,2.1613,2.1893,2.202,2.1825,2.1325,2.0474,1.9606,1.8782,1.8137,1.7708,1.7594,1.7538,1.7436,1.7229,1.7038,1.6924,1.6916,1.6977,1.7086,1.717,1.7224,1.7265,1.7295,1.7257,1.7198,1.7089,1.6979,1.6986,1.7137,1.7202,1.7189,1.7214,1.7204,1.7163,1.7177,1.731,1.7495,1.7278,1.6922,1.6921,1.7271,1.7683,1.829,1.8852,0,0,0,0,0,0,1.3107,1.5954,1.6353,1.6695
1.4874,1.4736,1.4536,1.4332,1.4178,1.4037,1.3848,1.3693,1.3633,1.3628,1.3722,1.3805,1.3864,1.3912,1.3563,1.3088,1.3006,1.3226,1.3415,1.3539,1.3625,1.3578,1.3497,1.3407,1.3333,1.3494,1.3719,1.3899,1.4037,1.4074,1.4033,1.4316,1.4957,1.5938,1.7306,1.8435,1.9126,1.9548,1.9597,1.9655,1.9792,1.9852,1.9838,1.9789,1.9793,2.0125,2.0443,2.0635,2.0949,2.1261,2.1052,2.0853,2.0923,2.108,2.1086,2.1069,2.1184,2.1399,2.1535,2.1567,2.1654,2.1865,2.1988,2.1736,2.1011,2.022,1.9184,1.8171,1.7549,1.7511,1.7518,1.7386,1.7152,1.6958,1.6868,1.6791,1.6785,1.6944,1.7105,1.718,1.7224,1.7241,1.7198,1.7151,1.7124,1.706,1.7075,1.7234,1.7344,1.7285,1.7218,1.7086,1.6962,1.6858,1.6795,1.6758,1.6642,1.649,1.6854,1.7281,1.7668,1.8203,1.8685,0,0,0,0,0,0,0,1.6218,1.6581,1.6826
1.4795,1.4687,1.4522,1.4238,1.4001,1.3912,1.3811,1.3761,1.3724,1.3714,1.3786,1.3878,1.396,1.396,1.3493,1.2961,1.3002,1.3196,1.34,1.3586,1.3642,1.3571,1.3511,1.3412,1.3326,1.3521,1.3763,1.3994,1.4206,1.4192,1.4079,1.4288,1.4773,1.566,1.6971,1.8097,1.8896,1.9413,1.9427,1.9436,1.9716,1.9926,1.996,1.9868,1.9854,2.0267,2.0719,2.059,2.0526,2.0662,2.0792,2.0883,2.1057,2.1263,2.1138,2.0957,2.0933,2.1046,2.1151,2.115,2.1217,2.1703,2.2208,2.2,2.135,2.0622,1.9674,1.8616,1.7889,1.7689,1.7589,1.7295,1.6969,1.6753,1.673,1.6703,1.6732,1.6858,1.6996,1.7061,1.7133,1.7162,1.7144,1.7145,1.7254,1.7331,1.7257,1.7221,1.7227,1.7209,1.7132,1.6953,1.6767,1.6522,1.6224,1.6092,1.613,1.6343,1.6898,1.7382,1.7351,1.7455,1.8154,0,0,0,0,0,0,0,1.6416,1.6676,1.678
1.4726,1.4541,1.4339,1.4083,1.3887,1.3844,1.3815,1.3858,1.3881,1.3876,1.389,1.3961,1.4073,1.3991,1.344,1.2941,1.3018,1.3166,1.3419,1.3675,1.3649,1.3506,1.343,1.3396,1.3386,1.3543,1.3739,1.4009,1.4281,1.4231,1.4092,1.4277,1.4635,1.5454,1.6667,1.7787,1.871,1.9265,1.9263,1.9277,1.9645,2.0044,2.0191,2.0207,2.0207,2.036,2.0626,2.0447,2.0061,2.007,2.0344,2.0484,2.057,2.0726,2.0848,2.0818,2.0712,2.0657,2.0553,2.0386,2.0378,2.076,2.1268,2.1596,2.1528,2.1046,2.0296,1.9433,1.8819,1.8415,1.8069,1.7602,1.7118,1.6836,1.6769,1.671,1.6692,1.6739,1.6765,1.6727,1.6714,1.6888,1.7037,1.7157,1.7322,1.7448,1.7309,1.7124,1.7108,1.7134,1.703,1.6829,1.6659,1.6535,1.6376,1.6466,1.6553,1.6745,1.7056,1.7219,1.7033,1.6929,1.7966,0,0,0,0,0,0,0,1.6757,1.6879,1.6824
1.4611,1.4355,1.4152,1.395,1.3848,1.3826,1.3804,1.381,1.3853,1.391,1.3934,1.4051,1.4193,1.399,1.3406,1.3028,1.3159,1.3306,1.3438,1.3624,1.355,1.3411,1.3384,1.3416,1.3455,1.3546,1.3688,1.3974,1.4262,1.4202,1.4108,1.4365,1.4706,1.5446,1.6457,1.753,1.8563,1.9121,1.9104,1.913,1.9407,1.976,2.0093,2.0372,2.0384,2.0316,2.0382,2.049,2.0432,2.024,2.0177,2.0174,2.0139,2.0238,2.0574,2.0814,2.0761,2.0682,2.0433,2.0075,1.9822,1.9828,2.0075,2.0975,2.1552,2.146,2.0932,2.0294,1.9604,1.8995,1.8476,1.7985,1.7494,1.7333,1.7256,1.7135,1.6927,1.6768,1.6592,1.6436,1.64,1.6712,1.7021,1.7157,1.7259,1.7354,1.736,1.7301,1.7245,1.7212,1.6969,1.6721,1.665,1.666,1.6737,1.6967,1.7127,1.7014,1.6981,1.7382,1.768,1.7848,1.8218,1.8902,1.9489,0,0,0,0,0,0,1.7173,1.6858
1.4475,1.4212,1.3978,1.3771,1.3781,1.3802,1.3755,1.3686,1.3697,1.3825,1.3923,1.4189,1.4417,1.4073,1.3481,1.3199,1.331,1.3402,1.3392,1.3426,1.3398,1.3339,1.3377,1.3432,1.3487,1.3546,1.3678,1.3975,1.4238,1.4193,1.4154,1.4483,1.4851,1.549,1.6288,1.7331,1.8448,1.8989,1.9006,1.9021,1.9128,1.9346,1.9756,2.0106,2.0148,2.0078,2.0172,2.0516,2.0809,2.0376,2.0034,2.0039,2.0068,2.0193,2.046,2.072,2.0787,2.078,2.0572,2.0305,2.0135,2.0064,2.0138,2.0795,2.1653,2.1802,2.1636,2.1111,2.0266,1.9503,1.8882,1.8331,1.7862,1.7776,1.7749,1.7552,1.725,1.6991,1.683,1.6652,1.6604,1.6774,1.7015,1.7111,1.7183,1.7364,1.755,1.7541,1.7429,1.7274,1.6968,1.6684,1.6759,1.6827,1.699,1.7203,1.7187,1.6992,1.7188,1.7822,1.8187,1.7899,1.7795,1.8751,0,0,0,0,0,0,0,1.7365,1.6796
1.4318,1.4053,1.378,1.3586,1.3668,1.373,1.3722,1.3673,1.3692,1.3816,1.4006,1.4379,1.4717,1.4252,1.3715,1.3516,1.3511,1.3493,1.3426,1.3368,1.3343,1.3326,1.3378,1.3437,1.3495,1.3552,1.3735,1.406,1.4288,1.4225,1.4193,1.4512,1.4883,1.5493,1.6153,1.7197,1.836,1.888,1.8977,1.9078,1.9207,1.9316,1.9556,1.9871,1.9876,1.9806,1.9887,2.0105,2.0259,2.0149,1.9953,1.9986,2.0039,2.0147,2.0298,2.0498,2.0664,2.0752,2.0656,2.0517,2.0442,2.0349,2.0345,2.0607,2.1055,2.1268,2.142,2.128,2.0731,1.996,1.9281,1.8645,1.8179,1.7952,1.7802,1.7562,1.7312,1.7122,1.7043,1.6946,1.6839,1.6791,1.6873,1.7037,1.7172,1.7239,1.738,1.7445,1.744,1.7243,1.6937,1.6802,1.6921,1.7022,1.7105,1.7194,1.7121,1.7066,1.731,1.7584,1.7689,1.775,1.8127,1.8787,1.9272,0,0,0,0,0,0,1.7617,1.6979
1.4044,1.3738,1.3426,1.338,1.3561,1.3681,1.3736,1.3759,1.3807,1.3886,1.4079,1.4406,1.462,1.4218,1.3837,1.3756,1.3663,1.3593,1.3529,1.3471,1.3426,1.3396,1.3408,1.3439,1.3506,1.3574,1.3806,1.416,1.4341,1.4257,1.4237,1.4464,1.4777,1.5496,1.6246,1.7286,1.8387,1.8817,1.8956,1.9154,1.9358,1.9467,1.9523,1.9659,1.971,1.9703,1.9714,1.9745,1.9832,1.9959,1.9995,2.0018,2.0052,2.0152,2.026,2.0394,2.0576,2.0717,2.0732,2.0719,2.0793,2.0795,2.0672,2.0569,2.0589,2.0744,2.0884,2.0976,2.0824,2.0428,1.9841,1.9173,1.8551,1.8056,1.7721,1.7386,1.7085,1.6938,1.6894,1.6861,1.681,1.6714,1.6772,1.6983,1.7057,1.6965,1.6982,1.7142,1.7242,1.7182,1.7044,1.7086,1.7197,1.7191,1.7152,1.7145,1.7144,1.7144,1.715,1.7292,1.7614,1.7852,1.7883,1.8077,1.8788,0,0,0,0,0,0,0,0
1.3755,1.3342,1.2981,1.3135,1.3442,1.3609,1.3666,1.3744,1.3865,1.3952,1.4097,1.4335,1.4302,1.3901,1.3574,1.3631,1.3646,1.3603,1.3559,1.3518,1.3479,1.3452,1.3435,1.344,1.3531,1.363,1.3869,1.4183,1.4304,1.424,1.4256,1.4444,1.4729,1.5531,1.6368,1.7409,1.8441,1.8784,1.8913,1.9078,1.9299,1.9437,1.9425,1.9466,1.9624,1.9728,1.975,1.977,1.9778,1.9815,1.9869,1.9929,2.0019,2.0162,2.0277,2.0349,2.0453,2.0596,2.0717,2.0841,2.1045,2.1222,2.1029,2.0798,2.0825,2.0954,2.1024,2.1057,2.1138,2.0968,2.0556,2.0006,1.928,1.8609,1.8027,1.7488,1.7026,1.6802,1.6663,1.6662,1.6727,1.6735,1.6738,1.6804,1.6831,1.6754,1.6793,1.6975,1.7155,1.7286,1.7345,1.7436,1.7497,1.7338,1.7214,1.7158,1.7115,1.7087,1.7082,1.7236,1.7379,1.7426,1.7437,1.7805,1.8363,0,0,0,0,0,0,0,0
1.3534,1.319,1.2873,1.3077,1.3391,1.3524,1.356,1.3685,1.3897,1.4022,1.398,1.4021,1.3891,1.3569,1.3396,1.3538,1.3617,1.3557,1.3497,1.3452,1.3413,1.3418,1.3439,1.3475,1.3586,1.3698,1.3919,1.4177,1.4239,1.4189,1.4291,1.4554,1.4921,1.5686,1.6498,1.7464,1.8418,1.8729,1.8855,1.8949,1.9072,1.9213,1.9307,1.9396,1.954,1.968,1.9735,1.9748,1.9677,1.9624,1.9593,1.9591,1.9732,1.995,2.0117,2.0198,2.029,2.0471,2.0663,2.0756,2.085,2.0959,2.0933,2.0874,2.1032,2.1277,2.1409,2.1364,2.1339,2.1182,2.0963,2.0612,1.9912,1.9136,1.851,1.7947,1.7449,1.7125,1.6848,1.676,1.6789,1.6771,1.6623,1.6565,1.6682,1.6759,1.6836,1.6955,1.7158,1.7382,1.7566,1.7716,1.7658,1.7426,1.725,1.7138,1.7059,1.7028,1.7006,1.7014,1.7022,1.7048,1.7121,1.7462,1.7884,0,0,0,0,0,0,0,0
1.3427,1.3264,1.3137,1.3245,1.3399,1.347,1.3513,1.3689,1.3944,1.3993,1.3687,1.3503,1.3393,1.322,1.3301,1.3507,1.3586,1.3485,1.3413,1.3379,1.3338,1.3381,1.3447,1.3562,1.3735,1.3896,1.4105,1.4291,1.4248,1.4164,1.4365,1.471,1.5171,1.5874,1.6617,1.7434,1.8223,1.8572,1.8798,1.8922,1.8989,1.908,1.9225,1.9332,1.9418,1.9539,1.9658,1.9694,1.9591,1.9494,1.9401,1.9325,1.9498,1.9738,1.989,1.9983,2.0065,2.0171,2.0336,2.0492,2.058,2.066,2.0741,2.078,2.0875,2.1067,2.1318,2.1481,2.1498,2.1328,2.1124,2.0856,2.0425,1.9794,1.9034,1.8369,1.7896,1.7529,1.7211,1.7064,1.6992,1.6846,1.6647,1.6522,1.6626,1.6755,1.682,1.6914,1.7136,1.7371,1.7578,1.7743,1.7547,1.726,1.707,1.6913,1.6837,1.68,1.6765,1.6734,1.6744,1.6794,1.6912,1.7161,1.7464,0,0,0,0,0,0,0,0
1.3362,1.3271,1.3257,1.3296,1.3359,1.3437,1.3516,1.3666,1.3861,1.3852,1.3646,1.3372,1.3169,1.3061,1.326,1.3521,1.352,1.3366,1.3285,1.3318,1.3338,1.3406,1.3485,1.3671,1.391,1.4127,1.4352,1.4498,1.4341,1.4183,1.4473,1.4876,1.5383,1.6023,1.6694,1.7378,1.8036,1.8442,1.8783,1.9065,1.9239,1.9146,1.9098,1.9185,1.9277,1.9414,1.9596,1.9622,1.9504,1.9409,1.9346,1.9331,1.9498,1.9683,1.9747,1.9805,1.9825,1.9825,1.9958,2.0216,2.0422,2.0593,2.0719,2.0712,2.0656,2.0728,2.1064,2.1377,2.1472,2.1411,2.1313,2.1247,2.1115,2.0456,1.9492,1.8689,1.8222,1.7843,1.7538,1.7332,1.7137,1.6923,1.6712,1.6576,1.6543,1.6573,1.6618,1.6739,1.7019,1.7303,1.7559,1.7705,1.7396,1.7043,1.6815,1.6613,1.6547,1.6505,1.6484,1.6463,1.6506,1.6575,1.6693,1.684,1.708,0,0,0,0,0,0,0,0
1.3267,1.3152,1.3121,1.3123,1.3198,1.3307,1.3453,1.3626,1.3758,1.3848,1.387,1.3677,1.3421,1.3263,1.3326,1.3463,1.3396,1.3236,1.3181,1.328,1.3369,1.3468,1.3561,1.3803,1.4076,1.4296,1.4505,1.4618,1.4391,1.4214,1.4591,1.5047,1.5538,1.6083,1.6662,1.7273,1.7833,1.8251,1.8695,1.9163,1.9439,1.9159,1.8922,1.9024,1.9149,1.9242,1.9354,1.9341,1.9281,1.9263,1.926,1.9339,1.9504,1.9611,1.9622,1.9667,1.9778,1.9838,1.9862,2.0008,2.0296,2.06,2.0776,2.0786,2.0744,2.0781,2.099,2.1286,2.1438,2.1489,2.1508,2.153,2.1471,2.0807,1.9863,1.9009,1.8487,1.8087,1.7843,1.7635,1.7368,1.7029,1.6753,1.6587,1.6422,1.6366,1.6393,1.6538,1.6778,1.7044,1.7326,1.7463,1.718,1.6849,1.6616,1.6416,1.6353,1.6305,1.6272,1.6245,1.6315,1.6389,1.6465,1.6543,1.6774,1.7184,0,0,0,0,0,0,0
1.319,1.3085,1.3002,1.2946,1.3022,1.3127,1.3397,1.3698,1.3841,1.3841,1.3886,1.3777,1.3592,1.342,1.3343,1.3318,1.328,1.3199,1.3158,1.318,1.328,1.3449,1.363,1.3938,1.4248,1.441,1.4538,1.4561,1.4372,1.4304,1.4682,1.5141,1.5615,1.6101,1.6614,1.7156,1.7616,1.7995,1.843,1.8928,1.9232,1.9133,1.8989,1.8988,1.9033,1.9055,1.9085,1.9052,1.9014,1.906,1.9096,1.9308,1.9531,1.9689,1.976,1.9788,1.9872,1.9902,1.9711,1.9642,2.0008,2.0378,2.0636,2.0785,2.0855,2.0852,2.0899,2.1064,2.1255,2.1424,2.1575,2.1825,2.1746,2.123,2.0529,1.9752,1.906,1.8512,1.8197,1.7964,1.7572,1.7128,1.6847,1.6742,1.6621,1.6521,1.6429,1.6448,1.6574,1.678,1.7042,1.7156,1.6967,1.6752,1.6592,1.6449,1.6371,1.6289,1.6178,1.6103,1.6155,1.6202,1.6223,1.6255,1.6501,1.685,0,0,0,0,0,0,0
1.3171,1.3126,1.3065,1.3034,1.3074,1.3132,1.3453,1.3826,1.3874,1.373,1.3646,1.356,1.3446,1.3366,1.3288,1.3224,1.3209,1.3205,1.3106,1.3021,1.3115,1.3314,1.3565,1.3968,1.4357,1.4441,1.4522,1.4506,1.4384,1.4412,1.4732,1.5114,1.5572,1.6042,1.6508,1.6999,1.7435,1.7805,1.8207,1.8685,1.9042,1.9203,1.9167,1.9026,1.8955,1.8941,1.8935,1.8913,1.892,1.9034,1.9137,1.9366,1.9624,1.9925,2.016,2.0169,2.0187,2.0146,1.9912,1.9697,1.9839,2.0166,2.0376,2.0563,2.0676,2.0702,2.0707,2.0869,2.1072,2.117,2.1136,2.1224,2.1361,2.1369,2.111,2.0455,1.9651,1.9055,1.8647,1.828,1.7819,1.7326,1.7081,1.6975,1.6875,1.6764,1.6658,1.6569,1.6542,1.6598,1.6736,1.6822,1.6784,1.6698,1.6611,1.6508,1.6404,1.6259,1.6051,1.5955,1.5975,1.5974,1.5952,1.5945,1.6181,1.6476,1.6943,0,0,0,0,0,0
1.3176,1.3151,1.3125,1.3148,1.3206,1.3307,1.3554,1.3848,1.3796,1.3673,1.3529,1.3416,1.3332,1.3282,1.323,1.3154,1.3089,1.3053,1.3021,1.2952,1.3077,1.325,1.3555,1.4009,1.4391,1.4383,1.44,1.4309,1.4208,1.4377,1.4703,1.5069,1.5519,1.5971,1.6367,1.6795,1.7327,1.7822,1.8221,1.8623,1.8955,1.9251,1.9206,1.8995,1.8886,1.8833,1.8838,1.8876,1.9036,1.9307,1.9466,1.9556,1.9815,2.0232,2.0487,2.0479,2.0473,2.0676,2.0699,2.0483,2.0368,2.03,2.0265,2.0364,2.0474,2.0536,2.0625,2.0825,2.1012,2.0966,2.0664,2.0476,2.078,2.0964,2.0949,2.0662,2.0161,1.958,1.9039,1.8558,1.8104,1.7664,1.7471,1.7312,1.7132,1.6966,1.6811,1.6633,1.6483,1.6378,1.6365,1.6415,1.6445,1.6507,1.6567,1.652,1.6398,1.6197,1.5943,1.5842,1.5765,1.5752,1.5792,1.5872,1.6024,1.6222,1.6682,0,0,0,0,0,0
1.3144,1.3099,1.3063,1.3138,1.323,1.3394,1.36,1.376,1.3764,1.3725,1.3568,1.3407,1.3283,1.3206,1.3144,1.3037,1.293,1.2919,1.2973,1.3006,1.3196,1.338,1.3713,1.4136,1.4383,1.4278,1.4211,1.408,1.3961,1.4233,1.4576,1.4927,1.5321,1.5755,1.6182,1.663,1.7273,1.787,1.8205,1.8563,1.8905,1.9216,1.91,1.893,1.8962,1.8999,1.9036,1.9085,1.9196,1.9399,1.9527,1.9609,2.0036,2.0572,2.0821,2.0891,2.0838,2.0909,2.101,2.0883,2.0697,2.0349,2.0118,2.0142,2.0346,2.048,2.0621,2.0815,2.1018,2.1144,2.1087,2.0895,2.0799,2.0848,2.0981,2.1045,2.0772,2.0209,1.9643,1.9025,1.8457,1.8036,1.7821,1.7634,1.7364,1.7124,1.6931,1.6752,1.6567,1.6363,1.6157,1.6066,1.6114,1.6286,1.6486,1.6495,1.6363,1.6128,1.5874,1.5693,1.5508,1.5581,1.5695,1.5789,1.5878,1.6032,1.644,1.697,0,0,0,0,0
1.3125,1.3043,1.3011,1.3089,1.3179,1.34,1.3629,1.3656,1.357,1.3563,1.349,1.3347,1.3212,1.3103,1.2998,1.2877,1.2771,1.2842,1.2953,1.309,1.3305,1.3523,1.3883,1.427,1.4318,1.413,1.4016,1.3949,1.3862,1.4167,1.4477,1.4741,1.5053,1.5499,1.5996,1.6614,1.7409,1.8042,1.8357,1.8657,1.8946,1.9184,1.9007,1.8876,1.9114,1.9306,1.9349,1.9356,1.9092,1.892,1.9205,1.9517,1.9902,2.0322,2.0759,2.1009,2.0921,2.0792,2.0773,2.0715,2.0585,2.0335,2.0019,2.0082,2.0316,2.0526,2.0644,2.0793,2.1005,2.1342,2.1694,2.139,2.1123,2.0964,2.0922,2.1014,2.0947,2.0648,2.0176,1.9474,1.8784,1.832,1.8,1.7728,1.7476,1.7229,1.7025,1.6865,1.6708,1.6495,1.6281,1.6178,1.6095,1.6158,1.6396,1.6467,1.6325,1.6052,1.5782,1.551,1.5391,1.5503,1.5589,1.5649,1.571,1.5837,1.6135,1.6553,0,0,0,0,0
1.313,1.299,1.3002,1.3107,1.3211,1.3439,1.3639,1.3433,1.3171,1.3113,1.32,1.32,1.3059,1.292,1.2818,1.271,1.2613,1.2796,1.2966,1.3152,1.3366,1.361,1.3972,1.4314,1.4222,1.396,1.3876,1.3893,1.3969,1.4262,1.4539,1.4696,1.4902,1.5373,1.5917,1.6699,1.7635,1.8272,1.8624,1.8888,1.9073,1.9127,1.8933,1.8883,1.9122,1.9334,1.9433,1.9362,1.8841,1.8601,1.9025,1.9348,1.9543,1.9966,2.0584,2.0948,2.1045,2.0899,2.0762,2.0681,2.0676,2.0583,2.0385,2.0278,2.0327,2.0476,2.0602,2.0702,2.077,2.0947,2.1197,2.128,2.1186,2.0908,2.0604,2.0473,2.0368,2.0217,1.9923,1.9459,1.8926,1.8524,1.8087,1.7764,1.7512,1.7244,1.6908,1.6642,1.6482,1.6362,1.6262,1.6252,1.6191,1.6168,1.6279,1.6386,1.6252,1.5921,1.5675,1.555,1.5504,1.5432,1.541,1.5494,1.5585,1.5713,1.5903,1.6166,0,0,0,0,0
1.3093,1.2947,1.3041,1.3201,1.3355,1.3542,1.3658,1.3328,1.296,1.2898,1.3039,1.3074,1.2855,1.2683,1.2642,1.2616,1.2628,1.2774,1.2951,1.3177,1.3404,1.3678,1.4021,1.4297,1.4154,1.3955,1.3886,1.3889,1.4057,1.4362,1.459,1.468,1.4887,1.5559,1.6212,1.6987,1.7857,1.8403,1.8806,1.9031,1.9144,1.9063,1.8868,1.886,1.9005,1.916,1.9298,1.9189,1.883,1.8724,1.8836,1.895,1.9066,1.9236,1.9519,2.022,2.087,2.1036,2.0892,2.0781,2.0743,2.0732,2.0525,2.0286,2.0198,2.0346,2.05,2.0594,2.0565,2.0468,2.0738,2.1048,2.1159,2.0996,2.0712,2.0412,2.0129,1.99,1.9615,1.9313,1.9034,1.8792,1.8464,1.8011,1.7596,1.7207,1.6774,1.6381,1.6157,1.6021,1.5929,1.5901,1.5936,1.6048,1.6147,1.6223,1.6114,1.5748,1.5673,1.5654,1.5456,1.5275,1.5288,1.5375,1.546,1.5535,1.5653,1.5898,1.6261,0,0,0,0
1.302,1.298,1.3127,1.3301,1.3474,1.3617,1.3611,1.3361,1.3113,1.309,1.3143,1.3024,1.2757,1.2548,1.2549,1.2574,1.2628,1.2718,1.2867,1.3123,1.3377,1.3644,1.3952,1.4159,1.4083,1.3964,1.3917,1.3904,1.4078,1.4346,1.4553,1.4656,1.4972,1.5807,1.6596,1.7279,1.7972,1.8337,1.8661,1.8937,1.9127,1.9004,1.8821,1.8843,1.8922,1.9055,1.9214,1.9121,1.8923,1.8708,1.8494,1.853,1.8571,1.8476,1.8533,1.9313,2.0238,2.0464,2.0712,2.0741,2.0612,2.0493,2.0324,2.0129,2.0141,2.0272,2.0437,2.06,2.0689,2.0676,2.0704,2.0903,2.1128,2.1233,2.1153,2.1095,2.098,2.0653,2.0089,1.9618,1.9339,1.9158,1.8866,1.8216,1.7657,1.7313,1.7006,1.669,1.6428,1.6178,1.5925,1.5671,1.5475,1.5552,1.5725,1.5954,1.5868,1.5719,1.5697,1.5544,1.5385,1.5304,1.5331,1.5369,1.5409,1.5444,1.5477,1.5727,1.6153,0,0,0,0
1.2985,1.3059,1.3208,1.3384,1.3625,1.3825,1.3709,1.3477,1.3295,1.3248,1.3218,1.3014,1.2741,1.2595,1.2627,1.2653,1.2668,1.2694,1.2826,1.3081,1.3337,1.355,1.3789,1.3902,1.3886,1.3865,1.3879,1.3907,1.4072,1.4288,1.4518,1.4698,1.5156,1.5929,1.6727,1.7438,1.8011,1.822,1.8495,1.8884,1.9125,1.8942,1.8786,1.8867,1.8969,1.9062,1.9132,1.9002,1.8805,1.8398,1.8014,1.8067,1.8041,1.7779,1.7533,1.7549,1.8374,1.9478,1.9745,1.9966,2.0075,2.013,2.0117,2.0124,2.0181,2.0281,2.0438,2.0655,2.0877,2.079,2.058,2.0558,2.074,2.0942,2.1192,2.1557,2.1791,2.1405,2.0747,2.0155,1.9783,1.9484,1.9103,1.8594,1.8062,1.7666,1.7358,1.7088,1.6832,1.6586,1.6322,1.6048,1.5781,1.5591,1.5464,1.5356,1.5656,1.5762,1.561,1.549,1.539,1.5347,1.5319,1.5316,1.5355,1.5398,1.5463,1.5654,1.5994,1.6455,0,0,0
1.2862,1.3026,1.3219,1.3463,1.382,1.4037,1.3868,1.3637,1.3427,1.3273,1.3145,1.2947,1.2715,1.266,1.2704,1.2726,1.271,1.2701,1.2843,1.3054,1.3285,1.35,1.3683,1.3714,1.3729,1.3763,1.3816,1.3911,1.4133,1.4324,1.4509,1.4753,1.5286,1.5933,1.6704,1.7499,1.7977,1.8114,1.8385,1.8832,1.9047,1.8858,1.876,1.888,1.8977,1.9013,1.9009,1.8872,1.8615,1.7987,1.7531,1.7611,1.743,1.7018,1.648,1.6011,1.5987,1.6887,1.8091,1.8949,1.9233,1.939,1.9512,1.9695,1.9939,2.0169,2.0431,2.0673,2.0825,2.0668,2.0418,2.0275,2.0372,2.0552,2.0889,2.1284,2.1584,2.1503,2.1189,2.0745,2.0277,1.9809,1.9454,1.9153,1.8667,1.8112,1.7645,1.7293,1.6981,1.6671,1.6335,1.6009,1.5781,1.5667,1.5537,1.545,1.5472,1.5661,1.5642,1.5554,1.5466,1.5387,1.532,1.5281,1.5276,1.5304,1.5356,1.5423,1.5634,1.5985,0,0,0
1.2759,1.2975,1.3204,1.3443,1.3727,1.386,1.3719,1.3587,1.3415,1.3207,1.3031,1.2883,1.2726,1.2662,1.2645,1.2674,1.2708,1.2743,1.2889,1.3038,1.3242,1.3512,1.3706,1.3722,1.3714,1.369,1.3725,1.395,1.4222,1.4381,1.4433,1.4657,1.5278,1.5923,1.6717,1.7581,1.7899,1.7988,1.8305,1.8747,1.8874,1.8777,1.8743,1.8788,1.8786,1.8735,1.8671,1.8575,1.8266,1.7595,1.7159,1.6981,1.6583,1.607,1.5523,1.5085,1.4974,1.5001,1.5525,1.6712,1.7708,1.8362,1.8743,1.8996,1.9196,1.9467,1.9857,2.0332,2.0708,2.0569,2.0361,2.0329,2.0394,2.0481,2.0682,2.0989,2.1347,2.1637,2.1797,2.1477,2.1074,2.0669,2.0293,1.9921,1.9383,1.8781,1.817,1.7624,1.7143,1.668,1.6213,1.5779,1.5771,1.5799,1.5724,1.5569,1.5554,1.5754,1.5692,1.561,1.5475,1.5361,1.5269,1.5184,1.513,1.5154,1.5244,1.5307,1.5332,1.5626,1.5987,0,0
1.2712,1.2946,1.3178,1.3359,1.357,1.348,1.3253,1.3133,1.3136,1.3074,1.2942,1.2815,1.2719,1.2634,1.2549,1.2623,1.2715,1.2858,1.3104,1.3315,1.3452,1.3622,1.3736,1.3721,1.3699,1.3576,1.3503,1.3749,1.4094,1.4293,1.4294,1.4542,1.527,1.5982,1.6726,1.7485,1.7763,1.7909,1.8246,1.8658,1.8744,1.8737,1.8669,1.8615,1.8491,1.8347,1.8273,1.8227,1.7864,1.7261,1.6732,1.6202,1.5711,1.5186,1.4775,1.4468,1.4327,1.4385,1.4662,1.4889,1.5663,1.6509,1.7164,1.773,1.8243,1.8583,1.8916,1.929,1.9712,1.9986,2.0123,2.0305,2.0466,2.0494,2.0529,2.064,2.0854,2.1152,2.1447,2.1532,2.1504,2.1335,2.1073,2.0729,2.0323,1.9879,1.9124,1.8379,1.7742,1.73,1.6904,1.6661,1.6332,1.6061,1.6034,1.5907,1.5678,1.5657,1.5693,1.5641,1.5464,1.5304,1.5193,1.5108,1.5021,1.5084,1.5199,1.53,1.5416,1.5635,1.5924,0,0
1.2703,1.2917,1.3082,1.3176,1.3302,1.3156,1.2914,1.2841,1.2939,1.299,1.2838,1.2684,1.2667,1.2697,1.2684,1.2697,1.2752,1.2988,1.3349,1.3659,1.3687,1.3753,1.3699,1.3595,1.3549,1.346,1.3296,1.3544,1.3875,1.4103,1.4201,1.4596,1.5315,1.6021,1.67,1.7329,1.767,1.7935,1.8204,1.8487,1.8609,1.8652,1.8515,1.8367,1.8122,1.788,1.7858,1.7849,1.7371,1.6765,1.6075,1.5376,1.4967,1.4628,1.4436,1.4273,1.4081,1.4036,1.4352,1.4557,1.4738,1.4996,1.5453,1.6077,1.6679,1.724,1.7719,1.8179,1.8844,1.933,1.9613,1.9807,2.0008,2.0191,2.0289,2.0305,2.0276,2.0311,2.0574,2.0908,2.1127,2.106,2.0956,2.072,2.0435,2.0102,1.9439,1.8737,1.8221,1.7837,1.744,1.6925,1.6384,1.6309,1.6318,1.607,1.5734,1.5468,1.5467,1.5501,1.5416,1.5261,1.5139,1.5051,1.4982,1.5035,1.5118,1.5243,1.5425,1.5638,1.5873,1.6128,0
1.2848,1.2984,1.2966,1.2946,1.299,1.2976,1.2882,1.2877,1.2919,1.2902,1.2752,1.2583,1.2691,1.282,1.2852,1.2791,1.2759,1.3008,1.3331,1.36,1.3702,1.3779,1.3619,1.3426,1.3395,1.3444,1.3441,1.3573,1.3749,1.3973,1.4181,1.4713,1.5374,1.5963,1.6559,1.7121,1.7592,1.7933,1.811,1.8324,1.8503,1.8507,1.8282,1.8,1.758,1.7243,1.7228,1.7147,1.6442,1.5719,1.5192,1.469,1.4522,1.4363,1.4249,1.4124,1.3892,1.3761,1.3906,1.4245,1.4461,1.4612,1.4781,1.4975,1.5301,1.5855,1.6425,1.7011,1.7705,1.8376,1.8853,1.9192,1.943,1.9766,2.0024,2.0097,2.0015,1.9929,2.0117,2.0408,2.0641,2.0713,2.075,2.0457,2.0107,1.9741,1.9309,1.8843,1.8438,1.8024,1.7564,1.7047,1.6651,1.6544,1.6386,1.6096,1.5773,1.5416,1.5282,1.5292,1.5321,1.5254,1.5142,1.5024,1.4934,1.4938,1.4979,1.5082,1.5267,1.5478,1.572,1.5928,0
1.3032,1.3111,1.2873,1.2707,1.2761,1.2873,1.2914,1.2904,1.2894,1.2828,1.2714,1.263,1.2731,1.2844,1.2857,1.28,1.2776,1.3014,1.3248,1.346,1.3607,1.3713,1.364,1.3495,1.3445,1.3496,1.358,1.3688,1.3829,1.4011,1.4238,1.4783,1.5397,1.5828,1.6306,1.6824,1.7327,1.7624,1.7841,1.8119,1.8392,1.829,1.7981,1.7506,1.6912,1.6594,1.6591,1.6292,1.5421,1.468,1.4354,1.4113,1.4129,1.4121,1.4058,1.3948,1.3697,1.3494,1.345,1.3656,1.4003,1.426,1.4427,1.4571,1.4772,1.5072,1.5427,1.586,1.6463,1.7042,1.7501,1.7909,1.8332,1.8858,1.9407,1.9648,1.9733,1.9751,1.9746,1.9781,1.9862,1.9938,1.9999,1.9991,1.9892,1.9605,1.928,1.893,1.8543,1.8134,1.7674,1.7217,1.6919,1.6694,1.641,1.6101,1.582,1.5527,1.5314,1.5198,1.5224,1.5255,1.5188,1.5084,1.4991,1.4926,1.4887,1.4938,1.5063,1.5244,1.5462,1.57,1.5881
1.3164,1.3092,1.2684,1.2408,1.2598,1.2818,1.2924,1.2944,1.2934,1.2811,1.2692,1.2673,1.2749,1.2822,1.2805,1.2769,1.2875,1.3168,1.3417,1.3505,1.3587,1.3669,1.3699,1.3696,1.3623,1.3599,1.3629,1.374,1.3906,1.4077,1.4309,1.4718,1.5201,1.5648,1.6051,1.6551,1.7069,1.7278,1.7488,1.7842,1.8156,1.7912,1.7567,1.6898,1.618,1.5938,1.5894,1.5422,1.4651,1.4173,1.4005,1.3904,1.3889,1.3845,1.3756,1.3638,1.3455,1.3276,1.3079,1.308,1.3437,1.3741,1.3965,1.4146,1.4313,1.4531,1.4809,1.5125,1.5485,1.587,1.6235,1.6591,1.6977,1.7379,1.7812,1.8201,1.8525,1.881,1.9013,1.9118,1.9207,1.9288,1.9477,1.9734,1.9861,1.9609,1.9325,1.8969,1.858,1.8121,1.7528,1.6989,1.6729,1.6492,1.6145,1.5835,1.5668,1.5529,1.5384,1.5203,1.5188,1.5228,1.524,1.517,1.5068,1.4988,1.4929,1.4926,1.4964,1.5058,1.5263,1.5513,1.5738
1.3262,1.3034,1.2617,1.2339,1.2578,1.2824,1.2951,1.3008,1.2983,1.2811,1.2673,1.2701,1.2789,1.2833,1.2782,1.2763,1.3,1.337,1.3636,1.3608,1.3607,1.3574,1.3552,1.3593,1.364,1.3634,1.3607,1.3646,1.3869,1.4117,1.4298,1.4531,1.4992,1.5548,1.6003,1.6416,1.6797,1.6956,1.7159,1.758,1.7845,1.751,1.7083,1.6204,1.5423,1.5258,1.5113,1.4657,1.4127,1.3929,1.3882,1.3782,1.3652,1.3512,1.3368,1.3264,1.3187,1.3123,1.3051,1.296,1.3057,1.3221,1.3458,1.366,1.3862,1.4052,1.4206,1.4387,1.463,1.4981,1.5377,1.5718,1.5955,1.6153,1.6422,1.6819,1.7213,1.773,1.8238,1.8569,1.8708,1.8826,1.8921,1.9036,1.9061,1.8964,1.8831,1.8663,1.8495,1.7999,1.7302,1.674,1.6498,1.618,1.5731,1.5397,1.5231,1.5134,1.5129,1.5135,1.5154,1.5179,1.5216,1.5198,1.5087,1.5005,1.4941,1.4879,1.4855,1.4928,1.5125,1.5347,1.5577
1.3239,1.294,1.2561,1.2468,1.2672,1.2878,1.2983,1.3064,1.2977,1.2785,1.2653,1.2739,1.2847,1.2839,1.2762,1.2761,1.3044,1.339,1.3596,1.3613,1.3587,1.3451,1.3309,1.33,1.3382,1.3455,1.3514,1.3524,1.379,1.4084,1.424,1.4376,1.4879,1.5469,1.5879,1.6248,1.6527,1.6704,1.6914,1.7247,1.7326,1.6989,1.6349,1.5407,1.4749,1.4585,1.4383,1.4046,1.3743,1.3715,1.3732,1.3586,1.3388,1.322,1.3052,1.2966,1.2951,1.2991,1.3056,1.3042,1.304,1.3095,1.3163,1.3265,1.3423,1.3652,1.3837,1.3969,1.4066,1.4271,1.4577,1.4916,1.514,1.5338,1.5649,1.6026,1.6393,1.6836,1.7348,1.7756,1.8043,1.8245,1.8262,1.8254,1.8277,1.8286,1.8302,1.8387,1.8426,1.7819,1.6994,1.6463,1.6238,1.5858,1.5413,1.5114,1.4893,1.4718,1.4706,1.4767,1.4976,1.5128,1.5201,1.5165,1.4983,1.4861,1.4806,1.4756,1.4723,1.4806,1.4961,1.5142,1.5352
1.3078,1.2644,1.2336,1.2488,1.2741,1.292,1.3023,1.3085,1.2937,1.2733,1.2644,1.2712,1.2782,1.2759,1.2698,1.277,1.3061,1.335,1.3501,1.3574,1.3578,1.3437,1.3274,1.3196,1.3194,1.328,1.3418,1.3505,1.3709,1.4024,1.4188,1.4355,1.4631,1.4947,1.5328,1.5763,1.6125,1.6449,1.6598,1.6805,1.6622,1.6169,1.5398,1.4599,1.4284,1.4167,1.3965,1.3665,1.3437,1.3453,1.3456,1.3338,1.3209,1.3209,1.3205,1.3107,1.3,1.2975,1.3041,1.3095,1.3058,1.3074,1.3188,1.327,1.3288,1.3362,1.3512,1.3665,1.38,1.3988,1.4222,1.4456,1.4614,1.4744,1.5019,1.537,1.5672,1.589,1.6179,1.6556,1.6916,1.7212,1.7419,1.7579,1.7706,1.78,1.791,1.8079,1.8075,1.7519,1.6856,1.6494,1.6184,1.5633,1.5238,1.5085,1.4928,1.4751,1.4577,1.4446,1.4683,1.496,1.5175,1.5094,1.483,1.469,1.467,1.4646,1.4665,1.4762,1.4873,1.5005,1.5199
1.2825,1.2311,1.2101,1.2428,1.2762,1.2941,1.3056,1.3085,1.2889,1.2679,1.262,1.2629,1.2642,1.261,1.2576,1.2779,1.3071,1.3325,1.3474,1.359,1.3578,1.3461,1.3334,1.3224,1.3149,1.3173,1.3285,1.3438,1.3551,1.3749,1.3969,1.4117,1.4163,1.4307,1.4629,1.5012,1.5332,1.5695,1.6125,1.6306,1.5891,1.5288,1.4503,1.395,1.3854,1.3769,1.3546,1.3286,1.316,1.3196,1.3199,1.3129,1.3094,1.3274,1.3461,1.3315,1.3121,1.3004,1.2966,1.2967,1.296,1.3012,1.32,1.3367,1.329,1.3248,1.3332,1.3483,1.3612,1.3722,1.3855,1.4099,1.4353,1.4547,1.4697,1.4893,1.5077,1.519,1.531,1.5586,1.5905,1.6263,1.6654,1.6981,1.7214,1.7409,1.7562,1.7712,1.7597,1.7136,1.6741,1.6555,1.6246,1.5659,1.5282,1.5179,1.5069,1.4924,1.4769,1.4576,1.4527,1.4751,1.5136,1.5047,1.4756,1.4638,1.4581,1.456,1.4617,1.4704,1.48,1.4956,1.5181
1.2722,1.2344,1.2216,1.2469,1.2796,1.296,1.3081,1.3045,1.2855,1.2697,1.2668,1.2651,1.2596,1.2528,1.2533,1.279,1.3087,1.3332,1.3515,1.3667,1.3612,1.3505,1.3374,1.3216,1.3076,1.3063,1.307,1.3175,1.3322,1.3454,1.3569,1.3868,1.41,1.4066,1.4112,1.4292,1.4503,1.4798,1.5561,1.6006,1.5455,1.469,1.3983,1.3808,1.3803,1.3729,1.35,1.3252,1.3189,1.317,1.3137,1.3085,1.3082,1.3246,1.3448,1.3331,1.3159,1.3006,1.2869,1.2814,1.281,1.2869,1.3072,1.3275,1.3243,1.3129,1.3185,1.3358,1.3518,1.3651,1.3768,1.3905,1.4107,1.4304,1.4372,1.4425,1.4586,1.4779,1.4959,1.5185,1.5433,1.5678,1.5942,1.6197,1.6416,1.659,1.6669,1.6742,1.6514,1.6153,1.5907,1.5818,1.5822,1.5653,1.5417,1.5357,1.5279,1.5083,1.4918,1.4785,1.4694,1.4698,1.5056,1.5007,1.4738,1.4577,1.4461,1.4447,1.451,1.4588,1.4676,1.4888,1.515
1.2746,1.253,1.2511,1.2631,1.2817,1.2959,1.3093,1.2993,1.2834,1.2751,1.2768,1.2771,1.2714,1.2647,1.2686,1.2868,1.308,1.3295,1.3514,1.3663,1.3633,1.3554,1.3384,1.318,1.305,1.3139,1.3225,1.3176,1.3162,1.3311,1.3456,1.3522,1.3675,1.3645,1.3557,1.3593,1.3817,1.4125,1.4848,1.5474,1.4988,1.4216,1.3808,1.3831,1.3878,1.3737,1.3511,1.331,1.3225,1.3157,1.3117,1.3085,1.307,1.3117,1.3187,1.3079,1.2942,1.2844,1.2743,1.269,1.2677,1.272,1.2903,1.3091,1.3148,1.3131,1.3186,1.3308,1.3446,1.3586,1.3729,1.3756,1.3821,1.3965,1.4121,1.4226,1.4367,1.4528,1.4684,1.4812,1.4937,1.5037,1.5175,1.5328,1.5472,1.5567,1.5606,1.563,1.5493,1.5363,1.5255,1.523,1.5502,1.571,1.5552,1.5416,1.5352,1.5194,1.5006,1.4836,1.4821,1.4762,1.4608,1.4908,1.483,1.4673,1.4518,1.4431,1.4421,1.4455,1.4571,1.4776,1.5005
1.277,1.2635,1.2669,1.2735,1.2831,1.295,1.3033,1.2914,1.2771,1.2753,1.2789,1.281,1.2795,1.2757,1.2799,1.2879,1.3006,1.3184,1.3373,1.3537,1.3641,1.3695,1.3479,1.3241,1.3125,1.3202,1.3295,1.3162,1.2986,1.3318,1.3642,1.3532,1.3433,1.3314,1.3257,1.3334,1.3429,1.3535,1.3766,1.4054,1.4006,1.3742,1.3653,1.3607,1.3518,1.3326,1.3109,1.2997,1.2991,1.2983,1.3057,1.3111,1.3101,1.305,1.2979,1.2849,1.2728,1.2673,1.2613,1.2611,1.2628,1.2677,1.2802,1.2938,1.3056,1.3154,1.3238,1.3323,1.3432,1.3557,1.3684,1.3662,1.3619,1.3707,1.3923,1.414,1.4274,1.4413,1.4587,1.4764,1.4892,1.4915,1.4937,1.4956,1.4979,1.5014,1.506,1.5098,1.5087,1.5065,1.5028,1.5026,1.5315,1.5658,1.5589,1.5377,1.5286,1.5268,1.5204,1.5116,1.5026,1.4925,1.4702,1.4984,1.5021,1.4983,1.4811,1.4611,1.448,1.4408,1.45,1.4651,1.4842
1.2779,1.2689,1.2706,1.2751,1.2859,1.2964,1.2969,1.2835,1.2717,1.2703,1.2705,1.2677,1.264,1.264,1.2734,1.2818,1.293,1.307,1.322,1.3465,1.3708,1.3814,1.3602,1.3365,1.319,1.3072,1.2991,1.2913,1.2876,1.3246,1.3629,1.3551,1.3443,1.3248,1.3112,1.3081,1.3056,1.3086,1.3138,1.3376,1.3382,1.3359,1.3333,1.3287,1.3152,1.2974,1.2748,1.273,1.2755,1.2842,1.3039,1.3199,1.3212,1.318,1.3053,1.2812,1.2614,1.2559,1.2506,1.2547,1.2607,1.2667,1.2759,1.2849,1.2909,1.3004,1.3142,1.3273,1.3412,1.3529,1.3634,1.3661,1.3663,1.3676,1.3754,1.3916,1.4137,1.4316,1.4501,1.4728,1.4877,1.4906,1.4922,1.4905,1.4896,1.4916,1.4952,1.4968,1.4945,1.4912,1.4876,1.4884,1.5114,1.5356,1.5311,1.5206,1.5227,1.5329,1.5381,1.5272,1.51,1.4752,1.4576,1.4941,1.4957,1.4908,1.4746,1.4586,1.4443,1.4364,1.4411,1.4504,1.4635
1.2771,1.2711,1.2702,1.2752,1.2897,1.3023,1.2962,1.2822,1.273,1.2697,1.2654,1.2567,1.2494,1.2537,1.2661,1.2777,1.2876,1.2981,1.3122,1.3336,1.3559,1.3632,1.3561,1.3445,1.3231,1.3,1.2839,1.2752,1.2797,1.3079,1.3354,1.3299,1.3242,1.312,1.297,1.2843,1.282,1.2945,1.3011,1.3092,1.3223,1.3088,1.3017,1.3037,1.3017,1.2931,1.2836,1.287,1.2899,1.2993,1.3159,1.3321,1.3293,1.3266,1.3093,1.2791,1.2548,1.2494,1.2448,1.2538,1.2632,1.2674,1.272,1.2758,1.2744,1.2773,1.2921,1.3069,1.3258,1.3446,1.3574,1.3629,1.368,1.3631,1.3555,1.3684,1.4008,1.4268,1.4293,1.436,1.4497,1.4632,1.4731,1.4753,1.4759,1.4779,1.4809,1.4816,1.4794,1.4765,1.4742,1.4765,1.4896,1.5043,1.5057,1.5027,1.5056,1.5126,1.512,1.5006,1.4847,1.458,1.4592,1.4941,1.5267,1.5081,1.4618,1.4359,1.4225,1.4219,1.4261,1.4288,1.4361
1.2738,1.268,1.2642,1.2717,1.2896,1.3061,1.297,1.2837,1.2795,1.2782,1.2745,1.2677,1.2607,1.2621,1.2669,1.274,1.2816,1.2898,1.3035,1.3198,1.3357,1.3465,1.3549,1.3532,1.3345,1.3145,1.2959,1.2798,1.2788,1.297,1.3148,1.306,1.3003,1.2978,1.2914,1.2858,1.2853,1.2834,1.2806,1.295,1.3122,1.3012,1.2768,1.2768,1.2863,1.2892,1.2931,1.3006,1.307,1.3176,1.3307,1.3381,1.3239,1.314,1.2962,1.27,1.2483,1.2426,1.2392,1.2541,1.2683,1.269,1.267,1.2688,1.2694,1.2685,1.2765,1.2887,1.3115,1.3366,1.3493,1.3516,1.3558,1.3612,1.3619,1.3723,1.3962,1.4178,1.4032,1.3925,1.4033,1.4228,1.438,1.4456,1.4509,1.453,1.4552,1.4577,1.4587,1.4608,1.4641,1.4708,1.4819,1.4895,1.4917,1.4907,1.4865,1.4847,1.4812,1.4746,1.4686,1.4615,1.4662,1.4866,1.529,1.5474,1.4875,1.4403,1.4087,1.4086,1.4137,1.4187,1.4267
1.2178,1.1941,1.2395,1.266,1.2842,1.2975,1.2959,1.2889,1.2855,1.2841,1.2828,1.2808,1.2762,1.2695,1.2655,1.2692,1.2757,1.2852,1.307,1.3285,1.3443,1.3516,1.3595,1.3548,1.3401,1.3243,1.3052,1.2836,1.2788,1.2904,1.301,1.2893,1.2809,1.2862,1.2889,1.2879,1.2767,1.2716,1.2714,1.2908,1.3088,1.3136,1.3034,1.2928,1.2868,1.2882,1.2987,1.3096,1.3188,1.3278,1.3386,1.336,1.3148,1.2963,1.2789,1.2586,1.2435,1.2382,1.2353,1.2521,1.2717,1.2691,1.2603,1.2642,1.273,1.2786,1.2834,1.2889,1.2965,1.3108,1.3268,1.3361,1.3446,1.3627,1.3776,1.3835,1.3923,1.4009,1.3973,1.3908,1.394,1.4036,1.414,1.4225,1.4285,1.4264,1.4265,1.4313,1.436,1.4454,1.4556,1.4665,1.4784,1.4861,1.4903,1.4877,1.4787,1.4706,1.4641,1.4592,1.4605,1.464,1.4671,1.4773,1.5059,1.5302,1.5045,1.4576,1.4252,1.4161,1.4122,1.4142,1.4246
1.0792,0.98038,1.0014,1.1723,1.2698,1.2937,1.3,1.294,1.2861,1.2797,1.2743,1.271,1.2695,1.2665,1.264,1.269,1.2739,1.2885,1.3153,1.342,1.3545,1.3581,1.3593,1.3499,1.3367,1.3236,1.3107,1.2956,1.2889,1.2902,1.2909,1.2755,1.264,1.275,1.2834,1.2801,1.2694,1.2631,1.271,1.2886,1.3077,1.3218,1.3263,1.3198,1.3117,1.3119,1.3223,1.3317,1.3348,1.3361,1.343,1.3319,1.3094,1.2885,1.2713,1.2522,1.2402,1.2348,1.2324,1.2448,1.2615,1.2644,1.2587,1.2624,1.2742,1.2833,1.2877,1.2874,1.2749,1.2711,1.2943,1.3201,1.3371,1.3505,1.3657,1.378,1.3859,1.3906,1.3964,1.3995,1.399,1.4004,1.4083,1.4184,1.4245,1.4206,1.4168,1.418,1.4204,1.4326,1.4476,1.4617,1.4756,1.484,1.4906,1.4844,1.4738,1.463,1.4526,1.4461,1.4437,1.4473,1.4546,1.4746,1.4911,1.5052,1.5019,1.4742,1.4428,1.4251,1.4153,1.4127,1.4185
0.9423,0.73376,0.78449,1.0673,1.256,1.2848,1.2991,1.2972,1.2885,1.2735,1.2598,1.2548,1.2611,1.2662,1.2723,1.2793,1.2861,1.2966,1.311,1.326,1.3349,1.3417,1.3453,1.3413,1.3345,1.3265,1.3184,1.3091,1.3013,1.2964,1.2915,1.2775,1.2595,1.2653,1.2781,1.2703,1.2598,1.2581,1.2751,1.2924,1.312,1.3308,1.3399,1.339,1.3343,1.3383,1.3539,1.3675,1.359,1.346,1.3403,1.326,1.3048,1.2858,1.2722,1.2573,1.2451,1.2365,1.2307,1.237,1.2501,1.2604,1.265,1.2616,1.2591,1.2662,1.2758,1.2769,1.2639,1.2545,1.277,1.3097,1.3269,1.3341,1.3464,1.3677,1.3864,1.3891,1.3885,1.3893,1.3887,1.389,1.4001,1.4144,1.4229,1.4201,1.4181,1.4214,1.4246,1.4274,1.4354,1.4473,1.4585,1.4677,1.4771,1.4738,1.4659,1.4533,1.4401,1.4313,1.4244,1.4328,1.4441,1.4819,1.5086,1.5084,1.5078,1.4966,1.4646,1.4365,1.4162,1.4044,1.4016
0.82347,0.64678,0.69903,0.94021,1.2175,1.2745,1.3001,1.3187,1.311,1.2912,1.2745,1.2676,1.2665,1.2693,1.2767,1.2856,1.2923,1.2948,1.2973,1.3027,1.3115,1.3208,1.3292,1.3353,1.3387,1.3372,1.3337,1.3275,1.3142,1.3013,1.2919,1.2822,1.2667,1.2686,1.2811,1.2798,1.2649,1.2752,1.3023,1.324,1.3405,1.3547,1.3587,1.3594,1.3583,1.3587,1.3664,1.3782,1.3675,1.3488,1.331,1.3131,1.2934,1.2779,1.2705,1.2613,1.2516,1.2421,1.2358,1.2384,1.2443,1.2605,1.2718,1.2565,1.2418,1.2488,1.2614,1.2693,1.2714,1.2704,1.2744,1.285,1.3027,1.3187,1.3381,1.3644,1.387,1.3856,1.3788,1.3737,1.3701,1.3694,1.3818,1.3972,1.4065,1.4088,1.4135,1.4225,1.4278,1.4205,1.4175,1.4238,1.4306,1.4404,1.4511,1.4562,1.4558,1.4484,1.441,1.4354,1.4322,1.4389,1.4524,1.4966,1.5353,1.5286,1.5228,1.5101,1.4781,1.4462,1.4202,1.404,1.3901
0.83478,0.61159,0.56988,0.67737,0.97732,1.2542,1.2992,1.3277,1.3226,1.3113,1.2968,1.2819,1.2689,1.2649,1.2687,1.2736,1.2813,1.2885,1.2942,1.2973,1.3008,1.3059,1.3142,1.3243,1.3345,1.3412,1.3465,1.3411,1.3208,1.2998,1.293,1.2968,1.3011,1.3128,1.3101,1.3084,1.2777,1.3031,1.3371,1.3624,1.3768,1.3905,1.3901,1.3875,1.3828,1.3732,1.37,1.3686,1.3554,1.3391,1.3219,1.3026,1.2817,1.2677,1.2635,1.258,1.2548,1.2488,1.2407,1.2441,1.2498,1.2648,1.2743,1.2682,1.2623,1.2585,1.2586,1.2647,1.2745,1.273,1.2602,1.2564,1.2812,1.3073,1.3354,1.3648,1.3869,1.3879,1.3844,1.3814,1.3771,1.3712,1.3734,1.3797,1.3872,1.3898,1.3965,1.4114,1.4221,1.4134,1.4005,1.3986,1.4003,1.4127,1.4289,1.4447,1.4506,1.4508,1.4531,1.4555,1.4631,1.473,1.4866,1.5136,1.5405,1.5386,1.536,1.5098,1.4703,1.4365,1.4186,1.404,1.3881
1.0245,0.81352,0.65343,0.5253,0,0,0,0,0,1.287,1.2854,1.2783,1.268,1.2638,1.2619,1.2634,1.2738,1.2862,1.2931,1.2907,1.2883,1.2885,1.2914,1.296,1.3048,1.3147,1.3236,1.3201,1.3095,1.2981,1.3023,1.3104,1.328,1.3453,1.3418,1.3388,1.3026,1.318,1.3427,1.3631,1.382,1.407,1.4124,1.4149,1.4051,1.3843,1.3702,1.3592,1.345,1.3299,1.3157,1.3003,1.2818,1.2686,1.2618,1.2563,1.2578,1.2586,1.2523,1.2486,1.2566,1.2674,1.2831,1.2994,1.2926,1.2718,1.2574,1.2512,1.2489,1.2531,1.2548,1.2621,1.2811,1.3021,1.3262,1.3541,1.3771,1.3842,1.3887,1.3965,1.4022,1.4025,1.4027,1.404,1.4005,1.3926,1.3895,1.3991,1.4129,1.4093,1.4017,1.4024,1.4073,1.4182,1.4381,1.4582,1.4583,1.4586,1.4656,1.474,1.4953,1.5105,1.5133,1.5212,1.5251,1.5178,1.5172,1.4953,1.455,1.4138,1.4082,1.401,1.3878
0.98644,0.86178,0.62718,0,0,0,0,0,0,0,0,0,1.2758,1.2734,1.2712,1.2675,1.2649,1.2651,1.2703,1.2749,1.2779,1.278,1.2771,1.2759,1.2836,1.294,1.3038,1.3064,1.3061,1.3043,1.3042,1.3121,1.3362,1.3495,1.3504,1.3411,1.3192,1.3241,1.337,1.3444,1.3516,1.3649,1.3799,1.3945,1.3958,1.3825,1.3627,1.3487,1.3362,1.3227,1.3084,1.2963,1.2843,1.2761,1.2697,1.2639,1.2638,1.2677,1.2625,1.2465,1.2464,1.2516,1.2604,1.2716,1.2749,1.2718,1.2608,1.2455,1.2332,1.2425,1.257,1.2698,1.2827,1.2964,1.308,1.3233,1.3359,1.344,1.3531,1.3683,1.3855,1.4034,1.4204,1.4304,1.4289,1.4252,1.4154,1.4059,1.4067,1.4075,1.4047,1.4105,1.4197,1.4323,1.4629,1.4777,1.4683,1.462,1.4601,1.4685,1.4929,1.5136,1.5146,1.5163,1.5029,1.4877,1.4794,1.4668,1.4412,1.4114,1.4044,1.4015,1.3914
0.59885,0.55526,0.4198,0,0,0,0,0,0,0,0,0,1.2736,1.2786,1.2796,1.2608,1.2423,1.2356,1.2521,1.2668,1.2766,1.2793,1.2814,1.2839,1.2886,1.2945,1.2996,1.3037,1.307,1.3035,1.3001,1.3168,1.3406,1.3506,1.3516,1.3425,1.3268,1.3278,1.3367,1.336,1.3287,1.3285,1.3403,1.3521,1.3547,1.3485,1.339,1.3336,1.3263,1.3149,1.2968,1.2817,1.2712,1.2768,1.275,1.27,1.2675,1.268,1.2568,1.2378,1.2335,1.232,1.2267,1.2315,1.2577,1.2779,1.2799,1.2768,1.2688,1.2604,1.2556,1.266,1.279,1.2915,1.3014,1.3086,1.3074,1.308,1.3124,1.3216,1.3341,1.3502,1.3671,1.3843,1.4042,1.424,1.4294,1.4174,1.4019,1.4089,1.4112,1.4174,1.4275,1.4472,1.4827,1.4836,1.4725,1.4617,1.4521,1.4661,1.4914,1.505,1.5051,1.5034,1.478,1.4564,1.4458,1.4468,1.4408,1.4251,1.4129,1.4045,1.3935
0.3568,0.35207,0.35532,0,0,0,0,0,0,0,0,0,0,0,1.2456,1.2424,1.2382,1.2415,1.2501,1.2605,1.2668,1.2724,1.2793,1.2844,1.2879,1.2922,1.2982,1.3034,1.3033,1.2995,1.3003,1.314,1.3261,1.3321,1.3344,1.3312,1.3255,1.3316,1.3384,1.3379,1.3323,1.3301,1.3358,1.34,1.3322,1.3232,1.3185,1.3195,1.3176,1.3107,1.294,1.2703,1.2621,1.2751,1.2801,1.2768,1.2699,1.2631,1.2477,1.2311,1.2208,1.2362,1.2503,1.2554,1.2658,1.2804,1.2902,1.3036,1.2926,1.2694,1.2483,1.2599,1.2721,1.2883,1.3091,1.326,1.3233,1.3168,1.3156,1.3183,1.3188,1.3186,1.3202,1.332,1.352,1.3711,1.3835,1.3878,1.387,1.4039,1.4172,1.42,1.4142,1.4369,1.4684,1.4808,1.488,1.4832,1.4762,1.4777,1.4851,1.4851,1.486,1.479,1.4476,1.4231,1.4162,1.4185,1.4201,1.4145,1.4116,1.405,1.3991
0.33747,0.34026,0,0,0,0,0,0,0,0,0,0,0,0,1.2241,1.2392,1.2483,1.2433,1.2406,1.241,1.2425,1.2448,1.2504,1.259,1.2673,1.2769,1.2876,1.2966,1.2959,1.2947,1.2965,1.3031,1.3076,1.3108,1.3168,1.3153,1.3104,1.3151,1.325,1.3285,1.3272,1.33,1.3377,1.3408,1.3274,1.3139,1.3058,1.3051,1.3074,1.3137,1.3078,1.2897,1.2757,1.2806,1.29,1.2878,1.2823,1.2625,1.2401,1.2073,1.1965,1.2598,1.2985,1.2873,1.2755,1.2674,1.2607,1.2587,1.2634,1.2657,1.2673,1.2699,1.2725,1.2795,1.2924,1.3085,1.3151,1.3204,1.329,1.3402,1.3434,1.3395,1.3378,1.3425,1.3511,1.3587,1.3607,1.3601,1.3626,1.3783,1.404,1.4183,1.3891,1.4224,1.4625,1.495,1.5078,1.5134,1.5008,1.4783,1.4622,1.4455,1.4358,1.4335,1.4221,1.4009,1.3905,1.3849,1.3793,1.3643,1.3547,1.3702,1.4047
0.30718,0,0,0,0,0,0,0,0,0,0,0,0,0,1.2232,1.2176,1.2232,1.2286,1.2311,1.2323,1.2306,1.2271,1.231,1.238,1.2468,1.2584,1.2707,1.2765,1.2761,1.2779,1.2861,1.2912,1.2932,1.2951,1.3019,1.2994,1.2948,1.2966,1.3011,1.2983,1.2933,1.2989,1.3119,1.3189,1.3103,1.2993,1.2908,1.2856,1.2848,1.2906,1.303,1.312,1.2965,1.2903,1.2973,1.2992,1.2899,1.2591,1.2127,1.0801,0.98928,0,1.0433,1.2051,1.2794,1.2683,1.2385,1.2214,1.2455,1.2709,1.2849,1.2789,1.2724,1.2681,1.2647,1.267,1.277,1.2879,1.3063,1.3289,1.3433,1.3487,1.3533,1.3607,1.3709,1.379,1.3808,1.3816,1.3791,1.3731,1.3772,1.4011,1.4058,1.4276,1.4295,1.4448,1.4669,1.4836,1.4707,1.4497,1.428,1.3996,1.3845,1.4043,1.4168,1.4086,1.3918,1.3776,1.3643,1.3403,1.316,1.3287,0
0,0,0,0,0,0,0,0,0,0,0,0,0,0,0,1.2506,1.2273,1.2255,1.237,1.2479,1.255,1.2545,1.2479,1.2442,1.2497,1.2588,1.2631,1.2563,1.2551,1.2631,1.2775,1.2891,1.2984,1.3019,1.3027,1.2952,1.2865,1.2856,1.2847,1.2761,1.2654,1.2698,1.2816,1.2894,1.2886,1.2864,1.2897,1.2913,1.2844,1.2715,1.2704,1.2888,1.3011,1.2935,1.2929,1.2989,1.2803,1.2395,1.0617,0.82773,0.60374,0,0,1.0691,1.3612,1.3603,1.322,1.2905,1.2726,1.2595,1.2589,1.2687,1.2798,1.2852,1.2867,1.2838,1.2775,1.2716,1.28,1.2952,1.3073,1.3145,1.3236,1.3417,1.3583,1.3663,1.3666,1.3673,1.3664,1.3633,1.3618,1.3715,1.3654,1.3846,1.3804,1.3939,1.4225,1.4329,1.4224,1.4121,1.4115,1.4054,1.3951,1.3993,1.4133,1.4133,1.3957,1.3854,1.3947,1.3964,1.3806,0,0
0,0,0,0,0,0,0,0,0,0,0,0,0,0,0,0,0,0,1.2286,1.2465,1.2662,1.2679,1.2595,1.2562,1.2704,1.2858,1.2896,1.2755,1.2624,1.2623,1.2735,1.2929,1.3135,1.3157,1.3087,1.2969,1.2885,1.2954,1.3008,1.3006,1.2984,1.2938,1.2908,1.2882,1.2852,1.2841,1.2925,1.3088,1.3105,1.2975,1.2801,1.2723,1.2882,1.2917,1.2818,1.2796,1.2549,1.1272,0,0,0,0,0,0,0,0,0,1.3455,1.287,1.2339,1.235,1.2632,1.2919,1.3103,1.323,1.3213,1.3149,1.3095,1.3016,1.294,1.2864,1.2855,1.3005,1.3217,1.3388,1.3434,1.3439,1.349,1.3592,1.3707,1.3852,1.4102,1.4112,1.3826,1.3979,1.4172,1.4312,1.4225,1.4062,1.3961,1.4127,1.429,1.4093,1.3881,1.3935,1.4245,1.4354,1.4385,1.4532,0,1.4422,0,0
0,0,0,0,0,0,0,0,0,0,0,0,0,0,0,0,0,0,0,0,1.2293,1.2401,1.2453,1.2544,1.2771,1.3061,1.313,1.2965,1.2816,1.2736,1.2744,1.2881,1.3143,1.3174,1.307,1.2934,1.2903,1.3087,1.3254,1.3377,1.3423,1.3254,1.3076,1.2969,1.2895,1.2826,1.2768,1.2781,1.2883,1.3006,1.308,1.2916,1.2888,1.2967,1.2757,1.2554,0,0,0,0,0,0,0,0,0,0,0,0,0,0,1.2769,1.2625,1.2594,1.2706,1.2862,1.3028,1.3251,1.3414,1.3443,1.3368,1.3299,1.3287,1.3401,1.3556,1.3651,1.3649,1.3665,1.3654,1.3633,1.3631,1.3665,1.3713,1.3868,1.384,1.3731,1.4005,1.4326,1.4337,1.4201,1.4024,1.3935,1.3969,1.3938,1.3742,1.3961,1.4611,1.5104,1.5254,0,0,0,0,0
0,0,0,0,0,0,0,0,0,0,0,0,0,0,0,0,0,0,0,0,0,0,1.2445,1.2408,1.2507,1.2642,1.2701,1.274,1.2802,1.2783,1.2691,1.2662,1.2724,1.2756,1.2702,1.2617,1.2662,1.2817,1.2958,1.3063,1.3091,1.2998,1.29,1.2903,1.29,1.2852,1.2705,1.2398,1.2418,1.2554,1.273,1.2848,1.2818,1.271,0,0,0,0,0,0,0,0,0,0,0,0,0,0,0,0,0,1.2281,1.2155,1.2152,1.2296,1.2504,1.2806,1.3169,1.348,1.3672,1.368,1.3731,1.3856,1.3992,1.3971,1.3917,1.3859,1.3694,1.3527,1.3342,1.3155,1.3235,1.3721,1.4143,1.3718,1.3436,1.3747,1.409,1.4228,1.3937,1.3565,1.3519,1.3817,1.3987,1.4246,1.4643,1.4752,0,0,0,0,0,0
0,0,0,0,0,0,0,0,0,0,0,0,0,0,0,0,0,0,0,0,0,0,0,0,0,1.241,1.2246,1.231,1.2611,1.2818,1.2794,1.2528,1.2335,1.2374,1.2377,1.233,1.2372,1.2475,1.2511,1.2528,1.2567,1.2606,1.2673,1.285,0,0,0,0,0,0,0,0,0,0,0,0,0,0,0,0,0,0,0,0,0,0,0,0,0,0,0,0,1.3005,1.296,1.2811,1.2494,1.25,1.2683,1.2961,1.315,1.3295,1.3487,1.3658,1.3759,1.374,1.3706,1.3688,1.3729,1.3822,1.4043,1.4612,1.5615,1.5057,1.4544,1.4633,1.403,1.3484,1.3754,1.4097,1.4235,1.4117,1.4206,1.4541,1.4654,1.417,0,0,0,0,0,0,0,0
0,0,0,0,0,0,0,0,0,0,0,0,0,0,0,0,0,0,0,0,0,0,0,0,0,0,1.3708,1.3286,1.3168,1.3144,1.3267,1.3212,1.3015,1.3139,1.3234,1.3295,1.3389,1.3427,1.3425,1.3451,1.3599,1.3682,1.3773,0,0,0,0,0,0,0,0,0,0,0,0,0,0,0,0,0,0,0,0,0,0,0,0,0,0,0,0,0,1.4487,1.4573,1.427,1.3854,1.3442,1.3086,1.2776,1.2792,1.2883,1.3023,1.3163,1.3261,1.3343,1.3449,1.3734,1.4073,1.4655,1.5321,1.6167,1.6641,1.6752,1.5687,1.5212,1.5618,1.5079,1.4693,1.4498,1.4838,1.5225,1.583,0,0,0,0,0,0,0,0,0,0,0
0,0,0,0,0,0,0,0,0,0,0,0,0,0,0,0,0,0,0,0,0,0,0,0,0,0,0,0,0,0,0,0,0,0,0,0,0,0,0,0,0,0,0,0,0,0,0,0,0,0,0,0,0,0,0,0,0,0,0,0,0,0,0,0,0,0,0,0,0,0,0,0,0,0,0,0,0,0,0,0,1.4073,1.4103,1.4234,1.4414,1.4583,1.4849,1.5204,1.5398,1.4594,1.3094,0.92291,0.9418,1.5451,1.6783,1.3892,0,0,0,0,0,0,0,0,0,0,0,0,0,0,0,0,0,0
0,0,0,0,0,0,0,0,0,0,0,0,0,0,0,0,0,0,0,0,0,0,0,0,0,0,0,0,0,0,0,0,0,0,0,0,0,0,0,0,0,0,0,0,0,0,0,0,0,0,0,0,0,0,0,0,0,0,0,0,0,0,0,0,0,0,0,0,0,0,0,0,0,0,0,0,0,0,0,0,0,0,0,0,0,0,0,0,0,0,0,0,0,0,0,0,0,0,0,0,0,0,0,0,0,0,0,0,0,0,0,0,0
0,0,0,0,0,0,0,0,0,0,0,0,0,0,0,0,0,0,0,0,0,0,0,0,0,0,0,0,0,0,0,0,0,0,0,0,0,0,0,0,0,0,0,0,0,0,0,0,0,0,0,0,0,0,0,0,0,0,0,0,0,0,0,0,0,0,0,0,0,0,0,0,0,0,0,0,0,0,0,0,0,0,0,0,0,0,0,0,0,0,0,0,0,0,0,0,0,0,0,0,0,0,0,0,0,0,0,0,0,0,0,0,0
0,0,0,0,0,0,0,0,0,0,0,0,0,0,0,0,0,0,0,0,0,0,0,0,0,0,0,0,0,0,0,0,0,0,0,0,0,0,0,0,0,0,0,0,0,0,0,0,0,0,0,0,0,0,0,0,0,0,0,0,0,0,0,0,0,0,0,0,0,0,0,0,0,0,0,0,0,0,0,0,0,0,0,0,0,0,0,0,0,0,0,0,0,0,0,0,0,0,0,0,0,0,0,0,0,0,0,0,0,0,0,0,0
0,0,0,0,0,0,0,0,0,0,0,0,0,0,0,0,0,0,0,0,0,0,0,0,0,0,0,0,0,0,0,0,0,0,0,0,0,0,0,0,0,0,0,0,0,0,0,0,0,0,0,0,0,0,0,0,0,0,0,0,0,0,0,0,0,0,0,0,0,0,0,0,0,0,0,0,0,0,0,0,0,0,0,0,0,0,0,0,0,0,0,0,0,0,0,0,0,0,0,0,0,0,0,0,0,0,0,0,0,0,0,0,0
0,0,0,0,0,0,0,0,0,0,0,0,0,0,0,0,0,0,0,0,0,0,0,0,0,0,0,0,0,0,0,0,0,0,0,0,0,0,0,0,0,0,0,0,0,0,0,0,0,0,0,0,0,0,0,0,0,0,0,0,0,0,0,0,0,0,0,0,0,0,0,0,0,0,0,0,0,0,0,0,0,0,0,0,0,0,0,0,0,0,0,0,0,0,0,0,0,0,0,0,0,0,0,0,0,0,0,0,0,0,0,0,0
0,0,0,0,0,0,0,0,0,0,0,0,0,0,0,0,0,0,0,0,0,0,0,0,0,0,0,0,0,0,0,0,0,0,0,0,0,0,0,0,0,0,0,0,0,0,0,0,0,0,0,0,0,0,0,0,0,0,0,0,0,0,0,0,0,0,0,0,0,0,0,0,0,0,0,0,0,0,0,0,0,0,0,0,0,0,0,0,0,0,0,0,0,0,0,0,0,0,0,0,0,0,0,0,0,0,0,0,0,0,0,0,0
0,0,0,0,0,0,0,0,0,0,0,0,0,0,0,0,0,0,0,0,0,0,0,0,0,0,0,0,0,0,0,0,0,0,0,0,0,0,0,0,0,0,0,0,0,0,0,0,0,0,0,0,0,0,0,0,0,0,0,0,0,0,0,0,0,0,0,0,0,0,0,0,0,0,0,0,0,0,0,0,0,0,0,0,0,0,0,0,0,0,0,0,0,0,0,0,0,0,0,0,0,0,0,0,0,0,0,0,0,0,0,0,0
0,0,0,0,0,0,0,0,0,0,0,0,0,0,0,0,0,0,0,0,0,0,0,0,0,0,0,0,0,0,0,0,0,0,0,0,0,0,0,0,0,0,0,0,0,0,0,0,0,0,0,0,0,0,0,0,0,0,0,0,0,0,0,0,0,0,0,0,0,0,0,0,0,0,0,0,0,0,0,0,0,0,0,0,0,0,0,0,0,0,0,0,0,0,0,0,0,0,0,0,0,0,0,0,0,0,0,0,0,0,0,0,0
