37.843,37.831,37.593,37.159,36.791,36.245,35.477,35.022,34.915,34.909,35.683,36.682,36.839,36.872,37.736,39.059,40.397,42.347,44.559,46.42,47.78,49.37,50.92,51.708,51.262,50.497,50.371,50.476,50.81,51.416,51.103,49.195,48.168,48.979,49.635,49.621,49.675,49.908,49.941,49.918,49.324,48.638,48.486,48.728,49.087,49.532,49.921,49.59,48.928,48.442,48.316,48.689,49.461,49.959,49.522,48.386,48.861,50.985,53.303,54.407,53.491,46.861,39.51,35.938,34.456,33.341,32.804,32.439,32.356,32.155,30.684,28.62,26.717,25.182,23.829,23.103,22.509,21.863,21.285,20.9,20.789,20.737,20.949,21.413,0,28.49,31.067,29.824,27.753,27.639,27.62,25.805,23.456,21.508,20.332,19.836,20.122,20.771,21.053,21.202,21.465,21.882,22.282,22.687,23.141,23.145,22.86,22.704,22.792,22.876,23.059,23.323,23.244
36.958,36.497,36.031,35.328,34.908,34.605,34.377,34.425,34.355,34.263,34.347,34.23,33.507,33.134,34.147,35.373,36.361,37.434,38.748,40.074,41.347,43.239,45.966,48.874,51.28,52.267,52.805,52.429,51.652,51.328,50.48,48.895,48.579,50.532,51.964,51.454,50.777,50.376,50.133,49.866,49.347,48.896,48.901,48.901,48.926,49.2,49.458,49.454,49.192,48.678,48.168,48.54,49.276,50.244,51,51.344,52.21,53.499,55.725,57.87,54.73,46.712,39.824,37.046,35.205,34.003,33.147,32.74,32.943,32.889,31.519,29.698,27.872,26.201,24.828,24.196,23.614,22.672,21.757,21.316,21.131,20.836,20.309,20.614,0,24.545,23.307,23.37,25.251,27.781,29.016,28.121,26.465,24.278,22.106,20.847,20.725,20.81,20.962,21.082,21.317,21.708,22.125,22.416,22.712,22.789,22.73,22.627,22.53,22.46,22.413,22.516,22.536
36.13,35.166,35.056,34.746,34.208,33.865,33.985,34.162,33.734,33.209,32.836,32.48,32.012,32.18,32.961,33.597,33.614,33.508,33.678,33.881,34.067,35.048,37.623,41.139,45.12,48.506,50.755,51.281,50.786,50.385,50.411,50.13,50.551,51.613,51.8,51.35,51.049,50.756,50.103,49.629,49.25,49.444,49.82,49.711,49.169,48.971,49.384,49.769,49.468,48.929,48.784,49.248,49.905,51.003,52.149,53.17,54.112,56.077,59.081,59.631,52.778,44.842,40.019,37.162,35.166,34.146,33.209,33.258,33.574,33.217,31.909,30.433,28.733,27.019,25.806,25.102,24.383,23.312,22.208,21.787,21.531,21.041,20.42,20.102,0,0,16.498,15.749,18.745,21.239,22.43,22.979,23.864,24.974,24.273,21.931,21.004,20.741,20.92,21.072,21.023,21.056,21.406,21.917,22.311,22.551,22.737,22.679,22.448,22.162,21.67,21.491,22.067
35.63,34.814,34.9,34.297,33.714,33.328,33.23,32.899,32.262,31.59,31.34,31.202,31.148,31.637,32.274,32.444,32.262,31.989,31.526,31.153,31.938,33.316,35.307,37.802,41.088,44.939,48.135,50.116,51.308,52.491,53.15,52.256,51.438,51.299,51.127,50.878,52.181,53.102,51.991,50.054,49.391,50.373,51.153,49.955,48.825,48.933,49.696,49.961,49.435,48.967,49.397,49.846,50.642,51.751,52.776,53.685,54.926,57.974,61.348,58.331,51.009,44.161,39.89,36.35,35.221,34.45,33.975,33.989,34.044,33.433,32.564,31.25,29.544,27.861,26.693,25.705,24.786,23.836,22.954,22.432,21.954,21.434,20.906,20.668,20.365,0,24.862,15.592,13.159,14.247,15.727,16.872,21.101,27.162,31.32,27.454,23.511,21.618,21.05,20.826,20.68,20.434,20.856,21.527,22.107,22.537,22.936,23.02,22.936,22.85,22.325,21.456,21.91
35.513,35.109,34.638,32.914,32.11,31.79,31.481,30.99,30.451,30.172,30.303,30.396,30.383,30.429,30.558,30.527,30.393,30.089,29.633,30.088,31.015,32.331,33.804,34.886,36.845,40.263,44.121,47.648,51.591,55.185,56.235,53.458,51.379,51.288,51.347,52.06,54.036,55.612,52.383,49.162,50.08,51.87,51.606,49.462,48.084,49.052,50.124,49.948,49.349,49.426,50.147,50.677,51.114,51.863,52.878,53.881,56.124,59.291,60.619,56.402,50.365,44.202,38.982,36.165,35.519,34.974,34.625,34.377,34.195,33.898,33.413,31.983,30.435,28.903,27.514,26.215,25.23,24.318,23.554,22.949,22.404,21.884,21.384,21.341,21.179,21.552,0,0,3.5692,6.2251,8.8094,10.915,20.223,30.608,37.09,31.684,25.126,22.391,20.772,20.493,21.031,21.45,22.127,22.824,23.057,22.885,22.741,22.607,22.496,22.37,21.879,21.54,21.797
35.219,34.479,32.879,30.774,29.58,28.989,28.699,28.401,28.084,28.571,29.037,29.317,28.997,28.64,28.515,28.493,28.44,28.415,28.463,29.303,30.274,31.501,32.802,33.665,34.401,36.651,40.328,44.443,49.501,54.073,55.24,53.976,52.14,52,52.303,53.042,54.232,53.313,50.75,49.331,51.126,53.23,50.821,48.168,47.991,49.066,49.928,50.178,50.113,50.651,51.276,51.154,50.969,51.471,52.428,53.818,56.697,59.953,59.261,56.272,50.001,43.155,38.122,36.772,35.778,35.209,34.767,34.465,34.523,34.608,33.988,32.75,31.412,29.784,28.168,26.727,25.59,24.5,23.992,23.64,23.085,22.304,21.925,22.067,21.76,21.203,24.307,0,0,4.6018,1.5319,5.8943,16.695,27.164,34.196,34.265,31.824,0,22.369,22.146,22.482,23.198,24.128,24.96,24.337,23.457,22.609,22.319,22.183,22.014,21.158,20.554,21.444
34.594,33.311,31.199,29.219,28.148,27.372,26.719,26.033,25.821,26.38,26.874,27.23,27.383,27.374,27.23,27.079,27.046,27.059,27.585,28.602,29.523,30.55,31.822,32.888,33.862,35.788,38.285,42.382,47.622,52.972,55.88,56.835,54.649,52.825,52.441,52.812,52.98,51.548,49.876,50.02,50.925,50.821,49.318,48.003,48.609,49.346,50.228,51.089,51.609,52.024,52.183,51.687,51.296,51.965,52.507,53.986,56.302,58.219,58.391,55.4,47.975,40.54,38.359,36.755,35.758,35.179,34.642,34.589,34.58,34.489,33.898,33.172,32.043,30.449,28.805,27.332,25.976,24.913,24.678,24.429,23.692,22.954,22.787,22.726,22.047,21.022,22.096,27.554,27.152,0,0,4.2848,12.746,23.753,32.799,39.57,41.715,32.843,0,25.637,24.816,26.76,28.908,30.231,29.671,29.059,27.969,26.386,24.914,23.937,22.992,21.306,21.476
34.054,32.63,30.702,28.983,27.618,26.728,26.151,25.638,25.474,25.497,25.583,25.907,26.324,26.378,26.087,25.819,25.778,25.816,26.816,27.98,28.605,29.352,30.692,32.006,33.175,34.356,36.122,39.547,43.78,49.332,54.812,57.523,54.964,52.149,51.706,51.789,51.623,50.975,50.533,50.664,50.64,49.704,48.856,48.819,49.161,49.607,50.179,50.912,51.66,52.348,52.446,52.166,52.658,53.73,54.243,54.64,55.916,57.962,58.98,52.389,45.289,41.003,38.166,36.421,35.753,35.13,34.833,34.693,34.58,34.46,34.269,33.882,32.66,31.235,29.742,28.226,26.766,25.952,25.574,25.112,24.492,23.94,23.611,23.18,22.4,21.648,22.293,23.945,26.589,19.635,0,1.9767,4.1067,10.247,16.72,24.658,0,0,0,31.12,32.11,33.832,35.806,36.521,36.718,36.294,33.299,29.909,27.131,25.77,24.304,24.219,22.655
33.755,32.303,30.609,28.998,27.434,26.533,26.121,25.585,25.311,25.227,25.289,25.529,25.747,25.497,25.074,24.84,24.829,25.102,26.26,27.289,27.578,28.147,29.61,31.116,32.577,33.829,35.01,36.671,39.688,46.397,52.797,55.098,54.74,53.22,51.939,51.335,51.444,51.525,51.613,51.665,50.858,49.687,49.188,49.672,49.952,49.836,49.833,50.38,51.133,51.789,52.093,52.352,53.542,54.893,54.761,54.24,54.936,56.485,55.797,51.666,45.667,40.219,37.239,36.486,35.804,35.354,35.072,34.826,34.709,34.672,34.597,34.205,33.409,32.362,30.84,29.144,27.66,27.008,26.496,25.949,25.383,24.826,24.277,23.619,22.812,22.241,22.644,23.654,27.091,30.59,22.046,0,0,0,0,0,0,0,0,0,44.76,44.451,44.814,45.996,47.268,45.318,40.759,36.481,34.395,32.61,0,28.545,25.528
33.341,32.052,30.828,29.424,27.6,26.586,26.182,25.731,25.236,24.929,24.9,25.026,25.059,24.607,24.15,24.113,24.216,24.778,25.698,26.381,26.78,27.522,28.825,30.353,32.149,33.586,34.104,34.811,38.026,43.509,49.571,53.847,55.817,54.201,52.353,52.115,52.272,52.347,52.412,52.076,50.76,49.728,50.151,50.903,50.822,50.292,50.077,50.412,50.918,51.712,52.357,52.863,53.734,54.733,55.114,54.908,54.684,55.017,56.103,54.954,48.807,43.535,40.265,37.913,36.617,35.948,35.373,34.992,34.94,34.948,34.98,34.968,34.779,33.98,32.093,30.194,28.985,28.398,27.801,26.948,26.068,25.495,24.989,24.215,23.281,22.869,23.045,23.152,24.336,27.487,24.67,15.92,5.3487,0,0,0,0,0,0,0,0,40.87,41.219,39.808,38.323,37.542,37.74,40.386,41.39,0,0,37.027,32.03
32.871,32.047,31.366,30.091,27.995,27.018,26.713,25.995,25.094,24.582,24.422,24.395,24.224,23.815,23.48,23.566,23.751,24.316,25.007,25.57,26.083,26.927,28.02,29.567,31.414,32.848,33.132,33.342,35.44,39.177,45.924,52.579,55.021,53.949,53.066,53.061,53.117,53.082,52.922,51.741,50.322,50.074,50.959,51.43,50.707,49.995,50.112,50.334,51.069,52.426,53.338,53.393,53.627,54.341,55.51,55.503,55.094,55.795,56.662,54.273,50.958,46.82,42.819,39.728,37.938,36.703,35.755,35.298,35.034,34.87,34.933,35.108,35.248,34.509,33.033,31.423,30.502,29.872,28.977,27.766,26.744,26.242,25.703,24.733,23.676,23.498,23.628,23.46,23.086,23.506,24.142,21.444,16.969,14.202,0,0,0,0,0,0,0,29.864,25.299,17.623,12.727,14.19,17.241,27.847,0,0,48.864,46.387,39.266
32.911,32.364,32.012,30.613,28.311,27.453,27.329,26.498,25.313,24.445,24.029,23.764,23.485,23.144,23.006,23.119,23.332,23.822,24.37,24.94,25.555,26.426,27.317,28.838,30.601,32.059,33.021,33.695,34.731,37.306,44.142,51.93,54.458,54.57,54.102,53.744,53.252,52.857,52.351,51.423,50.532,50.944,51.751,51.181,49.884,49.384,50.116,50.72,51.4,52.59,53.524,53.392,52.864,52.379,53.249,55.384,56.068,55.841,55.551,55.11,53.171,49.143,44.991,41.985,39.866,38.064,36.833,36.033,35.313,34.816,34.745,34.788,34.896,34.784,34.288,33.415,32.495,31.627,30.329,28.919,28.003,27.463,26.699,25.504,24.411,24.228,24.225,23.859,23.436,23.53,24.639,26.115,27.309,27.884,26.029,19.346,11.756,0,0,0,0,0,11.666,2.8451,0,0,0,0,0,0,54.108,53.772,46.698
34.237,33.383,32.664,30.864,28.572,27.845,27.784,26.897,25.49,24.492,23.954,23.542,23.352,23.091,22.911,22.843,22.966,23.279,23.744,24.368,25.1,26.057,27.073,28.429,29.919,31.313,32.736,33.339,33.191,35.392,41.355,49.2,55.025,55.694,54.838,53.773,52.756,52.169,52.116,51.84,51.566,51.664,51.687,50.449,49.031,49.292,50.456,51.036,50.844,51.121,52.763,53.851,52.711,50.81,52.913,56.825,56.356,54.809,55.658,57.062,54.96,51.323,47.702,44.561,41.747,39.429,38.151,37.274,36.483,35.719,35.133,34.729,35.103,35.645,36.007,35.333,34.374,33.185,31.65,30.136,29.411,28.79,27.713,26.348,25.345,25.027,24.748,24.164,23.655,23.599,23.875,24.449,24.901,25.519,24.691,21.068,15.71,9.3668,0,0,0,0,0,0,0,0,0,0,0,0,57.714,55.357,52.443
35.526,34.273,33.081,31.015,28.793,28.166,27.867,26.858,25.567,24.599,23.92,23.504,23.562,23.524,23.233,22.985,23.012,23.141,23.452,23.893,24.711,25.758,26.773,27.908,29.136,30.297,31.512,32.35,32.909,35.398,39.159,49.249,56.599,56.69,55.067,53.094,51.6,51.56,51.68,51.8,51.737,51.657,51.05,49.718,48.611,49.401,50.407,50.719,50.418,50.693,52.945,55.065,53.402,51.798,54.626,57.538,56.034,54.549,56.105,57.817,55.808,53.127,50.065,46.933,43.956,41.447,39.649,38.317,37.309,36.254,35.287,34.911,35.453,36.076,36.295,35.892,35.328,34.384,33.228,32.026,30.956,29.969,28.563,27.102,26.196,25.662,25.072,24.323,23.715,23.891,23.996,23.731,23.151,22.544,23.371,23.228,21.471,18.253,14.933,0,0,0,0,0,0,0,0,0,0,0,56.792,55.333,51.244
35.73,34.365,32.945,31.059,29.191,28.463,27.869,26.821,25.667,24.92,24.277,23.9,23.877,23.792,23.386,23.006,22.931,22.91,23.09,23.345,24.404,25.61,26.439,27.175,28.212,29.463,30.626,31.904,33.278,35.174,38.773,45.675,53.328,59.298,55.089,51.902,51.292,51.321,51.137,51.098,50.939,50.816,50.552,49.856,49.214,49.449,50.167,50.632,50.825,51.322,52.642,53.897,53.662,53.425,55.486,57.137,55.741,54.773,56.217,57.537,56.187,54.474,51.708,48.649,45.772,43.086,40.736,38.766,37.517,36.477,35.424,35.378,35.861,36.448,36.675,36.684,36.479,35.967,35.344,33.952,32.273,30.723,29.257,27.775,26.941,26.188,25.553,24.813,24.258,24.395,24.614,24.179,23.612,23.265,23.591,24.218,24.562,24.928,26.742,0,0,0,0,0,0,0,0,0,0,0,45.931,52.266,47.628
35.658,34.157,32.7,31.103,29.738,29.16,28.395,27.042,25.827,25.253,24.74,24.334,24.08,23.762,23.309,22.978,22.911,22.857,22.897,22.97,24.147,25.391,25.926,26.305,27.443,29.06,30.613,32.192,33.843,35.456,38.022,41.508,50.27,57.213,55.169,52.365,51.908,52.242,52.265,51.598,50.928,50.572,50.817,50.823,49.913,49.175,49.368,50.402,51.182,51.204,51.506,52.998,54.225,53.728,53.381,54.467,55.201,55.206,55.883,56.873,56.71,55.978,53.115,49.852,46.802,43.925,41.236,38.769,37.754,36.732,35.813,35.931,36.163,36.537,36.964,37.293,37.339,37.202,37.036,35.25,33.291,31.54,29.975,28.561,27.529,26.611,26.319,25.926,25.463,25.212,25.063,24.59,24.088,23.608,23.324,23.076,22.507,22.493,25.216,28.354,0,0,0,0,0,0,0,0,0,20.97,35.813,48.752,41.765
35.448,34.197,32.747,31.286,30.358,29.897,28.978,27.423,26.092,25.332,24.694,24.237,23.884,23.557,23.151,22.957,22.93,22.886,22.863,23.015,23.749,24.613,25.37,26.016,27.317,28.903,30.684,32.573,34.244,35.7,37.634,40.243,48.483,54.924,56.008,55.035,53.965,53.529,53.353,52.657,51.945,51.807,52.078,52.064,50.211,48.608,48.982,50.387,51.134,50.659,50.556,52.06,53.835,52.653,50.458,52.112,55.308,55.705,54.625,54.552,55.274,55.556,53.833,51.06,47.717,44.37,41.396,39.341,38.471,37.526,36.89,36.685,36.541,36.834,37.448,37.99,37.943,37.832,37.398,36.321,35.006,33.2,31.389,29.919,28.671,27.673,27.381,27.115,26.475,25.832,25.382,24.96,24.503,23.964,23.424,22.586,21.393,20.821,22.133,24.491,27.346,0,0,0,0,0,0,0,0,21.667,33.036,45.731,35.306
35.461,34.563,33.042,31.542,30.713,30.188,29.096,27.553,26.245,25.275,24.4,23.71,23.125,22.747,22.42,22.518,22.707,22.8,22.823,22.947,23.273,23.898,25.045,26.123,27.361,28.739,30.746,32.912,34.484,35.846,37.485,40.429,46.987,52.979,56.722,56.924,55.27,54.46,53.654,52.807,52.268,52.644,53.251,52.71,50.48,48.772,49.421,50.659,50.739,49.923,49.634,50.68,51.875,51.506,50.451,52.143,55.292,55.488,53.101,52.229,53.83,54.891,54.465,53.09,49.828,45.681,42.019,40.166,39.361,38.609,38.191,37.92,37.715,37.876,38.187,38.369,38.195,38.117,37.991,37.686,36.762,34.791,32.856,31.418,30.093,29.094,28.414,27.871,27.321,26.687,26.055,25.491,24.928,24.329,23.789,23.311,22.658,22.115,22.092,23.953,29.136,0,0,0,0,0,0,0,0,22.047,31.072,37.011,28.605
35.568,34.671,33.241,31.782,30.931,30.163,28.796,27.251,26.075,25.112,24.141,23.22,22.456,22.022,21.692,22.037,22.403,22.665,22.857,23.005,23.177,23.931,25.189,26.39,27.509,28.803,30.975,33.189,34.657,36.027,37.373,39.848,45.388,51.139,56.848,58.347,55.78,54.252,53.393,52.551,51.814,52.199,52.781,51.82,49.939,48.74,49.716,50.614,50.153,49.253,49.445,50.31,50.821,51.086,51.343,52.5,54.2,54.742,54.043,53.68,54.249,54.903,55.18,55.266,52.148,47.537,43.649,41.825,40.594,39.679,39.284,38.973,38.787,38.684,38.649,38.276,37.781,37.526,37.779,37.932,37.202,35.808,34.345,33.106,31.765,30.471,29.255,28.591,28.253,27.747,27.008,26.299,25.474,24.674,24.107,23.85,23.541,22.648,21.72,22.652,25.323,0,0,0,0,0,0,0,0,22.845,29.952,29.524,23.121
35.588,34.574,33.385,32.125,30.997,29.939,28.48,26.994,25.907,24.946,23.864,22.779,22.064,21.686,21.518,22.025,22.446,22.714,22.964,23.044,23.131,24.126,25.473,26.712,27.877,29.282,31.203,33.153,34.907,36.426,37.449,39.689,44.452,49.897,56.069,58.735,56.043,53.569,52.178,51.094,50.897,51.612,51.787,50.336,48.478,48.09,49.14,49.983,49.652,48.826,49.486,50.714,50.95,50.686,50.997,52.168,53.241,54.373,55.334,55.378,55.313,55.06,54.502,54.248,52.506,49.196,45.594,43.52,41.768,40.719,40.124,39.645,39.493,39.443,39.197,38.358,37.49,37.267,37.68,37.984,37.654,36.984,36.173,35.286,34.185,32.778,31.427,30.467,29.721,28.849,27.901,26.974,25.877,24.841,24.104,23.551,23.076,22.503,21.943,22.033,22.524,0,0,0,0,0,0,0,0,0,28.995,25.602,19.977
35.838,34.725,33.646,32.287,30.857,29.53,28.157,26.796,25.691,24.651,23.548,22.361,21.79,21.484,21.675,22.337,22.803,22.968,23.118,23.13,23.275,24.287,25.546,26.771,28.002,29.545,31.268,33.124,35.207,36.763,37.52,39.585,43.603,48.785,55.257,58.451,56.491,53.885,51.35,49.447,49.851,51.19,51.456,49.679,47.568,47.508,48.391,49.347,49.89,49.977,50.387,51.216,51.001,50.268,50.374,51.67,52.68,53.173,53.9,54.668,55.2,54.76,53.49,52.783,52.71,51.534,48.831,45.921,43.511,42.048,41.025,40.358,40.291,40.285,39.903,39.054,38.24,38.057,38.206,38.345,38.28,38.18,37.925,37.68,36.631,35.135,33.682,32.42,31.246,29.99,28.789,27.694,26.582,25.449,24.42,23.459,22.985,22.667,22.161,21.643,21.585,22.393,23.756,0,0,0,0,0,0,25.34,27.013,22.482,18.575
36.362,34.935,33.539,32.035,30.511,29.182,27.899,26.602,25.379,24.275,23.309,22.349,21.802,21.395,21.975,22.823,23.141,23.17,23.23,23.225,23.446,24.353,25.381,26.473,27.594,29.463,31.5,33.685,35.967,37.318,37.842,39.661,42.906,47.561,54.008,57.938,57.062,55.095,52.451,49.872,49.968,51.252,51.402,49.644,47.937,47.494,47.672,49.105,50.689,51.291,51.119,51.287,51.284,50.89,50.669,51.173,51.91,51.915,52.116,53.068,54.028,54.062,53.432,53.068,53.797,54.287,51.649,48.274,45.411,43.606,42.134,41.32,41.131,40.995,40.439,39.705,39.11,38.886,38.779,38.742,38.7,38.518,38.049,37.611,37.103,36.379,35.221,33.845,32.432,30.957,29.541,28.506,27.527,26.468,25.402,24.458,23.792,23.212,22.501,21.711,21.137,20.71,21.109,0,0,0,0,0,0,0,24.521,20.325,18.017
36.504,34.953,33.322,31.683,30.158,28.936,27.734,26.44,25.132,23.981,23.061,22.279,21.775,21.463,22.395,23.488,23.437,23.199,23.165,23.199,23.595,24.466,25.328,26.244,27.354,29.533,31.841,34.33,36.839,37.883,38.205,39.717,42.274,46.192,51.697,55.781,56.901,56.186,53.637,51.009,51.225,52.035,51.769,50.226,48.456,47.353,46.655,49.219,51.891,52.308,51.198,50.923,51.535,51.87,50.908,50.25,50.824,51.705,51.992,52.157,52.785,53.371,53.762,54.088,54.796,54.918,52.554,49.593,47.036,45.052,43.005,42.228,41.852,41.446,40.75,40.014,39.727,39.728,39.601,39.39,39.231,38.776,38.055,37.574,37.624,37.522,36.283,34.84,33.383,31.897,30.492,29.361,28.35,27.259,26.208,25.274,24.392,23.62,22.992,22.378,22.157,21.872,21.537,0,0,0,0,0,0,0,22.637,18.754,18.62
36.304,35.117,33.357,31.358,29.755,28.627,27.529,26.245,24.898,23.719,22.658,22.024,21.787,21.823,22.843,23.822,23.513,23.059,23.079,23.157,23.787,24.696,25.519,26.285,27.429,29.758,32.176,34.751,37.379,38.184,38.486,39.8,41.754,45.039,49.523,53.632,56.415,56.459,53.379,51.081,51.823,52.616,52.449,51.605,50.322,48.857,47.751,49.925,53.231,52.899,50.841,50.39,51.484,52.132,51.178,49.879,50.522,52.077,52.323,51.454,51.108,51.317,51.759,53.316,54.928,55.129,53.245,50.802,48.804,46.977,45.138,43.671,42.588,41.816,41.072,40.305,40.516,40.784,40.77,40.48,40.22,39.355,38.432,37.995,38.261,38.304,37.092,35.705,34.287,32.824,31.371,30.014,28.724,27.421,26.17,25.361,24.564,23.954,23.42,23.058,22.968,22.795,21.87,0,0,0,0,0,0,0,21.881,18.447,19.192
36.122,35.331,33.14,30.827,29.199,28.028,26.872,25.673,24.447,23.339,22.215,21.925,21.936,22.301,23.201,23.744,23.275,22.863,22.988,23.124,23.933,24.85,25.607,26.273,27.607,30.022,32.491,34.994,37.538,38.206,38.703,39.869,41.342,44.269,48.026,52.1,56.133,56.51,52.689,50.103,51.261,52.307,52.449,52.495,51.825,50.614,49.68,50.418,52.042,51.423,50.154,50.049,51.191,52.124,51.792,51.021,51.418,52.242,51.897,50.785,49.775,49.216,49.158,51.356,53.413,54.316,53.802,52.534,50.848,49.076,47.019,44.838,43.01,42.179,41.509,41.072,41.441,41.877,41.736,41.346,40.887,39.878,38.817,38.571,38.701,38.38,37.356,36.27,35.208,33.993,32.396,30.716,29.043,27.452,26.194,25.479,24.796,24.299,23.796,23.318,22.917,22.585,22.076,21.795,22.869,0,0,0,0,0,0,18.665,19.721
35.327,34.428,32.138,29.827,28.569,27.396,26.22,25.09,23.963,22.928,21.869,21.968,22.09,22.621,23.392,23.555,23.012,22.698,22.916,23.181,23.994,24.829,25.633,26.388,28.075,30.54,32.988,35.405,37.656,38.286,38.964,39.847,40.927,43.604,46.938,51.19,55.689,56.08,52.487,49.875,50.754,51.909,51.904,51.902,51.672,51.149,50.554,50.226,50.074,50.121,49.779,49.233,49.255,50.272,51.278,51.674,51.77,51.924,51.323,50.546,49.833,49.197,48.881,50.075,51.872,53.603,54.786,54.663,53.227,51.665,49.045,46.185,43.733,42.872,42.095,41.972,42.359,42.775,41.925,41.226,40.747,40.178,39.417,39.088,38.965,38.486,37.717,37.044,36.395,35.431,33.984,32.468,30.493,28.597,27.421,26.506,25.675,24.931,24.262,23.6,23.088,23.005,22.854,22.362,0,0,0,0,0,0,0,19.408,20.223
34.597,33.266,30.976,28.925,27.956,26.924,25.807,24.667,23.557,22.52,21.821,22.105,22.255,22.757,23.343,23.154,22.599,22.539,22.916,23.364,24.111,24.864,25.761,26.635,28.677,31.212,33.763,36.316,38.291,38.55,38.975,39.826,40.743,43.064,45.927,50.415,55.292,55.745,53.066,51.038,50.855,51.157,51.237,51.308,51.421,51.393,50.797,50.108,49.698,49.592,49.429,48.384,47.466,48.739,50.67,51.493,51.488,51.343,50.509,49.869,49.777,49.418,48.893,48.94,49.695,51.665,53.625,54.932,55.067,54.15,50.916,47.673,45.408,44.365,43.428,43.031,43.055,42.951,41.904,40.855,40.746,40.766,40.29,39.421,38.795,38.637,38.296,38.06,37.769,36.848,35.6,33.969,31.854,29.954,28.815,27.72,26.594,25.58,25.116,24.662,23.922,23.17,22.518,21.868,22.203,0,0,0,0,0,0,20.459,20.567
33.776,31.904,29.639,28.116,27.356,26.506,25.407,24.285,23.107,21.961,21.997,22.921,23.408,23.453,23.507,22.765,22.203,22.448,23.004,23.652,24.429,25.276,26.388,27.479,29.608,32.014,34.576,37.283,38.852,38.728,38.924,39.871,40.911,43.035,45.563,49.989,54.755,55.374,53.747,51.968,50.719,50.215,50.217,50.246,50.367,50.581,50.543,50.001,49.379,49.138,48.886,48.344,47.84,49.003,50.498,51.112,51.166,50.639,49.514,48.808,49.702,50.18,49.871,49.09,48.672,49.873,51.542,53.649,55.124,54.969,52.137,49.14,47.178,45.808,44.643,43.757,43.178,42.851,42.314,41.575,41.443,41.502,40.826,39.408,38.811,39.097,39.189,39.196,39.003,37.722,36.4,34.65,32.707,31.202,29.999,28.696,27.326,26.437,26.015,25.204,23.883,22.819,22.269,21.844,21.805,0,0,0,0,0,0,0,0
32.755,30.49,28.25,27.188,26.564,25.842,24.986,23.971,22.622,21.516,22.599,24.345,25.04,24.892,24.567,22.977,21.86,22.487,23.315,24.028,24.777,25.83,27.232,28.633,30.798,33.065,35.394,37.849,39.047,38.976,39.19,40.154,41.251,43.107,45.274,49.618,54.088,54.806,53.968,52.575,51,49.879,49.481,49.225,48.989,49.117,49.96,50.378,49.611,48.736,48.454,48.35,48.412,49.25,50.173,50.673,50.938,50.561,49.666,49.201,50.062,51.084,51.349,51.114,50.534,50.333,50.971,53.117,55.636,55.554,53.302,50.887,49.465,48.122,46.416,44.624,43.353,43.185,43.197,42.791,42.186,41.824,41.543,40.906,40.161,39.859,39.974,40.203,39.776,38.336,36.82,35.144,33.482,32.344,31.221,29.812,28.436,27.23,26.062,24.901,23.892,23.122,22.417,22.075,21.859,0,0,0,0,0,0,0,0
31.169,29.135,27.2,26.466,25.882,25.325,24.692,23.637,22.15,21.311,23.295,25.404,25.979,25.916,25.07,22.893,21.488,22.724,23.896,24.523,25.077,26.268,27.861,29.616,31.878,34.054,36.123,38.234,39.19,39.416,39.986,41.031,42.45,44.835,47.011,50.09,53.527,54.41,54.31,53.163,51.709,50.423,49.443,48.85,48.451,48.455,49.793,50.813,49.51,48.113,48.118,48.376,48.757,49.381,49.998,50.44,50.841,50.832,50.51,50.347,50.581,51.183,51.912,52.359,51.741,50.768,50.837,52.595,54.474,54.951,54.176,52.868,51.843,50.573,48.242,45.826,44.099,43.664,43.47,43.068,42.448,42.248,42.79,42.787,41.401,40.289,40.165,40.298,39.681,38.559,37.423,36.075,34.743,33.724,32.566,31.102,29.455,27.518,25.922,25.077,24.23,23.372,22.582,22.247,21.969,0,0,0,0,0,0,0,0
29.68,28.02,26.654,26.047,25.44,24.808,24.195,23.04,21.569,21.558,24.116,26.11,26.036,25.679,24.342,22.399,21.628,23.2,24.516,24.96,25.332,26.681,28.383,30.412,32.85,35.219,37.476,39.381,39.706,39.851,40.807,42.056,44.091,47.343,49.88,51.393,53.169,53.654,53.778,52.834,51.673,50.544,49.258,48.616,48.356,48.552,49.445,50.052,49.338,48.448,48.377,48.636,49.082,49.554,49.922,50.271,50.595,50.695,50.728,50.747,50.771,51.446,52.416,52.992,52.757,52.124,52.021,52.558,53.566,54.738,55.299,54.654,53.665,52.339,49.844,47.034,45.014,43.81,43.126,42.646,42.125,42.206,42.741,42.942,41.721,40.499,40.286,40.169,39.695,39.029,38.688,38.136,36.914,35.655,34.128,32.5,30.497,28.328,26.789,25.704,24.585,23.488,22.68,22.465,22.257,0,0,0,0,0,0,0,0
28.856,27.342,26.327,25.642,24.953,24.224,23.451,22.281,20.972,21.884,24.088,25.701,25.465,25.005,23.616,21.894,22.186,23.848,25.1,25.427,25.879,27.449,29.213,31.419,33.976,36.565,39.231,41.127,40.516,39.894,41.146,42.776,45.574,49.456,52.02,52.057,52.47,52.743,52.695,51.441,50.255,49.984,49.521,49.006,48.587,48.657,48.956,49.433,49.725,49.456,48.951,48.884,49.443,49.956,50.15,50.296,50.442,50.636,50.721,50.698,50.797,51.42,52.32,53.064,53.592,53.848,53.705,53.673,54.173,55.039,55.929,55.968,55.388,53.94,51.741,49.333,47.108,45.182,43.66,42.638,42.006,41.961,42.155,42.15,41.642,41.106,40.895,40.608,40.148,39.905,40.339,40.393,39.08,37.565,35.714,33.84,31.653,29.433,27.757,26.206,24.81,23.496,22.856,22.708,22.412,0,0,0,0,0,0,0,0
28.289,26.98,26.088,25.329,24.521,23.702,22.822,21.725,20.879,21.767,23.303,23.896,23.735,23.466,22.791,21.864,22.817,24.446,25.554,25.882,26.546,28.45,30.435,32.875,35.428,37.842,40.406,42.128,40.929,39.895,41.55,43.536,46.822,50.654,52.309,51.958,51.975,52.292,51.972,50.336,49.148,49.707,50.105,49.557,49.014,49.143,49.371,49.975,50.599,50.141,49.226,49.19,49.911,50.402,50.552,50.686,50.826,50.96,51.06,51.007,50.848,50.974,51.423,51.702,52.142,52.904,53.604,54.117,54.665,55.276,55.917,56.229,56.178,55.108,53.581,51.553,49.15,46.841,45.076,43.614,42.644,42.331,42.101,41.941,41.868,41.794,41.604,41.285,40.868,40.675,40.987,41.084,40.107,38.825,36.984,35.024,32.71,30.425,28.48,26.607,25.09,23.627,23.188,22.922,22.414,21.691,0,0,0,0,0,0,0
27.822,26.715,25.806,24.951,24.041,23.158,22.344,21.465,21.224,22.258,23.191,22.719,22.217,22.241,22.338,22.39,23.349,24.605,25.572,26.249,27.325,29.36,31.596,34.287,36.974,38.849,40.681,41.483,40.341,39.84,41.619,43.856,47.242,51.149,52.138,51.584,51.717,52.431,52.164,50.618,49.581,49.74,50.016,49.856,49.536,49.608,49.88,50.744,51.585,50.472,49.303,49.726,50.456,50.537,50.471,50.781,51.196,51.443,51.767,51.963,51.242,50.756,50.652,50.514,50.524,51.386,52.448,53.265,54.023,54.824,55.992,57.045,57.171,56.327,55.193,53.085,50.666,48.368,46.326,44.397,43.364,42.843,42.399,41.98,41.754,41.843,41.914,41.735,41.457,41.243,41.181,40.93,40.119,39.087,37.728,36.017,33.522,31.121,29.09,27.189,25.5,24.006,23.504,23.022,22.381,21.682,0,0,0,0,0,0,0
27.5,26.495,25.489,24.497,23.478,22.538,21.962,21.331,21.829,23.022,23.531,22.528,21.586,21.789,22.186,22.763,23.671,24.607,25.736,26.775,28.182,30.032,32.257,35.251,38.231,39.511,40.754,40.695,39.796,39.77,41.293,42.961,44.848,47.486,49.614,50.761,51.476,52.437,52.29,51.093,50.103,49.619,49.755,50.235,50.246,49.892,49.894,50.511,50.874,49.897,49.135,49.979,50.726,50.283,49.872,50.615,51.309,51.131,51.194,51.509,50.983,50.11,50.484,50.676,50.754,51.098,51.743,52.379,53.053,54.036,55.513,56.846,57.266,57.202,56.556,54.522,52.098,49.992,48.081,46.14,44.555,43.359,42.575,41.913,41.662,41.859,41.928,41.655,41.397,41.199,41.037,40.69,40.146,39.469,38.613,36.998,34.256,31.76,29.647,27.677,25.837,24.456,23.738,23.023,22.362,21.713,21.594,0,0,0,0,0,0
27.177,26.229,25.155,24,22.857,22.016,21.654,21.224,22.301,23.531,23.417,22.062,21.008,21.555,22.107,22.924,23.885,24.867,25.97,27.108,28.874,30.689,33.077,36.251,39.107,39.934,40.86,40.376,39.55,39.738,40.814,41.611,41.852,43.111,47.339,50.737,51.021,51.406,51.084,50.452,50.166,49.811,50.016,50.708,50.575,49.902,49.562,49.591,49.299,48.5,48.506,49.489,50.017,49.887,50.338,51.666,51.762,49.78,48.757,49.5,49.964,50.315,50.911,51.281,51.056,50.94,51.297,51.999,52.608,53.544,55.048,56.581,56.786,56.907,56.301,54.819,53.023,51.674,50.041,47.955,45.684,43.808,42.876,42.051,41.936,42.134,42.053,41.593,41.228,40.993,40.775,40.372,39.86,39.451,39.052,37.648,35.097,32.618,30.23,28.249,26.461,25.277,24.36,23.507,22.79,22.058,21.681,0,0,0,0,0,0
26.744,26.038,25.187,23.734,22.341,21.723,21.517,21.533,22.672,23.818,22.804,21.286,20.674,21.44,22.143,23.101,24.108,25.139,26.181,27.348,29.489,31.538,34.032,36.965,39.257,39.977,40.686,40.122,39.442,39.586,40.151,40.586,40.656,42.274,46.849,50.738,50.518,50.293,50.036,49.757,50.292,50.621,50.541,50.599,50.31,49.865,49.585,49.312,48.767,48.12,48.456,49.241,49.555,49.828,52.206,54.808,55.075,53.176,50.586,49.687,49.95,51.018,51.905,52.298,52.061,51.645,51.453,51.915,52.503,52.917,53.784,54.901,55.735,56.271,55.946,55.095,54.141,53.433,52.394,50.152,47.565,45.17,43.49,42.272,42.345,42.512,42.091,41.364,40.816,40.52,40.317,40.042,39.585,39.388,39.257,38.157,36.131,33.507,30.847,28.971,27.264,26.113,24.997,24.106,23.355,22.584,21.991,21.635,0,0,0,0,0
26.421,25.925,25.103,23.398,21.869,21.732,21.755,22.243,23.258,23.996,22.186,20.532,20.525,21.419,22.29,23.209,24.16,25.278,26.408,27.935,30.23,32.489,34.829,37.312,38.751,39.316,39.699,39.45,39.141,39.255,39.369,39.803,40.298,42.922,47.282,50.256,50.749,50.726,50.078,49.812,50.72,51.35,50.706,50.263,50.082,49.872,49.913,49.877,49.626,49.345,49.261,49.272,49.361,49.917,52.002,55.186,58.666,58.997,55.471,53.028,51.899,51.788,52.468,53.148,53.386,53.087,52.429,52.167,52.21,52.12,52.069,53.306,54.474,55.258,55.42,55.282,55.271,55.301,54.741,52.625,50.275,47.824,45.59,43.878,43.195,42.813,41.993,41.011,40.213,39.778,39.476,39.389,39.208,39.275,39.456,38.758,37.267,34.22,31.613,29.803,28.308,27.037,25.747,24.751,23.844,22.995,22.177,21.527,0,0,0,0,0
25.988,25.299,24.175,22.587,21.405,21.852,22.19,22.985,23.962,23.768,21.857,20.25,20.811,21.716,22.555,23.352,24.223,25.485,26.745,28.641,30.979,33.305,35.622,37.796,38.377,38.597,38.779,38.694,38.719,39.05,39.282,39.762,40.417,43.505,47.53,50.058,51.293,51.341,50.47,50.395,51.273,51.284,50.066,49.502,49.781,50.181,50.98,51.141,50.421,49.827,49.25,49.041,49.287,49.527,49.899,54.071,58.795,59.639,57.591,54.764,52.624,51.442,51.862,53.345,54.286,53.924,52.85,52.11,52.125,52.223,52.26,52.66,53.498,54.517,55.237,55.535,55.551,55.617,55.107,53.868,52.242,49.738,47.135,45.17,43.903,42.957,42.308,41.553,40.693,39.847,39.081,38.847,38.813,39.054,39.422,39.08,37.882,34.674,32.582,31.11,29.692,28.114,26.584,25.242,23.965,22.995,22.168,21.451,0,0,0,0,0
25.382,24.466,23.12,21.578,21.241,21.992,22.575,23.208,23.979,23.23,21.431,20.302,21.285,22.229,23.047,23.829,24.842,26.192,27.56,29.616,31.89,34.155,36.481,38.453,38.411,38.359,38.493,38.487,38.571,38.972,39.434,39.933,40.79,43.938,47.437,49.989,51.881,51.667,50.657,50.926,51.82,50.838,48.95,48.843,49.748,51.26,53.225,52.648,49.939,48.653,48.55,49.042,49.752,49.603,49.748,52.619,57.581,60.882,59.922,57.13,54.247,52.058,52.442,54.11,55.303,54.813,53.957,53.146,52.732,52.428,52.085,51.955,52.4,53.69,54.871,55.58,55.752,55.714,55.289,54.607,53.135,50.709,48.319,46.566,44.977,43.646,42.88,42.268,41.481,40.594,39.782,39.344,38.958,38.924,39.339,39.177,37.817,35.369,33.819,32.616,30.851,29.004,27.214,25.433,23.873,22.942,22.119,21.55,21.522,0,0,0,0
24.476,23.437,22.235,21.007,21.37,22.319,22.787,22.887,23.023,22.111,20.779,20.701,21.72,22.707,23.536,24.294,25.603,27.149,28.797,31.048,33.311,35.369,37.458,38.762,38.344,38.159,38.585,38.888,38.823,38.877,39.342,39.977,41.276,44.206,47.242,50.222,52.491,51.781,50.752,51.298,51.998,50.439,48.434,48.914,50.207,52.486,55.321,53.028,48.609,47.865,48.231,49.109,49.762,49.364,49.406,50.583,53.569,58.357,61.422,59.956,56.702,54.123,52.836,52.943,54.109,55.132,55.069,54.576,53.933,53.526,53.026,52.214,52.133,53.086,54.498,55.598,56.343,56.613,56.321,55.849,54.27,51.945,49.586,48.086,46.535,44.789,43.234,42.07,41.208,40.413,39.901,39.676,39.379,39.148,39.174,39.206,37.965,36.269,35.622,34.156,32.142,30.161,28.153,26.123,24.613,23.461,22.348,21.815,21.72,0,0,0,0
23.507,22.478,21.626,21.066,21.973,22.994,22.919,22.537,22.108,21.273,20.516,21.089,22.107,23.142,24.139,25.133,26.541,28.1,30.022,32.363,34.656,36.528,38.378,38.832,38.322,38.197,38.864,39.302,38.912,38.607,39.116,39.824,41.983,45.141,47.938,50.687,52.902,51.84,50.927,51.652,51.988,50.178,48.686,49.564,50.734,51.872,52.809,51.108,48.867,48.309,48.164,48.734,49.045,48.962,49.311,50.225,50.778,52.512,56.158,57.038,56.163,53.714,51.041,49.95,51.177,52.456,53.591,54.316,54.461,54.615,54.687,54.385,54.148,54.338,54.863,55.766,56.938,57.528,57.659,57.399,56.384,54.943,52.694,50.34,48.209,45.951,43.721,42.066,40.847,39.774,39.343,39.215,39.112,39.18,39.223,38.956,38.256,38.095,37.76,35.476,33.425,31.209,28.882,26.779,25.349,24.065,23.008,22.473,22.142,21.974,0,0,0
23.166,22.018,21.057,21.299,22.67,23.473,22.955,22.322,21.623,20.814,20.467,21.395,22.459,23.641,24.854,26.066,27.471,28.932,30.946,33.196,35.41,37.376,39.114,38.938,38.301,38.432,39.177,39.621,39.341,38.999,39.221,39.845,42.931,46.594,48.875,50.734,51.506,50.455,50.162,51.116,51.266,49.825,49.044,50.038,50.735,50.647,50.549,50.152,49.525,48.573,47.957,48.265,48.372,48.167,47.84,47.944,48.62,48.661,50.574,53.142,53.369,52.113,50.246,49.844,49.988,50.605,52.169,53.621,54.51,55.075,55.674,56.031,55.853,55.55,55.133,55.031,55.606,56.852,57.881,58.5,58.653,58.078,55.348,52.341,49.94,47.878,45.855,43.993,42.285,40.877,40.011,39.335,39.074,39.338,39.521,38.741,38.872,38.348,37.626,36.631,34.832,32.347,29.88,27.892,26.221,24.677,23.665,23.03,22.562,22.364,0,0,0
22.801,21.456,20.183,21.584,23.573,24.165,23.049,22.055,21.231,20.426,20.544,21.679,22.81,24.034,25.268,26.685,28.228,29.803,31.828,33.962,36.11,38.228,39.748,39.37,38.701,38.989,39.595,39.927,39.901,39.758,39.817,40.551,43.766,47.538,49.197,50.316,50.001,48.974,49.115,49.946,50.004,49.337,49.191,49.659,49.672,49.171,49.281,50.116,49.955,48.152,47.286,47.68,47.092,45.516,43.928,42.37,42.432,43.494,44.451,46.786,49.402,50.704,50.981,51.01,50.873,51.187,52.188,53.598,54.896,55.432,55.954,56.466,56.72,56.558,55.413,54.195,54.463,56.239,57.994,59.389,60.491,60.602,59.193,57.173,53.958,50.972,48.399,46.069,43.887,42.133,40.636,39.311,39.465,39.842,39.312,38.236,39.058,38.489,38.124,37.729,35.646,33.278,30.922,28.811,26.844,25.342,24.301,23.451,22.793,22.452,22.477,0,0
21.814,20.484,19.715,22.189,24.824,24.559,23.087,21.884,21.006,20.164,20.881,22.03,23.191,24.413,25.642,27.286,28.963,30.74,32.803,34.906,36.752,38.745,40.025,39.717,39.336,39.676,40.154,40.144,40.098,40.168,40.255,41.298,44.336,47.342,48.798,49.823,48.935,47.808,48.23,48.869,49.116,49.139,48.865,48.694,48.232,47.649,48.761,50.624,49.853,47.191,46.549,47.104,45.442,42.683,40.372,38.185,37.638,38.256,39.719,41.066,43.999,46.244,47.97,49.403,50.571,51.312,52.23,53.217,53.69,54.301,55.288,56.787,57.925,57.732,56.566,55.345,55.563,56.501,57.705,59.095,60.896,62.35,63.381,62.287,57.943,53.86,50.874,48.289,45.863,43.678,41.615,40.915,41.1,41.064,40.357,40.309,40.516,38.997,38.484,38.238,36.34,34.164,31.896,29.688,27.509,25.922,24.625,23.57,22.811,22.336,22.039,0,0
20.714,19.4,19.738,22.585,25.299,23.897,22.391,21.436,20.732,20.183,21.264,22.442,23.581,24.724,25.994,27.772,29.572,31.612,33.767,35.762,37.147,38.709,39.449,39.499,39.514,39.896,40.497,40.261,40.038,40.062,40.167,41.754,44.635,47.041,48.487,49.176,48.08,47.282,47.945,48.649,49.24,49.405,48.455,47.621,47.147,46.623,48.752,51.165,48.934,45.771,45.413,45.49,43.062,40.254,38.556,37.232,36.587,36.089,36.575,38.023,40.084,42.034,44.118,46.032,47.591,48.686,50.082,51.653,51.974,52.139,53.299,55.375,57.209,57.289,56.781,56.243,56.401,56.662,56.544,56.479,56.871,57.893,58.968,59.203,58.182,56.197,53.499,50.856,48.356,45.894,43.618,43.1,42.617,42.079,41.548,41.8,41.592,39.6,38.537,38.008,36.814,35.2,32.949,30.636,28.402,26.557,24.966,23.597,22.744,22.051,21.61,21.646,0
19.95,18.566,20.102,23.093,24.592,22.579,20.722,20.459,20.239,20.443,21.59,22.784,23.88,24.958,26.351,28.19,30.013,32.373,34.747,36.588,37.604,38.723,39.04,39.299,39.372,39.444,39.659,39.629,39.654,39.912,39.974,41.99,44.626,46.585,48.108,48.417,47.313,46.874,47.746,48.747,49.824,49.707,48.08,47.11,47.292,47.6,48.589,49.314,46.723,44.111,42.896,41.564,39.908,38.363,37.519,36.864,36.391,36.087,36.081,36.036,37.134,38.894,40.695,42.618,44.406,45.191,46.16,47.49,48.641,49.324,51.26,53.836,56.012,55.594,55.099,55.048,55.523,55.909,55.154,54.207,53.785,54.192,54.832,57.43,59.675,59.257,57.068,55.01,53.679,52.148,49.578,46.488,44.306,43.484,42.714,42.098,41.237,39.758,38.543,37.61,36.928,35.747,33.854,31.641,29.161,26.979,25.109,23.708,22.926,22.114,21.287,21.287,0
19.274,18.088,20.659,23.453,23.499,21.361,19.559,19.811,20.01,20.741,21.809,22.9,23.979,25.074,26.634,28.479,30.467,33.193,35.826,37.295,38.101,38.851,38.67,38.713,38.814,38.818,38.752,38.668,38.765,39.223,39.695,42.076,44.468,46.115,47.691,47.745,47.136,47.098,47.617,48.794,50.293,49.489,47.363,46.952,47.735,47.996,47.708,46.824,44.719,42.408,39.617,37.364,37.016,36.753,36.701,36.588,36.256,36.152,36.396,36.349,36.25,36.549,37.409,39.03,40.598,41.59,42.406,43.7,45.318,46.554,48.913,51.465,53.283,53.563,53.551,53.855,54.352,54.6,54.045,53.389,53.167,53.236,53.425,54.064,55.108,55.256,54.926,54.9,55.433,55.416,52.164,47.781,45.564,44.586,43.197,41.762,40.717,39.652,38.786,37.797,37.118,36.393,34.793,32.771,30.07,27.536,25.36,24.027,23.201,22.437,21.717,21.351,21.239
18.713,18.611,21.145,23.485,22.423,20.444,19.435,19.69,19.996,20.902,21.916,22.975,24.055,25.19,26.832,28.578,30.804,33.639,36.304,37.446,38.23,38.539,38.097,37.809,38.002,38.138,37.934,37.712,37.915,38.437,39.561,42.138,44.298,45.644,47.065,47.342,47.273,47.169,47.328,48.345,49.542,48.142,46.333,46.361,46.801,46.174,45.058,43.559,41.776,39.691,37.335,36.066,36.188,36.357,36.603,36.61,36.22,36.138,36.616,36.853,36.64,36.536,36.463,36.451,37.2,38.098,39.214,40.818,42.48,44.083,46.396,48.914,50.542,51.397,51.982,52.502,53.014,53.161,52.932,52.642,52.45,52.228,51.18,49.643,48.726,49.389,50.102,51.513,53.208,53.589,50.814,47.53,45.281,43.534,42.142,40.911,40.264,39.618,39.117,38.457,38.014,37.334,35.85,33.976,30.922,28.198,25.979,24.677,23.6,22.722,21.949,21.288,20.796
18.401,19.618,22.225,23.796,21.73,19.816,19.354,19.627,20.054,20.908,21.814,22.835,23.918,25.155,26.798,28.561,31.124,34.098,36.595,37.294,37.976,38.009,37.593,37.235,37.302,37.48,37.104,36.773,37.141,37.716,39.612,42.407,44.034,44.948,45.933,46.674,47.028,46.857,46.88,47.677,48.203,46.735,45.385,45.01,44.571,43.079,41.456,39.925,38.412,37.166,36.088,35.889,36.189,36.509,36.843,36.75,36.209,35.985,36.247,36.652,36.847,36.825,36.662,36.562,36.551,36.576,36.749,38.189,39.949,41.478,43.084,45.003,46.823,48.45,49.729,50.52,51.222,51.597,51.664,51.57,51.407,51.187,50.633,49.829,49.739,50.39,51.111,51.994,52.899,52.447,50.867,48.426,44.886,42.298,41.05,40.161,39.939,39.621,39.317,39.032,38.908,38.436,36.731,34.777,31.668,28.892,26.723,25.147,23.802,22.747,21.959,21.174,20.589
18.481,20.648,23.36,23.498,21.398,19.649,19.478,19.612,20.09,20.817,21.645,22.676,23.717,25.01,26.504,28.265,30.984,33.897,36.054,37.154,37.848,37.614,37.175,36.813,36.634,36.596,36.234,35.77,36.381,37.159,39.465,42.219,43.405,44.095,45.034,46.13,46.429,46.194,46.219,46.713,46.583,45.368,44.171,43.062,41.727,39.862,38.073,36.869,35.86,35.707,35.744,35.997,36.325,36.669,37.035,36.816,36.166,35.8,35.828,36.147,36.613,36.816,36.735,36.637,36.656,36.668,36.726,37.197,38.129,38.941,39.492,40.658,42.483,44.249,45.492,46.416,47.367,48.337,49.132,49.698,50.013,50.173,50.413,50.648,51.398,52.285,52.734,52.544,52.317,51.841,51.358,49.82,46.647,43.5,41.385,40.306,39.933,39.736,39.483,39.188,39.196,39.38,37.535,35.292,32.572,30.148,27.834,25.747,23.992,22.828,21.964,21.146,20.7
18.802,21.49,23.748,22.921,20.96,19.598,19.54,19.597,20.025,20.61,21.491,22.644,23.741,24.9,26.169,28.061,30.837,33.582,35.715,37.396,38.304,37.745,37.145,36.484,35.901,35.613,35.44,35.275,35.811,36.551,38.68,40.987,42.924,44.195,44.22,44.846,45.463,45.456,45.315,45.457,44.92,43.808,42.206,40.59,39.252,37.98,36.818,35.803,35.181,35.803,36.374,36.49,36.548,36.654,36.81,36.544,36.039,35.608,35.38,35.616,36.336,36.698,36.564,36.432,36.655,36.821,36.67,36.407,36.607,37.387,38.091,38.708,39.6,40.708,41.535,42.217,43.146,44.508,45.744,46.979,48.044,48.533,48.513,48.649,49.276,49.9,50.166,50.549,50.666,50.127,49.668,49.09,47.738,44.672,41.999,40.685,39.832,39.418,39.316,39.252,39.106,39.105,37.894,35.908,33.786,31.424,28.666,26.2,24.379,23.216,22.223,21.323,20.871
19.373,22.267,23.731,22.206,20.29,19.381,19.173,19.279,19.791,20.327,21.447,22.743,23.857,24.777,25.799,27.945,30.538,33.105,35.442,37.691,38.39,37.827,37.162,36.251,35.394,35.234,35.261,35.085,35.56,36.289,37.451,39.942,42.797,43.198,42.442,42.579,43.796,44.548,44.48,44.145,43.332,42.002,39.665,37.906,37.159,36.462,35.661,34.825,35.029,36.297,37.079,36.88,36.657,36.526,36.446,36.219,35.895,35.382,34.89,34.846,35.407,36.033,36.154,36.17,36.625,37.049,36.95,36.344,35.854,36.188,36.944,37.436,37.768,38.303,38.796,39.256,40.023,41.173,42.506,44.289,46.119,46.678,46.383,46.227,46.399,46.49,47.325,48.544,48.935,48.149,47.594,48.074,47.885,45.217,42.72,41.048,39.617,38.912,38.662,38.658,38.925,38.798,37.848,36.255,34.732,31.978,29.172,26.583,24.88,23.602,22.512,21.62,21.022
19.146,21.774,22.639,21.388,19.752,18.915,18.42,18.632,19.356,20.135,21.352,22.671,23.676,24.456,25.533,27.723,30.136,32.601,35.047,37.305,37.558,37.253,36.634,35.603,34.636,35.055,35.695,35.546,35.155,35.416,36.041,38.095,40.136,40.155,39.773,40.256,41.925,43.6,43.871,43.369,41.547,39.228,37.184,36.367,35.963,35.525,35.071,34.611,35.397,36.496,37.096,37.1,37.045,36.939,36.742,36.075,35.639,35.055,34.346,34.003,34.165,34.532,34.829,35.117,36.126,37.08,37.201,36.76,36.328,36.41,36.725,36.705,36.469,36.37,36.467,36.652,37.178,37.978,39.146,40.933,42.737,43.67,44.226,44.449,44.445,44.446,45.342,46.289,46.181,45.579,45.38,45.811,45.742,44.729,43.632,41.949,40.346,39.664,38.995,38.203,38.438,38.756,38.002,36.932,35.412,32.469,29.772,27.483,25.604,23.96,22.614,21.712,20.911
18.945,21.136,21.225,20.557,19.448,18.452,17.617,18.187,19.012,19.96,21.139,22.314,23.253,24.113,25.386,27.258,29.282,31.888,34.543,36.493,36.802,36.751,35.868,34.614,33.78,34.339,35.059,34.834,34.317,34.715,35.557,36.673,37.75,37.401,37.059,37.726,39.049,40.591,41.638,41.391,38.464,36.601,35.571,35.285,35.042,34.912,34.817,34.903,35.658,36.522,37.084,37.455,37.675,37.727,37.535,36.077,34.844,33.709,32.774,32.469,32.591,32.939,33.33,33.72,34.785,35.88,36.316,36.378,36.459,36.546,36.501,36.341,36.126,35.923,35.768,35.641,35.785,35.956,36.565,37.846,39.374,40.992,42.404,42.846,42.793,42.827,43.261,43.645,43.553,43.441,43.455,43.728,43.213,42.421,42.175,41.672,40.867,40.412,40.025,39.581,39.064,38.906,38.64,37.372,35.284,32.694,30.326,28.076,25.943,23.95,22.562,21.685,20.857
19.609,21.081,20.824,20.299,19.221,17.961,17.218,17.979,18.839,19.785,20.813,21.865,22.854,23.791,25.011,26.396,28.277,31.002,33.744,35.591,36.573,37.26,35.883,34.351,33.618,33.981,34.338,33.835,33.294,34.737,36.149,35.833,35.894,35.184,34.486,35.007,35.843,36.517,36.53,36.406,36.129,36.079,35.713,35.395,35.229,35.279,35.331,35.422,35.644,35.985,36.736,37.468,37.784,37.956,37.687,35.639,33.75,32.113,30.705,30.206,30.199,30.511,31.14,31.911,33.201,34.449,34.99,35.215,35.698,36.389,36.774,36.334,35.952,35.662,35.411,35.219,35.383,35.554,35.997,36.756,37.723,38.948,40.262,40.731,40.9,41.031,41.23,41.422,41.675,41.862,41.846,41.961,41.569,41.01,40.961,41.033,40.494,39.692,39.087,38.932,39.153,38.998,38.598,37.068,35.183,33.26,30.888,28.539,26.327,24.146,22.872,21.773,20.806
20.254,21.357,21.25,20.896,19.242,17.554,16.981,17.813,18.706,19.514,20.364,21.376,22.416,23.459,24.61,25.759,27.699,30.212,32.831,34.911,36.801,37.627,36.147,34.548,33.998,33.928,33.777,33.364,33.129,34.441,35.91,35.195,34.611,34.171,33.687,33.815,33.917,33.604,33.097,33.674,35.473,35.791,35.359,35.035,35.32,35.631,35.891,35.641,35.279,35.354,36.357,37.29,37.1,36.765,35.903,33.906,31.974,30.277,28.58,27.876,27.686,27.905,28.448,29.207,30.609,32.007,32.994,33.755,34.994,36.388,37.197,36.582,36.039,35.678,35.385,35.215,35.353,35.456,35.525,35.667,36.115,36.888,37.807,38.452,38.957,39.259,39.463,39.741,40.137,40.379,40.321,40.418,40.518,40.43,40.116,40.037,39.642,38.698,37.876,38.251,39.009,38.359,37.054,36.138,35.404,34.024,31.535,29.143,26.875,24.893,23.547,22.28,21.109
19.676,21.3,22.002,21.484,19.359,17.424,17.189,17.788,18.48,19.164,19.887,20.969,22.031,23.106,24.203,25.322,27.198,29.186,31.405,33.854,36.172,36.847,36.208,35.306,34.398,33.665,33.273,32.985,32.942,33.655,34.54,34.406,34.05,33.71,33.369,33.242,33.143,33.118,33.151,33.588,35.07,35.378,35.055,34.79,35.273,35.787,36.193,36.129,35.975,36.15,36.771,37.357,36.301,35.391,33.928,31.862,29.924,28.289,26.689,26.143,25.774,25.737,26.004,26.61,27.844,29.175,30.503,31.666,33.3,35.151,36.401,36.35,36.045,35.731,35.411,35.355,35.598,35.801,35.962,36.091,36.207,36.397,36.711,37.255,37.779,37.918,37.983,38.301,38.76,38.996,38.989,39.178,39.744,39.906,39.202,38.816,38.728,38.367,38.158,38.434,38.481,37.348,36.164,35.257,34.839,34.006,31.938,29.585,27.214,25.286,23.806,22.53,21.237
18.891,21.728,23.403,22.288,19.352,17.105,17.298,17.649,18.177,18.758,19.565,20.598,21.614,22.608,23.617,24.887,26.5,28.137,30.343,32.936,35.403,36.322,36.764,36.342,34.672,33.236,32.829,32.722,32.689,32.941,33.39,33.643,33.715,33.658,33.254,32.75,32.863,33.008,32.531,33.043,34.031,34.7,35.22,35.348,35.52,35.87,36.234,36.492,36.739,37.09,37.429,37.321,35.496,33.943,32.002,29.822,27.916,26.346,24.85,24.518,24.279,24.256,24.375,24.847,25.769,26.809,28.227,29.716,31.665,33.704,35.099,35.694,35.992,35.888,35.704,35.75,35.982,36.196,36.393,36.601,36.611,36.581,36.804,37.408,37.879,37.623,37.336,37.39,37.646,37.93,38.2,38.499,38.887,38.941,38.271,37.822,38.348,38.632,38.38,38.076,37.51,36.694,35.741,35.092,34.703,33.645,31.505,29.427,27.344,25.312,23.503,21.926,20.64
17.853,20.835,24.759,22.71,18.908,16.788,17.022,17.344,17.823,18.323,19.212,20.186,21.113,21.98,22.923,24.411,26.075,27.735,29.651,31.716,33.681,35.098,36.34,36.069,34.601,33.095,32.63,32.502,32.378,32.282,32.446,32.91,33.273,33.526,32.979,32.352,32.883,32.436,31.94,32.554,33.249,33.799,34.357,34.904,35.356,35.66,35.9,36.145,36.366,36.565,36.943,36.335,34.253,32.267,30.047,27.781,26.082,24.857,23.569,23.26,22.99,22.923,22.959,23.378,24.116,25.031,26.286,27.673,29.627,31.684,33.32,34.622,35.639,36.019,36.184,36.322,36.529,36.569,36.385,36.316,36.155,36.03,36.433,37.292,37.864,37.348,36.753,36.5,36.449,36.931,37.537,37.77,37.826,37.821,37.598,37.85,38.761,39.121,38.321,37.583,36.987,36.289,35.419,35.04,34.89,33.696,31.166,28.984,26.902,24.874,22.926,21.177,19.943
14.864,15.921,18.498,19.466,17.668,16.527,16.61,17.016,17.481,18.025,18.769,19.564,20.457,21.343,22.348,23.911,25.521,27.042,28.482,30.02,31.896,33.897,35.468,35.439,34.76,33.939,33.287,32.747,32.265,31.828,31.663,32.158,32.747,33.227,32.859,32.545,32.434,31.596,31.537,32.029,32.717,33.34,33.753,34.273,34.819,35.217,35.512,35.784,35.81,35.662,35.696,34.407,32.289,30.291,28.33,26.015,24.441,23.508,22.615,22.487,22.307,22.053,21.815,22.024,22.502,23.273,24.35,25.609,27.424,29.271,30.83,32.251,33.484,34.424,35.21,35.847,36.419,36.558,36.193,35.774,35.285,34.872,35.361,36.332,36.98,36.651,36.203,35.814,35.452,36.056,36.914,36.925,36.592,36.86,37.213,38.26,39.535,39.28,38.183,37.395,36.84,36.003,35.005,34.868,35.042,33.638,31.008,28.653,26.431,24.304,22.252,20.582,19.395
12.358,10.259,11.818,15.849,16.918,16.284,16.06,16.57,17.072,17.586,18.114,18.837,19.856,20.85,21.913,23.101,24.332,25.5,26.667,28.047,29.997,32.105,33.76,34.279,34.565,34.373,33.729,32.946,32.217,31.583,31.264,31.742,32.344,32.815,32.799,32.361,31.495,30.93,31.181,31.548,32.298,33.086,33.497,33.737,34.182,34.704,35.101,35.406,35.018,34.469,34.053,32.491,30.321,28.364,26.949,25.247,23.665,22.475,21.672,21.708,21.661,21.331,20.955,21.04,21.317,22.066,23.037,24.152,25.545,27.021,28.454,29.892,31.312,32.666,33.783,34.604,35.349,35.801,35.99,35.838,35.239,34.561,34.725,35.434,36.003,35.925,35.737,35.527,35.309,35.76,36.44,36.428,36.203,36.513,37.092,38.549,39.877,38.972,37.748,37.207,36.705,35.596,34.494,34.635,34.915,33.258,30.77,28.331,25.951,23.684,21.61,20.163,18.902
10.656,8.9465,9.8631,13.18,16.555,15.835,15.563,15.907,16.371,16.863,17.375,18.157,19.08,20.059,21.05,22.028,22.963,23.845,24.738,26.081,27.994,29.98,31.538,32.697,33.64,33.804,33.644,33.308,32.65,31.883,31.304,31.522,32.036,31.767,32.019,31.839,31.161,31.027,31.195,31.502,32.209,32.978,33.138,33.108,33.263,33.645,34.08,34.419,33.791,33.051,32.216,30.605,28.611,26.816,25.663,24.482,23.075,21.664,20.739,20.896,20.984,20.572,20.092,20.061,20.209,20.975,21.915,22.815,23.773,24.881,26.132,27.419,28.78,30.176,31.562,32.834,34.001,35.012,35.807,36.068,35.683,35.199,35.004,35.13,35.355,35.399,35.375,35.322,35.22,35.521,36.008,36.234,36.314,36.362,36.801,38.117,38.707,37.598,36.838,36.854,36.453,35.224,34.264,34.436,34.668,32.695,30.402,28.002,25.46,22.972,20.964,19.624,18.339
11.025,8.3864,7.7697,9.2004,13.415,16.47,15.647,15.359,15.705,16.106,16.616,17.257,17.959,18.881,19.957,21.014,21.906,22.722,23.569,24.847,26.323,27.859,29.296,30.789,32.148,32.962,33.565,33.654,33.114,32.441,31.965,31.802,31.727,31.515,31.674,31.722,31.361,31.281,31.247,31.524,32.236,32.981,32.919,32.766,32.645,32.664,32.928,32.901,31.924,30.997,30.1,28.729,26.961,25.401,24.391,23.354,22.283,20.946,19.77,20.042,20.269,20.059,19.761,19.647,19.706,20.191,20.795,21.358,21.932,22.771,23.788,24.882,26.161,27.487,29.046,30.65,32.11,33.334,34.485,35.022,35.117,35.127,34.979,34.711,34.785,35.002,35.18,35.343,35.332,35.265,35.527,36.097,36.393,36.029,36.358,37.363,37.079,36.046,36.204,36.811,36.276,35.049,34.47,34.665,34.277,32.107,30.057,27.738,25.238,22.651,20.512,19.013,17.684
14.202,11.489,9.0793,7.0677,0,0,0,0,0,15.497,15.974,16.512,17.09,17.98,19.007,20.018,20.851,21.646,22.489,23.434,24.481,25.558,26.657,27.866,29.238,30.543,31.711,31.952,31.828,31.621,31.358,31.026,31.216,31.594,31.907,32.263,31.995,32.036,32.004,32.007,32.292,32.829,32.64,32.496,32.261,31.98,31.905,31.333,30.045,28.771,27.923,26.976,25.657,24.392,23.315,22.243,21.381,20.427,19.411,19.273,19.504,19.646,19.524,19.308,19.236,19.32,19.569,19.933,20.335,21.181,22.086,23.023,24.032,25.102,26.645,28.346,30.031,31.504,32.919,33.597,33.982,34.23,34.353,34.348,34.493,34.711,35.03,35.429,35.57,35.016,34.817,35.314,35.602,35.515,36.088,36.806,35.991,35.242,36.163,37.12,36.059,34.897,34.764,34.927,33.746,31.152,28.983,27.161,25.029,22.645,20.57,18.729,17.119
13.949,12.294,8.8984,0,0,0,0,0,0,0,0,0,16.568,17.293,18.08,18.801,19.458,20.125,20.962,21.84,22.742,23.544,24.361,25.269,26.918,28.698,30.099,30.376,30.505,30.343,29.982,29.965,30.799,31.27,31.562,31.614,31.435,32.172,32.83,32.492,32.179,32.082,31.716,31.509,31.196,30.886,30.659,29.731,28.443,27.161,26.208,25.413,24.53,23.676,22.742,21.699,20.678,19.764,19.029,18.555,18.529,18.568,18.157,17.849,18.099,18.34,18.511,18.649,18.876,19.538,20.303,21.081,21.882,22.786,24.107,25.569,27.093,28.625,30.178,31.376,32.381,33.091,33.646,34.079,34.341,34.591,35.015,35.654,36.043,34.976,34.147,34.454,34.864,35.23,35.949,36.195,35.623,35.597,36.303,36.38,35.257,34.25,34.024,34.209,32.571,29.812,27.269,25.775,24.084,22.255,20.421,18.411,16.77
8.3998,7.9913,6.209,0,0,0,0,0,0,0,0,0,15.69,16.392,16.951,17.415,17.887,18.505,19.395,20.281,21.138,21.902,22.701,23.761,25.171,26.697,27.717,28.386,28.935,28.798,28.543,29.312,30.353,30.696,31.053,30.999,30.473,30.76,31.402,31.443,31.176,30.857,30.454,30.041,29.269,28.513,28.042,27.493,26.659,25.569,24.704,23.89,23.126,22.713,22.092,21.122,19.908,18.783,18.1,17.382,17.887,17.522,16.628,16.386,17.022,17.595,17.838,18.023,18.29,18.724,19.178,19.767,20.392,21.11,22.071,23.131,24.314,25.709,27.268,28.958,30.473,31.288,31.843,32.419,33.263,34.011,34.796,35.858,36.645,35.828,34.503,34.104,34.442,35.066,35.587,35.52,35.29,35.654,36.131,35.492,34.402,33.225,32.207,31.593,29.681,27.545,25.588,24.371,23.031,21.515,19.911,18.112,16.515
4.9481,5.2713,5.597,0,0,0,0,0,0,0,0,0,0,0,16.007,16.506,17.008,17.587,18.24,18.934,19.611,20.302,21.067,22.086,23.233,24.455,25.519,26.514,27.009,27.095,27.313,28.103,28.771,29.2,29.418,29.366,29.215,29.419,29.64,29.329,28.698,28.344,28.29,28.031,27.117,26.013,25.126,24.974,24.618,23.969,23.19,22.36,21.75,21.462,21.018,20.128,18.921,17.774,16.995,17.03,18.923,17.933,16.18,15.738,16.074,16.563,16.983,17.343,17.59,17.794,17.99,18.511,19.046,19.65,20.393,21.281,22.282,23.447,24.847,26.468,28.119,29.142,29.942,30.713,31.721,32.645,33.516,34.499,35.699,36.285,35.622,34.591,34.331,34.341,34.253,34.153,34.249,34.77,35.101,33.86,32.709,31.125,29.63,28.357,26.8,25.137,23.717,22.538,21.372,20.311,19.337,18.004,16.52
4.6305,4.9961,0,0,0,0,0,0,0,0,0,0,0,0,14.992,15.596,16.168,16.567,17.013,17.519,18.085,18.683,19.472,20.5,21.561,22.541,23.554,24.639,25.193,25.611,25.99,26.518,27.124,27.642,27.646,27.373,27.192,27.339,27.58,27.131,26.263,25.843,25.993,25.883,24.931,23.875,23.116,22.898,22.736,22.409,21.781,21.1,20.66,20.343,19.943,19.081,17.973,16.932,15.933,17.443,20.242,18.002,15.686,15.065,14.887,15.081,15.528,15.941,16.427,16.861,17.194,17.336,17.469,17.903,18.656,19.503,20.28,21.217,22.429,23.791,25.197,26.391,27.407,28.258,29.107,30.016,30.931,31.953,33.225,33.956,34.446,34.364,33.634,32.808,32.457,32.55,32.903,33.504,33.046,31.648,30.15,27.957,26.09,24.902,23.872,22.804,21.723,20.551,19.339,18.193,17.166,16.667,16.325
4.1856,0,0,0,0,0,0,0,0,0,0,0,0,0,12.946,13.493,14.181,14.865,15.494,16.078,16.618,17.138,17.954,18.924,19.877,20.56,21.362,22.289,23.156,23.87,24.278,24.766,25.521,25.961,25.779,25.335,25.128,25.21,25.299,24.715,23.854,23.443,23.455,23.287,22.485,21.668,21.199,20.966,20.765,20.468,20.173,19.935,19.797,19.544,19.044,18.206,17.14,15.972,14.982,15.586,15.359,0,11.979,13.58,14.093,14.175,14.352,14.681,15.371,16.036,16.327,16.066,15.835,16.259,17.033,17.802,18.435,19.291,20.462,21.683,22.789,23.924,24.971,25.494,25.863,26.249,26.678,27.257,27.902,28.489,29.464,30.426,29.659,28.972,28.844,28.978,29.268,29.702,29.212,28.394,26.822,24.439,22.403,21.69,21.039,20.314,19.488,18.508,17.472,16.318,15.242,15.033,0
0,0,0,0,0,0,0,0,0,0,0,0,0,0,0,12.834,12.775,13.222,14.03,14.88,15.638,16.278,16.92,17.661,18.348,18.866,19.335,20.09,21.226,21.959,22.35,22.937,23.751,24.059,23.852,23.443,23.153,23.098,23.037,22.382,21.564,21.092,20.829,20.46,19.882,19.342,19.114,19.023,18.888,18.554,18.249,18.357,18.789,18.841,18.103,17.082,16.042,14.678,12.945,11.143,8.2237,0,0,12.677,16.022,15.553,14.778,14.43,14.514,14.6,14.671,14.783,15.013,15.529,16.172,16.642,17.045,17.661,18.847,20.032,20.908,21.704,22.379,22.77,23.036,23.211,23.222,23.264,23.261,23.388,23.497,22.279,20.882,22.485,23.508,24.144,24.657,24.88,24.756,24.41,23.41,21.894,20.443,19.584,18.839,18.244,17.419,16.69,16.05,15.268,14.496,0,0
0,0,0,0,0,0,0,0,0,0,0,0,0,0,0,0,0,0,12.834,13.789,14.696,15.273,15.752,16.365,17.192,17.97,18.555,19.064,19.755,20.16,20.404,21.041,21.881,22.09,21.876,21.616,21.446,21.332,21.176,20.687,20.129,19.645,19.209,18.729,18.208,17.715,17.392,17.247,17.285,17.224,16.966,16.832,17.283,17.736,16.79,15.44,14.57,12.718,0,0,0,0,0,0,0,0,0,14.1,13.468,12.928,13.143,13.746,14.415,14.916,15.428,15.772,16.159,16.769,17.675,18.504,18.947,19.304,19.761,20.201,20.475,20.423,20.086,19.953,19.866,19.864,19.877,19.063,17.551,18.168,18.838,20.321,21.318,21.634,21.57,21.235,20.684,19.984,18.999,18.035,17.533,17.706,17.453,16.995,16.194,0,14.157,0,0
0,0,0,0,0,0,0,0,0,0,0,0,0,0,0,0,0,0,0,0,13.394,13.89,14.361,15.078,16.098,17.171,17.647,17.88,18.33,18.786,19.113,19.56,20.135,20.203,19.972,19.83,19.746,19.561,19.414,19.217,18.926,18.445,17.964,17.579,17.232,16.848,16.386,16.011,15.854,15.955,16.158,16.009,16.005,16.174,15.188,14.001,0,0,0,0,0,0,0,0,0,0,0,0,0,0,13.216,13.044,13.224,13.867,14.374,14.674,15.16,15.875,16.572,17.156,17.563,17.906,18.314,18.694,18.861,18.75,18.513,18.34,18.246,18.101,17.703,16.707,15.548,16.439,17.046,17.647,18.614,19.331,19.661,19.488,18.985,18.372,17.455,16.44,17.183,18.376,18.766,19.796,0,0,0,0,0
0,0,0,0,0,0,0,0,0,0,0,0,0,0,0,0,0,0,0,0,0,0,13.088,13.755,14.739,15.56,15.887,16.203,16.741,17.449,17.99,18.257,18.526,18.567,18.318,18.002,17.823,17.728,17.57,17.302,16.972,16.547,16.141,15.925,15.773,15.609,15.272,14.701,14.357,14.256,14.363,14.613,14.857,14.482,0,0,0,0,0,0,0,0,0,0,0,0,0,0,0,0,0,11.665,12.143,12.981,13.137,13.403,14.101,14.919,15.499,15.86,16.228,16.65,17.126,17.543,17.577,17.477,17.247,17.036,16.938,16.479,15.581,14.28,14.005,15.135,15.714,15.552,16.194,17.143,17.823,17.785,17.37,16.769,15.903,14.938,19.993,24.33,24.555,0,0,0,0,0,0
0,0,0,0,0,0,0,0,0,0,0,0,0,0,0,0,0,0,0,0,0,0,0,0,0,14.195,13.977,14.248,14.932,15.734,16.478,16.771,16.839,16.84,16.488,15.985,15.828,15.848,15.505,15.09,14.711,14.363,14.065,13.926,0,0,0,0,0,0,0,0,0,0,0,0,0,0,0,0,0,0,0,0,0,0,0,0,0,0,0,0,13.207,13.307,13.086,12.77,13.299,14.037,14.493,14.665,14.843,15.366,15.848,16.132,16.064,15.933,15.78,15.698,15.716,15.571,15.588,16.086,14.982,14.11,15.015,14.762,14.345,14.993,15.76,16.24,16.337,16.333,15.834,16.061,23.948,0,0,0,0,0,0,0,0
0,0,0,0,0,0,0,0,0,0,0,0,0,0,0,0,0,0,0,0,0,0,0,0,0,0,15.385,14.729,14.517,14.239,14.748,15.382,15.729,15.912,15.787,15.629,15.567,15.464,15.205,14.937,14.769,14.523,14.41,0,0,0,0,0,0,0,0,0,0,0,0,0,0,0,0,0,0,0,0,0,0,0,0,0,0,0,0,0,14.526,14.512,14.319,14.009,13.901,14.014,13.617,13.442,13.548,14.018,14.437,14.484,14.371,14.283,14.457,14.651,15.148,15.677,16.388,16.82,17.111,16.484,14.713,15.201,15.243,15.157,14.76,15.221,15.865,17.519,0,0,0,0,0,0,0,0,0,0,0
0,0,0,0,0,0,0,0,0,0,0,0,0,0,0,0,0,0,0,0,0,0,0,0,0,0,0,0,0,0,0,0,0,0,0,0,0,0,0,0,0,0,0,0,0,0,0,0,0,0,0,0,0,0,0,0,0,0,0,0,0,0,0,0,0,0,0,0,0,0,0,0,0,0,0,0,0,0,0,0,14.411,14.682,14.985,15.068,15.142,15.446,15.939,16.343,16.064,15.004,9.8408,9.519,16.41,19.511,14.718,0,0,0,0,0,0,0,0,0,0,0,0,0,0,0,0,0,0
0,0,0,0,0,0,0,0,0,0,0,0,0,0,0,0,0,0,0,0,0,0,0,0,0,0,0,0,0,0,0,0,0,0,0,0,0,0,0,0,0,0,0,0,0,0,0,0,0,0,0,0,0,0,0,0,0,0,0,0,0,0,0,0,0,0,0,0,0,0,0,0,0,0,0,0,0,0,0,0,0,0,0,0,0,0,0,0,0,0,0,0,0,0,0,0,0,0,0,0,0,0,0,0,0,0,0,0,0,0,0,0,0
0,0,0,0,0,0,0,0,0,0,0,0,0,0,0,0,0,0,0,0,0,0,0,0,0,0,0,0,0,0,0,0,0,0,0,0,0,0,0,0,0,0,0,0,0,0,0,0,0,0,0,0,0,0,0,0,0,0,0,0,0,0,0,0,0,0,0,0,0,0,0,0,0,0,0,0,0,0,0,0,0,0,0,0,0,0,0,0,0,0,0,0,0,0,0,0,0,0,0,0,0,0,0,0,0,0,0,0,0,0,0,0,0
0,0,0,0,0,0,0,0,0,0,0,0,0,0,0,0,0,0,0,0,0,0,0,0,0,0,0,0,0,0,0,0,0,0,0,0,0,0,0,0,0,0,0,0,0,0,0,0,0,0,0,0,0,0,0,0,0,0,0,0,0,0,0,0,0,0,0,0,0,0,0,0,0,0,0,0,0,0,0,0,0,0,0,0,0,0,0,0,0,0,0,0,0,0,0,0,0,0,0,0,0,0,0,0,0,0,0,0,0,0,0,0,0
0,0,0,0,0,0,0,0,0,0,0,0,0,0,0,0,0,0,0,0,0,0,0,0,0,0,0,0,0,0,0,0,0,0,0,0,0,0,0,0,0,0,0,0,0,0,0,0,0,0,0,0,0,0,0,0,0,0,0,0,0,0,0,0,0,0,0,0,0,0,0,0,0,0,0,0,0,0,0,0,0,0,0,0,0,0,0,0,0,0,0,0,0,0,0,0,0,0,0,0,0,0,0,0,0,0,0,0,0,0,0,0,0
0,0,0,0,0,0,0,0,0,0,0,0,0,0,0,0,0,0,0,0,0,0,0,0,0,0,0,0,0,0,0,0,0,0,0,0,0,0,0,0,0,0,0,0,0,0,0,0,0,0,0,0,0,0,0,0,0,0,0,0,0,0,0,0,0,0,0,0,0,0,0,0,0,0,0,0,0,0,0,0,0,0,0,0,0,0,0,0,0,0,0,0,0,0,0,0,0,0,0,0,0,0,0,0,0,0,0,0,0,0,0,0,0
0,0,0,0,0,0,0,0,0,0,0,0,0,0,0,0,0,0,0,0,0,0,0,0,0,0,0,0,0,0,0,0,0,0,0,0,0,0,0,0,0,0,0,0,0,0,0,0,0,0,0,0,0,0,0,0,0,0,0,0,0,0,0,0,0,0,0,0,0,0,0,0,0,0,0,0,0,0,0,0,0,0,0,0,0,0,0,0,0,0,0,0,0,0,0,0,0,0,0,0,0,0,0,0,0,0,0,0,0,0,0,0,0
0,0,0,0,0,0,0,0,0,0,0,0,0,0,0,0,0,0,0,0,0,0,0,0,0,0,0,0,0,0,0,0,0,0,0,0,0,0,0,0,0,0,0,0,0,0,0,0,0,0,0,0,0,0,0,0,0,0,0,0,0,0,0,0,0,0,0,0,0,0,0,0,0,0,0,0,0,0,0,0,0,0,0,0,0,0,0,0,0,0,0,0,0,0,0,0,0,0,0,0,0,0,0,0,0,0,0,0,0,0,0,0,0
0,0,0,0,0,0,0,0,0,0,0,0,0,0,0,0,0,0,0,0,0,0,0,0,0,0,0,0,0,0,0,0,0,0,0,0,0,0,0,0,0,0,0,0,0,0,0,0,0,0,0,0,0,0,0,0,0,0,0,0,0,0,0,0,0,0,0,0,0,0,0,0,0,0,0,0,0,0,0,0,0,0,0,0,0,0,0,0,0,0,0,0,0,0,0,0,0,0,0,0,0,0,0,0,0,0,0,0,0,0,0,0,0
