0.073803,0,0,0,0,0,0,0,0,0,0,0,0,0,0,0,0,0,0,0,0,0,0,0,0,0,0,0,0,0,0,0,0,0,0,0,0,0,0,0,0,0,0,0,0,0,0,0,0,0,0,0,0,0,0,0,0,0,0,0,0,0,0,0,0,0,0,0,0,0,0,0,0,0,0,0,0,0,0,0,0,0,0,0,0,0,0,0,0,0,0,0,0,0,0,0,0,0,0,0,0,0,0,0
0.98861,0.68775,0,0,0,0,0,0,0,0,0,0,0,0,0,0,0,0,0,0,0,0,0,0,0,0,0,0,0,0,0,0,0,0,0,0,0,0,0,0,0,0,0,0,0,0,0,0,0,0,0,0,0,0,0,0,0,0,0,0,0,0,0,0,0,0,0,0,0,0,0,0,0,0,0,0,0,0,0,0,0,0,0,0,0,0,0,0,0,0,0,0,0,0,0,0,0,0,0,0,0,0,0,0
2.2705,6.0631,19.258,26.854,27.978,28.532,25.347,0,0,0,0,0,0,0,0,0,0,0,0,0,0,0,0,0,0,0,0,0,0,0,0,0,0,0,0,0,0,0,0,0,0,0,0,0,0,0,0,0,0,0,0,0,0,0,0,0,0,0,0,0,0,0,0,0,0,0,0,0,0,0,0,0,0,0,0,0,0,0,0,0,0,0,0,0,0,0,0,0,0,0,0,0,0,0,0,0,0,0,0,0,0,0,0,0
7.026,20.106,28.461,30.902,31.568,30.162,28.912,29.29,29.608,30.058,29.961,29.063,27.12,25.731,23.812,20.292,0,0,0,0,0,0,0,0,0,0,0,0,0,0,0,0,0,0,0,0,0,0,0,0,0,0,0,0,0,0,0,0,0,0,0,0,0,0,0,0,0,0,0,0,0,0,0,0,0,0,0,0,0,0,0,0,0,0,0,0,0,0,0,0,0,0,0,0,0,0,0,0,0,0,0,0,0,0,0,0,0,0,0,0,0,0,0,0
16.326,27.939,31.767,32.487,31.854,31.22,31.067,31.272,31.399,31.313,31.524,31.411,31.004,30.607,30.136,28.854,0,0,0,0,0,0,0,0,0,0,0,0,0,0,0,0,0,0,0,0,0,0,0,0,0,0,0,0,0,0,0,0,0,0,0,0,0,0,0,0,0,0,0,0,0,0,0,0,0,0,0,0,0,0,0,0,0,0,0,0,0,0,0,0,0,0,0,0,0,0,0,0,0,0,0,0,0,0,0,0,0,0,0,0,0,0,0,0
24.741,31.289,33.029,31.937,31.245,30.967,31.013,31.146,31.354,31.499,31.637,32.024,32.382,32.677,32.843,32.123,29.358,26.217,24.471,23.088,22.005,20.438,0,0,0,0,0,0,0,0,0,0,0,0,0,0,0,0,0,0,0,0,0,0,0,0,0,0,0,0,0,0,0,0,0,0,0,0,0,0,0,0,0,0,0,0,0,0,0,0,0,0,0,0,0,0,0,0,0,0,0,0,0,0,0,0,0,0,0,0,0,0,0,0,0,0,0,0,0,0,0,0,0,0
29.65,32.481,31.636,31.055,31.618,32.271,32.536,32.473,32.132,31.849,31.706,31.998,32.45,33.159,33.999,34.775,34.872,34.34,33.214,31.832,30.849,29.237,27.37,25.758,24.851,24.162,23.116,24,0,0,0,0,0,0,0,0,0,0,0,0,0,0,0,0,0,0,0,0,0,0,0,0,0,0,0,0,0,0,0,0,0,0,0,0,0,0,0,0,0,0,0,0,0,0,0,0,0,0,0,0,0,0,0,0,0,0,0,0,0,0,0,0,0,0,0,0,0,0,0,0,0,0,0,0
31.937,31.366,30.86,32.335,33.791,34.719,35.09,35.185,34.868,34.406,34.028,33.67,33.368,33.23,33.416,34.064,34.75,35.061,35.047,35.418,35.959,35.796,35.279,33.919,33.185,32.156,30.922,30.733,29.257,26.868,26.045,25.729,0,0,0,0,0,0,0,0,0,0,0,0,0,0,0,0,0,0,0,0,0,0,0,0,0,0,0,0,0,0,0,0,0,0,0,0,0,0,0,0,0,0,0,0,0,0,0,0,0,0,0,0,0,0,0,0,0,0,0,0,0,0,0,0,0,0,0,0,0,0,0,0
31.338,30.564,31.868,33.969,35.297,36.295,36.811,36.971,36.694,36.433,36.328,36.024,35.542,35.144,35.121,35.349,35.436,35.454,35.696,36.19,36.724,37.172,37.764,38.578,39.052,38.324,37.193,36.458,35.245,33.851,32.494,31.591,30.749,28.062,24.414,22.026,0,0,0,0,0,0,0,0,0,0,0,0,0,0,0,0,0,0,0,0,0,0,0,0,0,0,0,0,0,0,0,0,0,0,0,0,0,0,0,0,0,0,0,0,0,0,0,0,0,0,0,0,0,0,0,0,0,0,0,0,0,0,0,0,0,0,0,0
30.546,30.788,32.819,34.723,36.691,38.051,38.976,39.026,38.447,38.216,38.439,38.305,37.722,37.197,37.232,37.4,37.177,36.932,36.977,37.299,37.646,37.843,38.064,38.545,39.041,38.755,38.183,37.6,37.321,37.293,37.022,36.415,35.556,33.415,30.21,28.652,27.731,26.95,26.361,25.877,25.501,25.849,26.151,24.748,0,0,0,0,0,0,0,0,0,0,0,0,0,0,0,0,0,0,0,0,0,0,0,0,0,0,0,0,0,0,0,0,0,0,0,0,0,0,0,0,0,0,0,0,0,0,0,0,0,0,0,0,0,0,0,0,0,0,0,0
29.943,31.381,33.306,36.646,39.381,41.342,42.773,42.976,42.484,41.714,41.22,40.605,39.739,39.367,39.661,39.872,39.691,39.151,38.676,38.513,38.803,39.066,39.227,39.327,39.261,38.939,38.456,37.739,37.222,36.965,36.579,36.116,35.904,35.493,34.947,34.07,33.415,32.834,32.543,32.251,31.84,31.455,31.142,29.869,27.99,26.235,24.68,23.21,0,0,0,0,0,0,0,0,0,0,0,0,0,0,0,0,0,0,0,0,0,0,0,0,0,0,0,0,0,0,0,0,0,0,0,0,0,0,0,0,0,0,0,0,0,0,0,0,0,0,0,0,0,0,0,0
29.862,32.19,35.654,39.61,42.868,45.088,46.22,46.646,46.724,45.514,44.557,43.45,42.345,41.895,42.102,42.38,42.62,42.456,41.551,40.824,40.752,40.87,40.81,40.9,40.713,40.224,39.719,39.172,38.642,38.126,37.487,36.582,35.656,34.807,34.004,33.605,33.492,33.355,33.156,33.015,32.928,32.52,32.124,31.882,31.459,30.922,30.319,29.221,28.342,27.443,25.824,24.207,22.857,21.913,22.302,22.387,22.496,22.375,21.857,21.384,20.96,21.465,0,0,0,0,0,0,0,0,0,0,0,0,0,0,0,0,0,0,0,0,0,0,0,0,0,0,0,0,0,0,0,0,0,0,0,0,0,0,0,0,0,0
30.51,34.621,38.981,44.227,47.595,47.826,47.209,47.031,47.374,47.492,46.989,46.229,45.118,44.741,44.658,44.646,44.839,44.982,44.113,43.327,43.414,43.489,42.996,42.623,42.216,41.678,41.225,40.828,40.391,39.871,39.364,38.834,38.21,37.05,35.889,34.772,33.727,32.837,32.447,32.106,31.656,31.04,30.571,31.142,31.864,31.95,31.829,31.419,30.98,30.646,30.092,29.165,28.133,26.907,25.859,25.43,25.467,25.726,25.57,24.936,23.403,21.437,20.134,0,0,0,0,0,0,0,0,0,0,0,0,0,0,0,0,0,0,0,0,0,0,0,0,0,0,0,0,0,0,0,0,0,0,0,0,0,0,0,0,0
31.497,37.327,43.646,49.404,48.573,47.92,47.106,46.393,46.951,47.42,47.655,47.612,47.283,46.904,46.82,46.483,46.205,46.165,45.858,45.597,45.965,46.012,45.041,44.249,43.765,43.321,42.951,42.62,42.388,42.172,41.778,41.227,40.662,39.737,38.82,37.52,35.798,34.166,33.399,32.727,31.905,31.063,30.511,30.545,30.769,30.964,31.145,31.321,31.305,31.632,32.193,32.197,31.666,31.149,30.722,30.414,30.105,29.537,28.799,28.037,27.062,25.719,24.035,22.196,20.489,20.278,20.585,20.691,20.541,20.2,20.341,19.848,18.906,19.126,0,0,0,0,0,0,0,0,0,0,0,0,0,0,0,0,0,0,0,0,0,0,0,0,0,0,0,0,0,0
33.894,40.113,47.221,48.337,47.411,47.13,46.838,46.992,47.649,47.954,48.271,48.577,48.224,47.501,47.207,47.267,47.115,47.4,47.597,47.885,48.4,48.339,47.386,46.428,45.727,45.217,44.875,44.548,44.461,44.558,44.273,43.656,43.151,42.937,42.823,41.835,40.448,39.066,37.749,36.411,34.794,33.15,32.203,31.88,31.469,30.834,30.405,30.703,31.162,31.41,31.714,32.23,32.683,32.932,33.126,33.28,33.277,32.566,31.627,30.789,29.896,28.798,27.596,26.514,25.354,24.513,24.544,24.745,24.525,24.02,23.334,22.675,22.103,21.476,21.273,21.661,22.91,24.182,0,0,0,0,0,0,0,0,0,0,0,0,0,0,0,0,0,0,0,0,0,0,0,0,0,0
36.345,43.1,47.643,47.396,47.278,47.293,47.083,48.317,49.403,49.736,49.713,49.886,48.905,47.509,46.969,47.399,47.781,48.381,49.001,49.77,50.548,50.64,49.995,49.271,48.443,47.792,47.61,47.337,46.943,46.712,46.5,46.097,45.887,46.125,46.497,45.41,44.197,42.809,41.261,39.584,37.556,35.414,34.503,33.837,33.04,32.032,31.308,31.311,31.505,31.951,32.309,32.715,33.11,33.283,33.46,33.974,34.489,34.406,34.04,33.128,32.124,30.966,29.963,29.329,28.714,28.229,27.895,27.607,26.63,25.72,25.37,24.956,24.406,23.96,23.566,23.481,23.221,23.051,23.095,22.802,21.592,20.167,20.959,0,0,0,0,0,0,0,0,0,0,0,0,0,0,0,0,0,0,0,0,0
37.827,44.788,47.412,46.878,47.798,47.97,48.167,49.473,51.005,51.54,51.348,51.182,49.81,48.148,47.437,47.835,48.465,49.236,49.867,50.296,50.764,50.598,50.504,50.785,50.489,50.315,50.514,50.315,49.372,48.616,48.668,48.873,49.01,49.317,49.45,48.291,47.046,45.715,44.358,42.758,40.802,38.898,37.669,36.493,35.762,35.02,34.206,33.502,33.067,33.149,33.514,34.033,34.538,34.648,34.789,35.122,35.434,35.395,35.203,34.543,33.811,32.973,32.183,31.49,30.666,29.992,29.733,29.232,28.007,27.418,27.327,27.016,26.513,26.043,25.609,25.442,24.41,23.695,23.285,22.956,22.713,22.33,21.98,21.666,21.43,21.364,21.184,20.832,20.611,20.848,20.978,20.99,0,0,0,0,0,0,0,0,0,0,0,0
39.399,45.646,46.371,46.644,48.219,48.596,48.926,49.919,51.402,52.189,52.419,52.177,50.871,49.454,48.639,48.264,48.484,49.205,50.136,50.555,50.363,49.326,48.804,49.92,51.033,51.481,51.798,51.946,51.413,50.677,51.229,51.946,52.275,52.561,52.188,50.871,49.557,48.325,47.146,45.564,43.723,41.955,40.387,38.95,38.437,38.109,37.178,36.14,35.313,34.727,34.547,34.761,34.983,35.096,35.432,35.968,36.199,36.126,35.927,35.559,35.236,35.004,34.854,34.584,33.703,32.927,32.154,31.041,29.6,29.219,29.165,28.867,28.318,27.817,27.314,26.901,25.804,24.887,24.377,24.066,23.984,23.932,23.888,23.817,23.482,22.874,22.365,21.916,21.409,21.737,22.322,22.839,22.941,23.792,24.842,26.515,26.864,0,0,0,0,0,0,0
41.137,45.819,45.246,46.386,47.983,48.693,49.29,50.069,51.064,51.826,52.375,52.212,51.427,50.437,49.374,48.287,48.005,48.191,49.699,51.228,51.248,49.814,48.681,50.327,51.878,52.203,52.313,52.888,53.421,53.646,54.174,54.807,54.388,53.975,53.177,52.162,51.213,50.373,49.522,48.216,46.73,45.384,44.025,42.944,42.491,41.946,40.57,39.107,37.785,36.571,36,35.714,35.399,35.1,35.598,36.558,36.914,36.827,36.606,36.301,35.96,35.705,35.767,35.635,35.062,34.452,33.884,32.789,31.704,31.417,31.31,30.836,30.102,29.41,28.73,28.218,27.634,26.973,26.514,26.191,26.219,26.203,25.896,25.674,25.728,26.13,26.366,25.97,25.166,25.519,25.967,25.89,25.331,25.935,26.53,27.151,28.416,29.208,29.543,29.454,28.706,26.668,17.549,0.61471
42.676,44.525,44.213,45.774,47.071,48.025,48.966,49.795,50.674,51.539,52.21,51.896,51.26,50.591,49.81,48.846,48.171,47.988,50.017,52.548,53.055,52.475,52.175,52.722,53.351,53.06,52.923,53.8,55.129,56.137,57.011,57.064,55.518,54.084,53.603,53.225,52.881,52.536,51.989,51.043,49.97,49.157,48.265,47.653,47.277,46.482,44.747,42.985,41.219,39.55,38.78,38.113,37.464,36.875,37.029,37.676,37.752,37.529,37.327,37.042,36.442,36.053,35.961,35.689,35.314,35.482,35.547,34.611,33.829,33.354,32.92,32.359,31.622,30.821,30.02,29.468,29.072,28.681,28.395,28.205,28.832,29.514,29.604,29.359,29.042,28.904,29.191,29.632,29.741,29.4,29.343,29.934,30.361,28.933,28.842,28.906,28.926,29.711,30.035,30.253,30.324,29.966,28.336,9.4886
42.575,42.976,43.543,45.182,46.227,47.281,48.234,49.072,50.131,51.29,51.992,51.696,51.191,50.811,50.406,50.012,49.804,49.757,51.103,53.039,54.258,54.855,54.794,54.703,54.442,53.839,53.325,53.306,53.726,54.806,56.109,56.409,55.376,54.352,54.109,53.98,54.201,54.417,54.366,54.014,53.472,52.949,52.505,52.155,51.875,50.433,48.449,46.335,44.146,42.279,41.338,40.448,39.663,39.029,38.904,38.952,38.613,38.208,38.217,37.828,36.899,36.262,35.867,36.008,36.195,36.582,36.582,35.98,35.451,34.95,34.457,33.92,33.156,32.4,31.731,31.129,30.616,30.181,29.87,29.783,30.871,32.066,32.736,32.62,32.214,31.444,30.782,30.438,30.766,31.225,31.372,30.59,31.2,31.037,30.211,29.739,29.648,29.827,29.74,29.805,30.193,30.537,30.2,23.458
41.553,41.727,43.164,44.544,45.392,46.549,47.505,48.31,49.585,51.106,51.954,51.591,51.131,51.173,51.229,51.34,51.496,51.471,51.747,52.805,54.46,55.711,55.788,55.607,55.24,54.601,53.799,53.001,52.427,53.097,54.076,54.855,55.094,54.763,54.141,53.875,54.485,55.107,55.803,56.335,55.929,55.05,54.604,54.669,54.473,52.345,50.008,48.386,47.079,45.909,44.77,43.536,42.385,41.509,41.123,40.8,40.215,39.707,39.539,38.578,37.265,36.234,35.98,36.771,37.153,37.242,37.25,37.164,36.837,36.45,36.029,35.517,34.696,33.944,33.367,32.764,32.129,31.589,31.217,31.123,32.296,33.417,33.925,33.887,33.555,32.662,31.752,30.608,29.92,29.931,30.418,30.175,29.538,29.186,29.036,29.343,29.418,29.399,29.217,29.057,29.214,29.862,30.591,30.262
40.471,41.136,42.893,43.725,44.412,45.737,46.779,47.569,49.122,51.019,51.977,51.498,51.133,51.67,52.268,52.518,52.71,52.644,52.298,53.062,55.033,56.577,56.416,56.222,56.01,55.648,55.505,55.402,55.202,55.263,55.456,55.432,55.521,54.971,54.119,53.97,54.679,55.633,57.128,58.686,57.772,56.118,55.343,55.272,54.533,52.457,50.789,50.713,50.936,50.221,48.711,47.046,45.482,44.274,43.952,43.558,42.944,42.117,41.209,39.938,38.501,37.197,37.133,37.827,37.905,37.831,38.163,38.381,38.136,37.842,37.527,37.019,36.136,35.431,34.928,34.21,33.451,32.84,32.447,32.353,33.53,34.28,34.171,33.403,32.621,31.769,30.996,30.238,29.383,28.815,28.609,28.758,28.564,28.048,27.371,27.627,28.174,28.507,28.428,28.278,28.293,28.667,29.808,30.769
39.557,40.598,42.216,42.269,43.068,44.65,45.818,46.681,48.535,50.79,51.834,51.394,51.224,52.327,53.357,53.546,53.571,53.803,54.006,54.716,56.081,56.884,56.689,56.612,56.656,56.669,57.43,58.32,58.58,58.37,57.794,56.676,55.749,55.171,54.517,53.819,53.311,53.662,54.907,55.88,55.218,54.268,54.114,54.249,53.502,51.928,51.437,52.778,53.926,53.487,52.224,50.451,48.259,47.141,46.662,46.19,45.226,43.768,42.502,41.369,39.942,38.689,38.582,38.676,38.598,38.665,39.119,39.247,38.85,38.534,38.314,37.769,36.95,36.434,36.012,35.261,34.476,33.809,33.373,33.359,34.686,34.935,34.249,32.774,31.448,30.479,29.827,29.64,29.428,29.197,28.647,28.333,28.057,27.957,27.543,27.361,27.303,27.492,27.691,27.587,27.495,27.703,28.436,30.185
38.322,39.519,40.492,40.385,41.379,43.22,44.41,45.361,47.319,49.553,50.606,50.655,51.061,52.558,53.844,54.055,54.278,55.133,55.929,56.366,56.907,56.878,56.491,56.397,56.526,56.838,57.915,59.039,59.651,59.999,59.073,57.39,56.189,55.64,54.896,53.353,51.756,51.523,51.757,51.668,51.163,50.662,50.074,49.583,49.299,48.859,49.699,51.182,52.479,53.234,53.481,52.783,51.754,49.967,48.698,48.955,48.284,47.044,45.206,43.452,41.672,40.389,39.684,39.373,39.308,39.547,40.034,39.822,39.191,38.864,38.682,38.069,37.304,36.937,36.587,35.905,35.155,34.387,33.75,33.641,35.228,35.122,34.213,32.598,31.331,30.404,29.952,29.946,29.791,30.07,29.964,29.714,29.387,28.949,28.396,28.095,27.938,27.768,27.508,27.368,27.162,27.027,27.52,28.717
36.846,37.941,38.592,38.415,39.466,41.543,42.762,43.739,45.406,47.183,48.532,49.432,50.312,51.478,52.503,52.623,53.073,54.698,56.273,56.542,56.627,56.438,56.121,56.161,56.35,56.879,57.812,58.86,60.081,61.053,59.77,58.241,57.267,56.51,55.874,55.283,54.512,53.679,52.939,52.263,51.566,50.458,49.039,48.007,47.827,47.979,48.989,50.154,51.885,53.731,55.163,56.051,55.284,51.101,51.618,52.76,53.018,51.388,48.963,46.595,44.402,42.998,41.957,41.226,40.887,40.924,41.139,40.391,39.465,39.235,39.055,38.405,37.733,37.467,37.135,36.487,35.704,34.789,33.775,33.433,35.042,35.074,34.453,33.507,32.986,32.69,32.909,33.199,32.945,32.474,32.113,31.274,31.08,31.035,30.712,30.159,29.337,28.864,28.621,28.039,27.457,27.144,26.986,27.553
35.585,36.226,36.585,36.584,37.644,39.712,40.957,41.98,43.226,44.482,46.375,48.363,49.39,49.945,50.252,49.993,50.361,51.952,53.335,53.651,53.914,54.444,54.895,55.465,56.052,56.71,57.432,58.759,60.616,61.434,60.327,59.089,58.057,57.064,57.324,57.845,57.341,56.031,54.963,54.414,53.785,52.482,51.035,50.434,50.129,49.94,49.932,50.602,52.339,53.921,54.403,54.511,53.408,52.493,53.875,56.022,57.077,55.335,52.753,49.869,47.382,46.162,45.198,44.51,43.885,43.226,42.686,41.686,40.738,40.37,40.052,39.348,38.659,38.307,37.791,37.128,36.263,35.203,33.757,33.266,34.857,35.16,35.05,34.884,35.03,35.307,36.038,36.71,36.721,36.361,35.82,34.855,33.934,33.34,33.244,33.324,32.779,31.584,30.358,29.63,28.971,27.769,27.165,27.088
34.223,34.949,35.337,35.605,36.455,38.088,39.273,40.268,41.276,42.215,44.623,47.366,48.183,48.186,47.884,47.263,47.692,49.167,50.131,50.309,50.879,52.311,53.63,54.754,55.822,56.27,56.785,58.515,60.536,61.045,60.547,59.549,58.031,56.946,57.113,57.322,56.244,55.017,54.623,54.597,53.746,51.767,50.303,50.428,50.748,51.265,51.561,51.948,52.674,52.153,51.17,51.816,53.64,54.383,54.791,55.933,57.009,56.377,54.952,52.567,50.592,49.569,48.519,47.743,46.819,45.488,44.404,43.466,42.758,42.483,42.072,41.408,40.716,40.18,39.437,38.676,37.679,36.44,34.36,33.313,34.831,35.528,36.01,36.479,37.158,37.873,38.846,39.735,40.042,39.996,39.864,39.531,38.755,37.777,36.825,36.568,36.389,35.908,34.623,32.779,31.321,30.094,27.984,27.039
33.269,33.721,34.264,34.888,35.632,36.697,37.796,38.839,40.21,41.49,43.699,46.187,46.378,45.919,45.371,44.666,45.281,46.549,47.164,47.285,48.505,50.626,52.382,53.893,54.981,55.183,55.829,57.987,60.063,60.444,60.56,59.217,57.379,56.451,56.157,55.515,54.441,53.686,54.058,54.493,52.389,49.63,49.414,50.292,51.94,54.021,54.269,52.864,51.84,50.998,50.662,52.054,53.471,54.225,54.658,55.141,56.012,56.268,55.287,53.613,52.503,51.82,51.228,50.533,49.276,47.424,46.131,45.304,44.836,44.646,44.368,43.994,43.506,42.957,42.101,41.113,40.145,38.985,36.814,35.874,36.55,37.225,38.111,38.947,39.96,40.853,41.737,42.502,42.87,43.042,43.304,43.632,43.495,42.799,41.792,40.738,40.067,39.924,39.362,37.953,36.171,33.8,31.154,27.384
33.055,33.287,33.576,34.243,34.82,35.369,36.342,37.435,39.354,41.267,42.966,44.598,44.11,43.268,43.05,42.858,43.429,44.244,44.749,45.135,46.63,48.452,49.804,51.043,51.639,51.795,52.881,54.794,56.171,56.693,56.941,56.424,56.012,56.358,56.668,56.466,56.139,56.241,56.745,56.348,54.298,52.876,53.281,53.908,55.252,56.161,54.068,51.655,51.015,50.762,51.113,51.898,52.662,53.311,53.212,53.406,54.6,55.886,55.769,54.868,53.914,53.102,52.862,52.569,51.175,49.397,48.526,47.811,47.425,47.104,46.879,46.804,46.392,45.787,44.784,43.795,43.249,42.638,41.312,40.17,39.959,40.256,41.378,42.328,43.283,44.079,44.675,45.079,45.307,45.504,46.073,47.078,47.795,47.378,46.53,45.143,43.923,43.196,43.076,42.669,41.464,39.798,37.17,28.335
33.393,33.321,33.571,33.997,34.476,34.728,35.377,36.461,38.723,41.009,42.168,42.85,41.62,40.546,40.877,41.256,41.606,42.03,42.719,43.46,44.554,45.525,46.357,47.149,47.484,47.823,48.944,50.276,51.241,52.032,52.93,54.209,55.702,57.157,58.469,59.326,60.023,60.294,60.584,59.673,58.597,58.179,57.897,57.68,57.542,55.687,52.217,50.568,51.247,51.973,52.739,53.497,54.192,53.769,52.11,51.756,52.502,54.165,55.636,55.728,55.033,54.596,54.676,54.452,53.362,52.174,52.007,51.627,51.063,50.54,50.093,49.891,49.364,48.681,47.574,46.668,46.666,46.792,46.276,44.912,44.393,44.249,45.249,45.953,46.693,47.343,47.621,47.564,47.456,47.462,47.935,48.935,49.776,49.869,49.707,48.929,47.265,45.905,45.135,45.281,45.289,45.058,43.577,31.017
34.709,34.081,33.765,33.903,34.547,35.124,35.761,36.614,38.597,40.658,41.664,41.845,39.983,38.549,39.319,39.897,39.744,39.867,40.871,41.725,42.059,42.378,42.984,43.575,44.032,44.552,45.484,46.364,47.353,48.425,50.033,51.707,53.11,54.556,55.879,57.159,58.179,58.765,59.205,59.53,59.747,59.382,58.962,58.843,58.37,55.74,52.882,52.202,52.432,53.161,54.208,55.586,56.888,56.003,54.509,53.866,53.508,54.38,56.281,56.241,55.4,54.746,54.581,54.883,55.169,55.279,56.361,56.273,55.45,54.7,53.779,53.046,52.289,51.479,50.558,49.888,50.273,51.441,51.988,50.365,49.136,48.343,49.246,49.801,50.446,50.951,50.732,50.165,49.651,49.409,49.463,49.856,49.96,49.601,49.601,49.63,49.012,48.353,47.023,46.343,46.602,47.317,47.281,34.899
35.656,35.328,34.857,34.387,34.876,35.735,36.369,37.137,38.639,40.275,41.516,41.675,39.691,38.587,39.316,39.653,39.266,39.532,40.646,41.161,41.014,41.258,41.893,42.356,42.534,42.979,43.777,44.509,45.112,45.794,46.913,47.849,48.527,49.32,50.07,50.999,52.033,52.982,54.985,57.358,58.298,58.388,58.935,59.83,59.421,57.644,55.788,53.898,52.851,52.82,53.433,54.814,56.068,56.367,56.721,56.996,56.673,55.994,56.436,56.761,56.073,54.406,53.13,53.69,54.311,55.119,56.634,58.439,59.1,58.939,57.619,56.293,55.405,54.564,54.024,53.437,53.484,55.059,56.499,55.104,53.256,52.424,52.738,53.095,53.622,53.944,53.426,52.741,52.234,51.861,51.317,50.898,50.2,48.902,48.02,47.77,47.604,47.834,47.874,47.439,47.002,47.283,47.652,41.445
35.269,35.999,36.241,35.838,35.897,36.551,36.995,37.621,38.658,39.965,41.489,41.487,39.64,39.161,40.014,40.272,40.05,40.691,41.765,41.853,41.604,41.975,42.528,42.265,41.71,41.993,42.486,42.69,42.606,43.148,43.893,44.41,44.8,45.211,45.495,46.103,47.176,48.912,52.344,55.28,55.882,56.335,57.445,58.585,59.491,60.453,59.456,57.568,56.397,55.007,53.514,53.331,53.593,54.373,55.192,56.117,55.967,55.373,56.587,58.373,57.911,56.083,54.524,54.009,53.818,53.364,53.712,55.43,57.234,58.445,58.995,58.966,58.228,58.095,57.908,56.941,56.083,56.814,57.004,56.002,55.272,54.489,54.095,54.092,54.309,54.294,53.58,52.847,52.318,51.915,51.556,51.186,50.252,48.34,46.459,45.541,45.239,45.659,46.295,46.951,47.131,47.1,47.169,47.185
34.586,35.795,36.817,37.239,37.18,37.417,37.534,37.969,38.808,39.882,41.249,41.005,39.581,39.736,40.673,40.958,41.054,41.907,42.746,42.477,42.235,42.709,42.867,41.672,40.75,41.075,41.332,41.487,41.876,42.73,43.577,44.087,44.387,44.165,43.879,44.51,45.352,46.808,48.486,49.489,50.05,51.221,52.976,56.306,61.984,65.399,65.633,65.753,65.848,63.496,59.678,56.913,55.224,54.587,54.281,54.003,53.192,53.431,55.242,57.392,57.984,57.702,57.062,56.177,55.345,54.146,53.088,53.314,54.498,55.56,56.594,56.765,56.684,57.697,59.772,59.619,58.64,58.372,57.319,56.176,56.671,55.585,54.336,53.587,53.164,52.836,52.053,51.368,50.802,50.308,49.977,49.794,49.409,48.34,46.899,45.599,44.185,44.003,44.151,45.124,46.026,46.584,46.542,47.317
33.025,35.348,36.682,37.571,38.005,38.096,37.945,38.303,39.035,39.779,40.642,40.355,39.68,40.164,40.97,41.269,41.532,42.202,42.51,42.126,42.046,42.342,41.894,40.808,40.583,41.016,41.508,42.248,43.323,44.089,44.45,44.337,43.822,42.979,42.657,43.178,43.52,43.209,42.991,43.717,44.752,46.923,49.863,56.1,61.662,63.107,64.372,66.69,68.495,66.277,63.071,60.042,57.656,57.49,57.168,56.047,54.57,53.621,53.479,54.101,54.936,55.472,55.784,56.153,56.677,56.459,55.682,55.286,55.226,55.336,55.28,54.445,53.489,54.339,55.773,55.927,55.76,56.122,56.275,56.128,57.289,56.818,54.882,53.33,52.091,50.934,50.292,49.81,49.299,48.794,48.443,48.352,48.319,48.335,48.039,47.205,46.154,45.913,45.366,44.316,44.455,45.315,45.479,46.003
31.318,34.076,36.275,37.466,38.114,38.222,38.047,38.428,39.062,39.42,39.787,39.89,39.957,40.519,41.114,41.356,41.543,41.668,41.511,41.191,41.107,41.073,40.748,40.483,40.823,41.292,42.426,43.713,44.271,44.429,44.296,44.223,43.663,43.133,43.116,43.141,42.734,42.107,42.072,42.494,43.511,44.837,47.387,50.576,51.946,52.914,54.969,57.92,59.701,60.204,60.319,59.788,59.376,59.455,59.437,59.243,58.282,56.786,55.801,55.612,54.941,53.471,52.557,53.221,54.596,55.733,56.534,56.913,57.264,57.63,57.325,55.758,54.023,52.78,52.167,51.568,50.948,51.956,53.72,55.758,56.493,56.582,55.06,53.581,52.389,51.19,50.125,49.147,48.602,48.536,48.325,47.79,47.38,47.472,47.81,47.827,47.587,48.626,48.91,47.388,45.009,44.192,44.166,44.48
28.876,32.62,35.164,36.937,38.106,38.114,37.972,38.111,38.437,38.704,38.976,39.343,39.811,40.429,40.856,41.092,40.985,40.68,40.402,40.136,39.88,39.732,39.94,40.252,40.574,41.197,42.35,42.953,43.306,43.701,44.271,44.453,44.286,44.062,43.679,43.519,43.844,43.947,43.344,42.765,42.452,42.232,42.951,44.211,45.523,46.928,49.049,51.473,54.068,56.718,59.192,60.103,59.601,59.046,58.561,58.366,58.052,57.764,59.112,60.498,59.895,57.528,54.884,53.433,53.137,53.706,55.051,56.059,56.479,57.413,58.257,57.564,56.151,53.661,52.055,51.313,50.456,50.344,51.678,54.751,55.624,55.626,54.783,53.77,52.953,52.146,50.777,48.982,48.123,48.633,48.797,47.645,46.566,46.055,45.778,45.604,45.761,47.709,50.681,51.113,47.994,45.699,43.954,42.985
26.257,30.655,33.77,35.612,37.113,37.648,37.59,37.513,37.62,37.873,38.17,38.544,38.927,39.356,39.471,39.499,39.377,39.142,38.91,38.629,38.294,38.323,38.525,38.823,39.157,40.105,40.948,41.645,42.415,43.062,43.103,42.603,42.292,42.319,42.704,43.499,44.395,44.58,44.518,44.169,43.642,43.816,44.708,45.082,44.731,45.257,46.432,48.406,50.836,53.643,56.264,57.22,57.719,57.921,57.771,57.243,56.3,55.898,57.349,60.014,61.842,62.055,60.787,58.562,56.771,55.454,55.08,54.732,53.532,53.302,54.221,55.032,54.899,53.446,52.216,52.268,51.978,51.345,51.365,52.502,53.126,53.207,53.103,52.833,52.5,52.162,51.09,49.378,48.233,48.209,48.135,47.183,46.157,45.415,44.485,43.671,42.907,44.1,46.58,48.921,49.106,47.446,45.506,43.661
24.378,28.441,32.12,34.129,35.361,36.122,36.291,36.247,36.541,36.859,37.263,37.654,37.824,37.93,37.577,37.348,37.489,37.443,37.222,36.933,36.658,36.598,36.655,37.17,37.902,38.711,39.438,39.983,40.138,39.947,39.331,38.852,39.46,40.879,42.156,43.208,44.28,45.338,46.128,46.099,46.084,46.445,46.62,45.368,44.313,44.385,44.76,45.854,47.614,50.107,52.273,54.033,55.973,57.949,59.999,61.305,59.97,56.819,54.267,55.032,57.491,59.855,61.134,61.625,60.341,58.681,57.24,55.643,53.517,51.753,51.246,51.725,52.202,52.339,52.04,52.065,52.016,51.644,51.22,50.773,50.507,50.173,50.656,51.26,51.521,51.626,51.087,49.947,48.764,47.572,46.624,46.38,46.177,46.207,45.944,45.06,43.83,42.894,42.759,44.116,46.133,46.726,46.32,44.957
22.881,26.652,30.539,32.689,33.593,34.344,34.351,34.347,34.576,35.056,35.744,36.261,36.432,36.256,35.564,35.462,35.848,35.837,35.606,35.346,35.08,34.764,35.067,35.624,36.424,36.86,36.995,36.852,36.42,36.009,35.811,36.413,38.2,39.636,40.328,40.862,41.368,41.829,42.458,43.431,44.786,46.457,46.996,46.764,46.136,45.249,43.949,42.909,43.493,44.548,45.943,47.542,49.966,53.045,57.126,61.889,64.056,62.46,59.224,56.701,55.522,56.02,57.155,58.358,58.559,58.251,57.855,57.139,55.974,54.544,53.603,52.81,52.286,52.215,51.856,51.436,51.147,50.91,51.086,51.387,51.235,50.74,50.446,50.432,50.547,50.705,50.525,50.025,49.427,48.617,47.721,47.111,46.734,47.033,47.372,47.183,46.594,45.991,45.213,44.45,44.578,45.542,45.725,45.245
21.304,25.701,29.28,31.028,31.945,32.424,32.337,32.171,32.146,32.733,33.648,34.232,34.505,34.305,33.747,33.992,34.413,34.314,34.11,33.918,33.648,33.424,33.58,33.883,34.412,34.326,33.975,33.549,33.56,33.808,34.276,35.597,36.582,36.941,37.157,37.427,37.681,38.379,40.091,41.935,43.907,45.605,46.064,46.282,45.916,45.066,43.203,41.846,41.676,42.251,43.618,45.091,46.422,48.171,51.034,55.557,59.883,62.736,63.865,62.667,60.469,58.364,56.696,55.602,55.178,55.144,55.545,56.01,56.181,56.142,55.947,55.088,53.851,52.86,52.307,51.725,51.086,50.529,50.959,52.189,53.02,53.373,52.144,50.397,49.647,49.489,49.536,49.759,50.258,51.182,51.444,49.808,48.243,47.704,47.538,48.005,48.28,48.426,48.415,47.629,46.568,46.034,45.494,45.27
19.576,25.068,27.863,29.367,30.207,30.503,30.482,30.006,29.704,30.458,31.463,32.067,32.409,32.444,32.347,32.757,33.008,32.832,32.69,32.586,32.449,32.202,31.547,32.067,32.228,32.136,32.141,32.333,32.667,32.996,33.547,33.981,34.196,34.538,34.983,35.403,36.159,37.706,39.357,40.914,42.402,43.057,43.454,44.318,45.234,45.63,45.677,45.694,45.777,45.77,45.712,45.423,45.028,45.182,46.63,50.365,55.469,59.038,61.568,63.511,64.464,64.169,62.343,59.242,56.726,55.124,54.404,54.653,54.949,55.539,55.969,55.705,54.749,53.697,53.102,52.553,51.579,50.733,50.654,51.375,52.35,53.335,52.498,50.27,49.334,49.292,49.607,50.156,51.073,52.559,53.27,51.457,49.388,48.304,47.558,48.342,49.17,49.15,49.169,48.755,47.989,46.892,45.738,45.187
18.21,24.76,26.922,27.648,28.346,28.835,28.913,28.485,28.173,28.723,29.479,30.037,30.439,30.8,31.1,31.503,31.563,31.362,31.347,31.338,31.303,30.489,30.249,30.965,31.083,31.236,31.405,31.58,31.827,32.057,32.303,32.594,33.201,33.762,34.244,34.687,35.781,37.125,38.29,39.301,40.111,40.47,41.006,41.792,42.826,43.898,44.845,45.651,46.282,46.624,47.013,47.133,46.746,45.723,44.485,44.551,48.488,52.977,57.361,59.401,60.601,62.986,64.796,63.684,61.628,59.545,58.176,57.095,56.391,56.105,56.229,56.003,55.491,55.07,54.978,54.637,53.625,52.342,51.235,50.744,50.723,51.338,51.157,49.992,50.011,50.754,51.191,51.401,51.583,51.81,51.705,50.572,49.44,49.031,48.64,49.35,50.141,49.633,49.233,48.632,47.888,47.188,45.945,45.255
17.113,23.853,25.617,26.01,26.731,27.363,27.629,27.51,27.405,27.714,28.045,28.335,28.692,29.269,29.724,30.133,30.164,30.032,29.998,30.007,29.82,29.128,29.725,30.212,30.257,30.23,30.178,30.395,30.728,31.18,31.717,32.273,32.743,33.107,33.392,33.921,34.857,35.602,36.297,36.993,37.432,37.933,38.316,38.675,39.514,40.7,42.202,43.879,45.419,46.985,47.778,48.064,47.833,47.365,46.52,45.396,44.552,45.208,47.843,50.948,53.256,55.787,58.987,61.217,61.917,62.281,61.724,61.064,59.905,58.918,58.162,57.3,56.574,56.435,56.834,57.013,56.68,55.892,55.131,54.213,52.869,51.892,51.043,50.46,51.249,52.435,52.776,52.662,51.991,50.875,50.107,49.638,49.412,49.882,50.192,50.735,51.101,49.705,48.595,48.232,47.647,47.515,46.91,46.099
15.681,22.581,23.752,24.265,25.13,25.842,26.365,26.623,26.718,26.821,26.901,26.99,27.259,27.697,28.126,28.583,28.664,28.628,28.49,28.471,28.316,28.359,29.071,29.29,28.869,28.52,28.634,29.194,29.948,30.723,31.191,31.465,31.677,31.825,32.099,32.633,33.041,33.558,34.152,34.784,35.381,35.875,36.178,36.781,37.947,39.311,41.025,42.721,44.365,45.901,46.676,47.244,47.068,46.958,46.729,46.381,45.737,45.047,44.541,44.72,46.707,49.672,52.812,55.297,56.867,58.019,59.049,59.95,60.352,60.495,59.718,58.841,57.688,57.395,57.629,57.998,58.264,58.355,58.542,58.347,57.219,55.405,54.06,53.403,53.74,54.152,54.188,53.994,52.668,50.629,49.389,48.963,49.02,49.81,50.609,51.418,51.554,49.453,47.579,47.602,47.581,48.194,48.295,47.026
13.976,20.615,21.556,22.189,23.08,23.895,24.638,25.228,25.518,25.569,25.514,25.486,25.617,25.698,26.183,26.714,26.918,27,26.844,26.862,27.048,27.477,28.086,27.83,27.051,26.715,27.566,28.499,29.173,29.483,29.655,29.817,30.001,30.313,30.682,31.103,31.601,32.344,33.022,33.546,34.025,34.479,35.071,36.171,37.45,38.781,40.089,41.489,42.995,44.368,45.335,46.156,46.143,46.165,46.067,45.895,45.879,45.635,45.363,44.879,44.086,44.221,46.951,49.323,51.207,52.466,53.426,54.36,55.407,56.235,56.799,56.956,56.811,57.332,57.625,58.145,58.738,59.019,58.836,58.783,58.136,57.038,56.626,56.15,55.836,55.548,55.393,55.095,53.178,50.522,48.94,48.315,48.278,48.922,49.562,50.173,50.37,48.856,47.215,47.281,47.846,49.215,49.697,48.122
11.115,0,0,0,20.787,21.763,22.375,23.052,23.447,23.588,23.684,23.625,23.78,24.026,24.511,24.922,25.161,25.361,25.45,25.562,25.703,26.137,26.64,26.008,25.419,25.896,27.009,27.352,27.319,27.511,27.801,28.169,28.674,29.3,29.922,30.595,31.223,31.636,31.929,32.218,32.642,33.292,34.219,35.416,36.455,37.478,38.572,39.885,41.197,42.263,43.076,43.688,43.868,44.217,44.466,44.841,45.289,45.622,45.671,45.627,45.276,44.407,43.137,43.519,45.449,47.269,48.43,49.294,50.088,50.897,51.6,52.188,52.66,53.435,54.366,55.406,56.545,57.768,57.787,57.385,56.395,55.059,55.274,55.687,55.898,55.889,55.426,54.865,53.172,50.973,49.739,49.093,48.662,48.593,48.682,48.874,48.926,48.402,47.688,47.664,48.186,49.932,51.15,50.283
0,0,0,0,16.961,18.585,20.268,20.93,20.928,20.815,20.872,20.894,21.25,21.81,22.501,23.202,23.833,24.17,24.185,24.071,23.875,24.327,24.457,24.14,24.194,24.826,25.072,24.701,24.881,25.543,26.307,26.96,27.67,28.458,29.196,29.768,29.936,30.015,30.323,30.785,31.421,32.142,32.818,33.505,34.445,35.426,36.473,37.566,38.577,39.149,39.654,40.181,40.553,40.985,41.466,42.115,43.183,44.533,45.466,45.827,45.837,45.79,45.227,44.029,42.975,43.12,44.172,45.133,45.998,46.657,47.237,47.798,48.292,48.982,49.689,50.079,50.605,51.449,52.202,52.687,52.459,51.838,52.944,54.273,55.206,55.569,54.809,54.031,53.158,52.076,51.624,51.365,50.626,49.803,49.396,49.206,48.826,48.382,48.162,48.064,48.33,49.522,50.808,51.618
0,0,0,0,0,0,16.79,0,0,0,0,0,0,0,0,0,20.655,21.22,21.884,22.301,22.636,22.261,21.727,21.333,21.565,22.005,21.43,21.202,21.616,22.588,23.503,24.084,24.81,25.626,26.49,27.059,27.378,27.897,28.541,28.956,29.693,30.347,30.832,31.599,32.539,33.433,34.279,35.104,35.688,36.018,36.326,36.87,37.273,37.808,38.393,39.075,40.115,41.621,43.328,44.823,45.836,46.038,46.12,46.035,45.242,44.308,43.48,42.854,42.596,43.099,43.569,44.116,44.631,45.162,45.605,45.505,44.957,44.995,45.711,46.336,46.898,47.247,48.433,49.965,51.589,52.538,52.245,51.854,51.918,51.987,52.614,53.06,52.151,50.928,50.411,50.25,49.487,48.483,48.256,48.322,48.582,49.042,49.625,50.456
8.6747,0,0,0,0,0,0,0,0,0,0,0,0,0,0,0,0,0,0,0,0,0,0,0,0,0,0,0,0,0,0,0,0,24.895,25.965,25.551,24.775,24.171,23.471,24.617,26.761,28.052,29.239,29.887,30.535,31.415,32.192,32.886,33.493,34.01,34.451,34.878,35.279,35.671,36.043,36.632,37.346,38.643,40.189,41.753,43.508,45.133,45.961,46.191,46.073,45.778,45.169,44.265,43.332,42.47,41.791,41.367,41.379,41.723,42.166,42.518,42.424,42.234,42.299,42.592,43.169,43.655,44.332,45.512,46.966,48.03,48.314,48.473,48.843,49.368,50.685,51.854,51.686,51.215,51.011,50.919,49.772,48.376,48.329,48.579,49.144,49.703,49.377,49.342
9.8348,0,0,0,0,0,0,0,0,0,0,0,0,0,0,0,0,0,0,0,0,0,0,0,0,0,0,0,0,0,0,0,0,0,0,24.276,22.05,20.296,20.556,22.618,23.839,25.609,27.566,29.14,29.823,30.259,30.729,31.232,31.77,32.376,32.92,33.391,33.858,34.349,34.803,35.248,35.736,36.432,37.559,38.744,40.017,41.631,43.396,44.962,45.78,45.828,45.519,45.049,44.539,43.916,43.215,42.393,41.575,40.831,40.456,40.533,40.801,40.998,41.073,41.334,41.881,42.393,42.818,43.36,44.263,44.905,45.093,45.409,45.782,46.583,48.417,50.069,50.851,51.357,51.35,51.279,49.663,47.975,48.387,48.957,49.557,50.28,49.705,49.196
0,0,0,0,-0,-0,0,0,0,0,0,0,0,0,0,0,0,0,0,0,0,0,0,0,0,0,0,0,0,0,0,0,0,0,0,0,0,0,22.237,22.67,24.383,26.549,28.442,30.328,31.389,31.5,31.066,30.643,30.731,31.16,31.647,32.104,32.545,33.022,33.53,34.009,34.541,35.211,36.004,36.72,37.343,38.196,39.434,40.993,42.762,44.312,45.128,44.543,43.86,43.591,43.625,43.417,42.99,42.266,41.597,41.203,41.012,40.91,40.777,40.786,41.086,41.61,42.091,42.689,43.408,43.882,44.055,44.097,44.097,44.818,46.559,48.177,49.35,50.266,50.562,50.677,49.274,47.762,48.541,49.363,49.458,49.898,49.85,49.349
0,0,0,0,-0,-0,-0,0,0,0,0,0,0,0,0,0,0,0,0,0,0,0,0,0,0,0,0,0,0,0,0,0,0,0,0,0,0,0,0,0,0,28.145,29.638,31.507,33.445,34.727,35.217,34.48,33.301,31.961,31.367,31.091,31.484,31.922,32.502,33.052,33.51,34.039,34.716,35.487,35.968,36.255,36.604,37.154,38.496,40.101,41.715,42.622,42.503,42.242,42.226,42.222,42.329,42.343,42.195,42.006,41.748,41.692,41.694,41.578,41.508,41.505,41.577,41.997,42.653,43.16,43.462,43.514,43.355,43.77,44.826,45.863,46.773,47.513,48.044,48.48,48.255,48.025,49.237,50.1,49.382,49.325,50.165,50.061
-0,-0,-0,-0,-0,-0,-0,0,0,0,0,0,0,0,0,0,0,0,0,0,0,0,0,0,0,0,0,0,0,0,0,0,0,0,0,0,0,0,0,0,0,0,28.705,29.885,31.572,33.711,36.331,37.366,37.398,36.282,34.976,33.785,32.831,32.136,31.998,32.282,32.844,33.373,33.838,34.358,34.808,35.209,35.472,35.612,35.702,36.384,37.539,38.709,39.443,39.87,40.342,40.567,40.972,41.279,41.516,41.735,41.85,42.166,42.514,42.537,42.227,41.812,41.309,41.3,41.735,42.153,42.494,42.558,42.373,42.569,43.014,43.544,44.137,44.714,45.402,46.257,47.311,48.46,50.363,51.301,49.969,49.208,50.022,50.328
-0,-0,-0,-0,-0,-0,-0,-0,0,0,0,0,0,0,0,0,0,0,0,0,0,0,0,0,0,0,0,0,0,0,0,0,0,0,0,0,0,0,0,0,0,0,0,0,27.874,29.051,31.011,33.267,35.394,37.401,37.829,37.605,36.557,35.68,34.814,34.042,33.344,33.164,33.372,33.848,34.141,34.324,34.533,34.829,35.021,35.147,35.256,35.752,36.337,37.111,37.803,38.364,38.976,39.615,40.257,41.001,41.609,42.327,43.065,43.418,43.289,42.654,41.544,40.813,40.874,40.972,41.083,41.072,40.904,41.294,41.907,42.346,42.717,43.039,43.356,44.105,45.552,47.274,49.532,51.036,50.235,49.09,48.751,49.296
-0,-0,-0,-0,-0,-0,-0,0,0,0,0,0,0,0,0,0,0,20.82,21.966,22.808,23.191,23.502,23.68,23.674,23.685,23.683,23.826,24.364,24.936,25.215,25.155,25.193,25.312,0,0,0,0,0,0,0,0,0,0,0,0,26.187,26.946,28.486,30.29,32.162,34.003,35.594,36.962,37.442,37.655,37.297,36.532,35.682,34.788,34.049,33.887,34.066,34.113,34.141,34.348,34.503,34.63,34.769,34.986,35.271,35.775,36.306,36.964,37.629,38.315,39.191,40.152,41.497,42.872,43.997,44.364,44.084,42.816,41.755,41.169,40.741,40.414,39.946,39.559,40.164,41.129,41.597,41.812,41.751,41.478,41.873,43.069,44.503,46.374,48.015,48.577,48.544,47.932,48.486
-0,-0,-0,-0,-0,-0,0,0,0,0,0,0,0,0,21.51,22.307,22.801,23.504,24.245,24.861,25.353,25.749,25.989,26.019,25.937,26.11,26.382,26.459,26.433,26.354,26.466,26.581,26.644,26.81,26.959,0,0,0,0,0,0,0,0,0,0,0,0,26.021,26.822,27.846,29.198,30.694,32.011,33.215,34.356,35.563,37.018,37.463,37.595,36.694,35.163,34.067,33.93,33.705,33.645,33.684,33.847,34.026,34.157,34.345,34.614,34.944,35.481,36.054,36.703,37.44,38.324,39.594,41.135,42.585,43.809,44.416,43.774,42.914,42.196,41.747,41.417,40.905,40.312,40.525,41.207,41.417,41.409,41.068,40.547,40.83,41.75,42.778,43.974,45.319,46.829,47.966,48.498,49.313
-0,-0,-0,-0,-0,-0,0,0,0,0,0,20.59,22.076,23.338,24.392,25.086,25.617,26.265,27.012,27.597,28.081,28.542,28.938,29.289,29.257,29.028,28.546,28.165,27.926,27.813,27.894,28.052,28.039,27.839,27.629,27.39,27.326,0,0,0,0,0,0,0,0,0,0,0,0,26.812,26.993,27.36,28.016,28.684,29.754,30.842,32.095,33.447,34.621,36.25,36.442,34.705,33.701,33.198,32.858,32.687,32.702,32.999,33.261,33.463,33.613,33.823,34.348,34.984,35.672,36.464,37.161,38.202,39.451,40.839,42.127,43.063,43.047,42.831,42.587,42.416,42.448,42.193,41.754,41.73,41.959,41.845,41.609,41.288,40.948,41.295,41.978,42.69,43.453,44.429,45.706,47.227,48.843,50.712
-0,-0,-0,-0,-0,-0,0,0,0,0,21.253,24.079,25.749,27.013,28.241,28.839,29.366,30.046,30.587,30.971,31.374,31.851,32.296,32.467,31.373,30.412,30.017,29.669,29.368,29.336,29.29,29.251,28.892,28.606,28.462,28.31,28.263,28.313,28.243,28.026,27.847,0,0,0,0,0,0,0,0,0,0,0,27.221,27.177,27.118,27.564,27.975,29.093,29.977,31.183,32.775,33.768,33.272,32.629,32.192,31.809,31.556,31.906,32.285,32.692,33.05,33.164,33.552,34.055,34.819,35.8,36.709,37.667,38.731,39.835,40.983,41.897,42.082,42.165,42.18,42.328,42.621,42.427,42.042,42.058,42.194,42.099,41.904,41.619,41.359,41.658,42.123,42.623,43.13,43.828,44.742,46.328,48.496,51.467
-0,-0,-0,-0,0,0,0,0,0,21.142,24.435,27.505,29.95,31.533,32.526,32.66,33.032,33.537,33.758,33.931,34.29,34.648,34.804,34.592,33.489,32.683,32.21,31.781,31.43,31.091,30.574,30.238,29.732,29.333,29.238,29.155,29.105,29.139,29.09,28.838,28.604,28.521,28.537,28.529,28.34,0,0,0,0,0,0,0,0,0,0,0,26.914,26.992,27.318,27.72,29.213,30.699,31.736,31.905,31.689,31.453,31.188,31.28,31.539,32.023,32.705,33.151,33.451,33.772,34.302,35.297,36.3,37.296,38.315,39.428,40.623,41.596,41.887,41.978,42.058,42.256,42.642,42.299,41.625,41.637,41.87,42.211,42.434,42.064,41.678,41.706,41.836,42.247,42.705,43.329,44.07,45.824,48.368,51.88
-0,-0,-0,-0,0,0,0,0,20.55,24.515,28.587,31.94,34.4,36.081,36.569,36.246,36.293,36.374,36.036,35.905,36.387,36.778,36.757,36.487,35.912,35.252,34.555,33.934,33.438,32.816,32.08,31.777,31.367,30.82,30.454,30.258,30.087,29.948,29.772,29.519,29.266,29.116,29.099,29.079,28.907,28.593,28.253,28.005,27.823,0,0,0,0,0,0,0,0,0,27.526,0,0,28.605,30.068,30.916,31.16,31.167,31.154,31.495,31.719,31.994,32.579,33.176,33.497,33.741,34.213,35.091,36.042,37.032,38.026,39.106,40.37,41.505,42.076,42.414,42.519,42.685,42.961,42.495,41.677,41.652,41.868,42.327,42.679,42.314,41.895,41.645,41.481,41.849,42.276,42.879,43.579,45.805,48.594,51.821
-0,-0,0,0,0,0,0,0,24.045,27.689,32.451,35.502,37.926,39.688,39.685,39.329,39.161,38.91,38.488,38.328,38.673,38.963,39.048,38.871,38.505,37.867,37.171,36.43,35.631,34.839,34.159,33.761,33.376,32.713,31.955,31.511,31.184,30.843,30.493,30.184,29.922,29.716,29.658,29.624,29.478,29.157,28.802,28.526,28.331,28.149,28.012,28.017,28.073,28.188,28.514,28.856,28.939,0,0,0,28.826,28.871,29.334,30.156,30.643,30.833,31.095,31.707,32.178,32.478,32.867,33.347,33.625,33.791,34.161,34.966,35.853,36.889,37.948,39.04,40.272,41.434,42.182,42.763,43.001,43.19,43.385,42.944,42.32,42.262,42.264,42.204,42.198,42.077,41.903,41.718,41.594,41.755,41.97,42.521,43.245,45.87,48.758,51.289
-0,-0,0,0,0,0,19.142,22.518,26.509,30.911,35.239,37.383,38.966,40.092,40.288,40.583,40.946,41.083,41.113,41.052,41.045,41.505,42.141,41.917,41.361,40.667,40.1,39.207,38.08,37.173,36.479,35.954,35.509,34.691,33.58,32.84,32.377,31.901,31.424,31.028,30.761,30.533,30.429,30.384,30.278,29.912,29.48,29.113,28.88,28.697,28.532,28.474,28.461,28.513,28.862,29.366,29.826,30.009,30.153,30.111,30.063,30.012,30.044,30.167,30.298,30.534,30.937,31.654,32.406,32.851,33.198,33.578,33.9,34.104,34.47,35.101,35.834,36.802,37.933,39.072,40.304,41.391,42.125,42.737,43.149,43.474,43.681,43.313,42.886,42.755,42.496,41.888,41.645,41.835,41.904,41.857,41.805,41.734,41.747,42.266,43.134,45.813,49.375,51.627
-0,-0,0,0,0,0,20.216,24.206,28.915,33.285,36.861,38.212,38.863,39.384,39.829,40.499,41.053,40.827,40.862,41.322,41.731,42.545,43.487,43.475,43.238,42.82,42.326,41.186,39.857,38.985,38.45,38.01,37.602,36.791,35.509,34.489,33.845,33.271,32.767,32.322,32.006,31.735,31.574,31.498,31.393,31.051,30.523,30.032,29.684,29.393,29.154,28.99,28.847,28.833,29.135,29.599,30.104,30.516,30.898,31.085,31.094,31.073,30.939,30.919,30.761,30.602,30.818,31.51,32.226,32.835,33.333,33.773,34.198,34.51,35.026,35.706,36.375,37.213,38.244,39.331,40.444,41.392,42.031,42.573,43.046,43.45,43.742,43.436,43.033,42.617,42.159,41.593,41.372,41.481,41.6,41.695,41.708,41.597,41.66,42.229,43.298,45.891,50.421,52.831
-0,-0,0,0,0,0,21.565,26.022,30.434,35.583,38.398,38.921,39.01,39.463,39.669,39.848,39.633,39.504,40.045,40.829,41.5,41.922,42.322,42.527,42.572,42.177,41.691,41.111,40.479,40.187,40.12,39.972,39.68,38.965,37.585,36.334,35.494,34.774,34.261,33.792,33.412,33.094,32.847,32.724,32.61,32.291,31.732,31.188,30.762,30.386,30.042,29.818,29.577,29.384,29.502,29.802,30.264,30.705,31.124,31.387,31.564,31.738,31.695,31.645,31.588,31.447,31.429,31.65,32.073,32.728,33.292,33.871,34.475,34.939,35.616,36.401,37.17,38.034,39.008,40.064,41.169,41.887,42.4,42.749,43.112,43.503,43.764,43.529,43.009,42.229,41.726,41.389,41.117,40.948,41.074,41.258,41.4,41.49,41.844,42.511,43.908,46.439,50.878,53.261
-0,-0,0,0,0,0,23.588,28.496,33.407,37.457,38.292,38.907,39.355,39.14,38.993,39.181,39.29,39.212,39.398,39.906,40.746,41.49,41.912,42.097,42.087,41.524,40.966,40.817,40.756,40.942,41.246,41.409,41.311,40.82,39.494,38.147,37.169,36.322,35.764,35.294,34.857,34.474,34.138,33.939,33.801,33.486,32.911,32.315,31.818,31.393,31.006,30.813,30.64,30.429,30.366,30.42,30.655,30.948,31.319,31.57,31.767,32.014,32.186,32.283,32.397,32.403,32.463,32.561,32.67,32.903,33.303,33.99,34.766,35.424,36.285,37.202,38.061,38.909,39.876,41.013,42.221,43.084,43.728,43.723,43.717,43.904,43.935,43.607,42.973,42.122,41.487,41.028,40.731,40.522,40.751,41.007,41.334,41.619,42.239,42.994,44.731,47.29,51.096,52.613
-0,0,0,0,0,20.714,25.803,30.72,34.92,37.692,38.188,38.891,38.633,38.856,39.594,40.352,40.434,40.231,40.221,40.281,40.586,41.242,41.714,41.979,41.876,41.062,40.296,40.005,39.845,39.861,40.036,40.318,40.642,40.76,40.073,39.235,38.656,38.103,37.616,37.167,36.679,36.186,35.73,35.424,35.251,34.948,34.35,33.642,33.004,32.453,31.956,31.772,31.686,31.547,31.483,31.511,31.6,31.71,31.834,31.893,31.954,32.279,32.565,32.787,33.063,33.274,33.452,33.587,33.674,33.737,33.866,34.366,35.159,35.976,37.038,38.138,39.16,40.129,41.047,42.073,43.279,44.351,45.176,44.729,44.39,44.349,44.109,43.635,43.058,42.394,41.254,40.32,40.355,40.51,40.818,41.17,41.699,42.228,43.033,44.058,46.298,49.11,51.912,51.945
-0,0,0,0,0,22.088,26.835,31.479,35.542,37.367,38.086,38.254,38.025,38.743,39.765,41.254,42.019,41.735,41.356,40.86,40.508,40.435,40.595,40.823,40.839,40.414,39.811,39.352,38.982,38.744,38.623,38.69,39.105,39.537,39.59,39.405,39.547,39.733,39.642,39.303,38.856,38.269,37.678,37.293,37.107,36.856,36.203,35.369,34.562,33.822,33.148,32.845,32.758,32.646,32.586,32.6,32.687,32.85,32.945,32.808,32.624,32.784,32.941,33.273,33.638,33.95,34.245,34.508,34.634,34.622,34.661,35.205,35.944,36.769,37.941,39.17,40.401,41.604,42.547,43.105,43.895,44.801,45.385,44.952,44.621,44.501,44.096,43.539,43.038,42.369,40.868,39.86,40.204,40.601,40.965,41.461,42.219,42.983,43.929,45.329,48.09,50.873,52.717,51.094
-0,-0,0,0,0,22.098,26.841,31.76,35.428,37.316,37.478,37.433,37.755,38.254,38.848,39.738,41.132,42.136,42.48,42.265,41.779,41.093,40.427,39.93,39.769,39.767,39.585,39.09,38.588,38.403,38.355,38.314,38.542,38.869,39.144,39.383,39.945,40.805,41.409,41.429,41.129,40.498,39.753,39.22,39.06,38.873,38.197,37.272,36.357,35.453,34.606,34.138,33.943,33.783,33.727,33.709,33.756,34.012,34.196,34.109,33.984,33.919,33.849,33.986,34.222,34.589,34.93,35.238,35.494,35.555,35.561,36.088,36.907,37.871,39.178,40.509,41.774,43.16,43.88,43.936,44.225,44.759,44.904,44.519,44.33,44.231,43.766,43.172,42.525,41.792,40.765,40.256,40.575,40.976,41.436,42.137,43.024,44.038,45.233,47.254,50.295,51.82,52.212,50.172
-0,-0,0,0,0,21.652,27.393,31.912,35.093,36.79,37.045,37.131,37.243,37.422,37.859,38.499,39.815,41.29,42.275,42.883,43.183,42.694,41.952,41.213,40.637,40.234,39.913,39.387,38.735,38.378,38.481,38.578,38.733,38.94,39.203,39.499,39.88,40.601,41.463,42.017,42.353,42.31,41.769,41.329,41.235,41.158,40.527,39.547,38.405,37.224,36.139,35.492,35.178,34.949,34.958,34.951,35.002,35.268,35.482,35.46,35.418,35.34,35.227,35.281,35.441,35.556,35.693,35.949,36.348,36.655,36.834,37.322,38.044,39.085,40.579,42.014,43.163,44.391,44.741,44.581,44.542,44.646,44.548,44.28,44.143,43.986,43.455,42.778,41.945,41.327,40.949,40.861,41.008,41.474,42.058,42.993,44.002,45.402,46.985,49.578,52.339,51.515,50.756,50.536
-0,-0,0,0,0,22.331,27.192,31.372,34.724,36.168,36.868,36.755,36.63,36.599,36.969,37.652,38.94,40.395,41.579,42.618,43.328,43.111,42.704,42.21,41.678,41.099,40.588,40.278,39.9,39.437,39.134,39.004,39.01,39.087,39.274,39.601,39.909,40.147,40.56,41.209,41.854,42.404,42.695,42.724,42.705,42.726,42.259,41.345,40.313,39.104,37.887,37.026,36.521,36.163,36.263,36.382,36.531,36.791,36.976,36.891,36.859,36.775,36.649,36.801,37.18,37.339,37.27,37.128,37.428,37.838,38.298,38.913,39.604,40.551,41.959,43.408,44.43,45.377,45.409,45.201,44.926,44.735,44.717,44.635,44.326,43.964,43.473,42.933,42.37,41.982,41.722,41.861,42.063,42.657,43.253,44.262,45.334,47.023,48.977,51.704,53.353,50.471,50.184,51.448
-0,-0,-0,0,0,21.811,26.436,30.621,33.722,35.587,36.373,36.366,36.403,36.456,36.655,37.126,38.116,39.473,40.536,41.42,42.481,42.909,42.924,42.673,42.408,42.055,41.583,41.29,41.056,40.729,40.184,39.708,39.453,39.366,39.388,39.624,39.943,40.074,40.064,40.33,41.033,41.822,42.734,43.443,43.604,43.548,43.271,42.53,41.688,40.839,39.834,38.935,38.244,37.679,37.737,37.94,38.21,38.538,38.748,38.553,38.435,38.335,38.186,38.422,39.063,39.419,39.402,39.3,39.273,39.454,39.846,40.491,41.25,41.989,43.044,44.009,44.688,45.375,45.487,45.422,45.018,44.758,44.985,45.003,44.493,44.017,43.63,43.415,43.288,42.996,42.706,43.228,43.816,44.675,45.494,46.462,47.528,49.024,50.596,51.989,51.901,50.352,51.343,52.525
-0,-0,-0,0,0,21.053,25.06,29.302,32.565,34.905,35.859,36.076,36.416,36.751,36.864,37.013,37.517,38.434,39.395,40.117,40.856,41.579,42.073,42.367,42.706,42.873,42.731,42.542,42.363,42.12,41.605,40.896,40.219,39.847,39.627,39.688,39.931,40.153,40.204,40.227,40.513,41.058,42.053,43.379,44.078,44.122,44.05,43.562,42.912,42.422,41.852,41.164,40.505,39.82,39.702,39.805,40.028,40.363,40.641,40.369,40.128,39.966,39.8,40.086,40.922,41.514,41.614,41.646,41.427,41.328,41.38,41.681,42.331,43.072,43.887,44.207,44.292,44.499,44.625,44.679,44.596,44.552,44.689,44.741,44.572,44.277,43.956,43.944,44.044,44.001,44.016,44.791,45.647,46.667,47.678,48.737,49.802,50.997,51.477,50.976,50.753,51.162,52.556,52.945
-0,-0,-0,0,0,20.302,23.606,27.552,31.056,33.755,35.044,35.811,36.46,36.994,36.985,36.93,37.006,37.337,37.998,38.736,39.431,40.172,40.885,41.435,42.229,43.008,43.496,43.723,43.737,43.544,43.134,42.481,41.74,41.035,40.468,40.146,40.13,40.262,40.379,40.452,40.456,40.566,40.955,41.756,42.745,43.36,43.704,43.684,43.54,43.529,43.58,43.454,42.95,42.317,42.068,42.04,42.063,42.201,42.423,42.187,41.882,41.685,41.519,41.791,42.619,43.166,43.226,43.318,43.192,42.988,42.81,42.579,42.802,43.459,44.218,44.32,44.066,43.93,43.989,44.128,44.269,44.229,44.102,44.431,44.819,44.67,44.393,44.373,44.569,45.185,45.797,46.598,47.366,48.117,49.201,50.613,51.634,52.434,51.878,50.772,50.827,51.209,51.813,51.547
-0,-0,-0,0,0,0,22.199,25.805,29.459,32.502,34.321,35.643,36.483,37.027,36.942,36.816,36.682,36.623,36.817,37.459,38.143,38.858,39.574,40.253,41.213,42.473,43.676,44.582,45.108,45.252,45.004,44.182,43.397,42.697,41.897,41.234,40.973,40.88,40.839,40.85,40.744,40.422,40.268,40.297,40.687,41.604,42.424,42.792,42.916,43.242,43.766,44.19,44.457,44.322,44.344,44.467,44.271,44.068,44.012,43.746,43.47,43.154,42.928,43.315,44.209,44.738,44.49,44.288,43.809,43.492,43.314,43.125,43.096,43.732,44.405,44.552,44.454,44.309,44.193,44.174,44.226,44.394,44.525,44.963,45.381,45.252,45.076,45.05,45.514,46.687,47.652,48.438,48.972,49.315,50.629,52.471,53.114,53.349,52.437,51.463,50.99,50.591,50.282,50.381
-0,-0,-0,-0,0,0,20.475,24.106,27.829,31.053,33.56,35.265,36.331,36.918,36.818,36.686,36.601,36.496,36.459,36.651,37.057,37.649,38.305,38.958,39.666,40.558,41.662,43.115,44.928,46.459,47.095,46.322,45.166,44.277,43.471,42.626,42.042,41.797,41.637,41.511,41.364,40.852,40.33,40.106,39.903,40.222,41.177,41.742,42.007,42.363,42.855,43.365,43.747,44.135,44.724,45.371,45.816,45.61,45.463,45.269,44.963,44.399,43.818,43.927,44.764,45.36,45.349,45.032,44.199,43.401,43.129,43.027,43.119,43.718,44.34,44.609,44.692,44.641,44.497,44.318,44.318,45.035,45.622,45.918,46.126,46.149,46.292,46.613,47.385,48.591,49.565,50.392,51.128,51.701,52.803,54.18,54.431,54.311,53.214,52.071,50.963,50.409,50.543,51.517
-0,-0,-0,-0,0,0,0,22.403,26.01,29.521,32.6,34.398,35.616,36.295,36.527,36.549,36.501,36.447,36.215,36.058,36.107,36.541,37.073,37.645,38.168,38.671,39.294,40.213,42.154,44.464,46.678,47.65,47.024,45.857,44.945,44.224,43.472,42.989,42.639,42.357,42.124,41.517,40.758,40.648,40.833,40.886,41.129,41.417,41.598,41.757,42.017,42.37,42.622,42.957,43.627,44.456,45.138,45.531,45.714,45.661,45.664,45.14,44.385,44.298,44.747,45.147,45.229,45.097,44.347,43.405,43.016,42.931,43.021,43.453,43.801,43.89,44.276,44.882,45.228,45.35,45.643,46.386,46.971,47.154,47.155,47.146,47.569,48.243,49.348,50.597,51.561,52.475,53.891,55.138,55.24,55.436,55.839,55.711,54.154,52.527,50.822,50.844,51.746,53.252
-0,-0,-0,-0,-0,0,0,20.892,24.589,28.205,31.448,33.378,34.818,35.674,36.281,36.393,36.311,36.227,35.894,35.53,35.308,35.503,35.871,36.276,36.706,37.11,37.555,38.087,39.608,41.799,44.139,46.014,46.781,46.758,46.183,45.709,45.141,44.519,44.026,43.63,43.286,42.727,41.627,41.177,41.819,42.077,41.832,41.765,41.801,41.846,41.878,41.969,42.136,42.264,42.676,43.409,44.11,44.715,45.083,44.911,44.768,44.308,43.749,43.782,44.286,44.72,44.944,44.949,44.386,43.646,43.341,43.205,43.174,43.292,43.403,43.289,44.052,45.38,46.357,47.046,47.589,48.151,48.735,49.158,48.686,47.977,48.361,49.127,50.638,52.108,53.298,54.465,55.828,56.877,56.286,55.968,56.504,56.007,54.269,52.504,51.037,51.478,52.462,53.939
0,-0,-0,-0,-0,0,0,0,23.33,26.665,29.445,31.888,33.645,34.9,35.891,36.079,36.063,35.909,35.607,35.276,35.057,35.055,35.114,35.275,35.491,35.748,36.123,36.614,37.656,39.26,41.318,43.527,45.119,46.019,46.293,46.458,46.477,46.137,45.587,45.082,44.795,44.431,43.464,42.51,42.68,43.022,42.597,42.213,42.119,42.078,42.003,42.013,42.264,42.478,42.741,43.123,43.634,44.193,44.53,44.16,43.714,43.056,42.456,42.596,43.148,43.726,44.253,44.518,44.295,43.887,43.759,43.689,43.653,43.711,43.909,44.083,44.917,46.091,47.163,48.204,49.192,49.972,50.68,51.192,50.04,48.922,49.225,50.027,51.76,53.462,54.943,55.852,55.759,55.606,55.062,54.564,54.233,53.43,52.286,51.938,51.855,51.997,52.734,54.124
0,0,-0,-0,-0,0,0,0,21.874,25.108,27.7,30.339,32.321,33.799,34.934,35.576,35.911,35.759,35.433,35.11,34.908,34.848,34.841,34.906,35.025,35.145,35.27,35.529,35.992,36.947,38.255,40.004,42.011,43.881,45.3,46.35,47.062,47.37,47.112,46.587,46.197,46.072,45.474,44.525,43.835,43.584,43.237,42.82,42.549,42.372,42.264,42.181,42.465,42.816,43.063,43.295,43.649,44.134,44.492,44.224,43.737,42.908,41.925,41.848,42.22,42.716,43.37,43.874,43.968,43.912,44.147,44.328,44.328,44.324,44.779,45.689,46.215,46.701,47.489,48.553,50.515,52.31,52.683,52.766,52.138,51.902,52.539,53.326,54.431,55.135,55.716,55.757,54.912,54.228,53.7,52.784,51.825,51.343,51.018,51.866,52.659,52.492,53.425,54.329
0,0,-0,-0,-0,-0,0,0,20.224,23.576,26.025,28.205,30.572,32.523,34.048,35.246,35.907,35.756,35.466,35.152,34.862,34.66,34.554,34.606,34.728,34.847,34.97,35.197,35.516,35.835,36.286,36.909,38.462,40.374,42.41,44.251,46.026,47.523,48.359,48.131,47.592,47.234,47.025,46.464,45.371,44.29,43.865,43.509,43.065,42.726,42.669,42.639,42.781,43.044,43.269,43.438,43.704,44.143,44.588,44.776,44.687,44.062,43.255,43.018,43.005,43.267,43.673,43.967,44.065,44.184,44.588,45.126,45.609,45.885,46.24,47.22,47.372,47.422,48.169,49.489,52.303,54.391,54.261,54.363,54.864,55.912,57.24,57.629,57.697,56.091,54.29,54.041,54.061,53.099,52.043,51.522,51.202,51.677,52.098,52.364,52.83,53.525,54.482,54.077
0,0,-0,-0,-0,-0,0,0,0,21.087,24.235,26.474,28.881,31.096,32.859,34.361,35.279,35.548,35.487,35.176,34.792,34.468,34.277,34.319,34.425,34.535,34.654,35.025,35.448,35.85,36.163,36.442,37.054,38.132,39.802,41.645,43.707,45.786,47.686,48.83,48.985,48.609,48.138,47.99,47.149,45.34,44.699,44.47,44.151,43.641,43.394,43.345,43.208,43.209,43.358,43.526,43.762,44.144,44.619,45.168,45.577,45.364,44.943,44.872,44.898,45.098,45.415,45.764,46.081,46.254,46.494,46.754,47.182,48.063,48.421,48.575,48.509,48.962,50.43,51.826,53.55,54.41,54.037,54.272,54.94,56.052,57.436,57.78,57.682,55.154,52.66,53.014,53.37,51.833,50.597,50.846,51.356,52.581,53.332,52.77,52.945,54.666,54.76,51.915
0,0,-0,-0,-0,-0,-0,0,0,0,22.438,25,27.133,29.314,31.42,33.251,34.47,35.188,35.498,35.25,34.829,34.387,34.087,34.064,34.111,34.188,34.407,34.791,35.283,35.793,36.254,36.637,37.094,37.782,38.698,39.91,41.484,43.532,45.976,48.054,49.325,49.929,49.842,49.283,48.831,46.672,45.699,45.713,45.959,46.029,45.879,45.572,44.83,44.174,43.845,43.833,43.903,44.134,44.557,45.146,45.757,46.176,46.306,46.646,46.915,47.113,47.381,47.863,48.522,49.072,49.462,49.665,49.536,49.986,50.278,50.015,50.022,51.046,53.096,53.708,53.806,53.478,52.949,52.779,52.716,52.885,53.339,53.737,53.847,53.263,52.856,53.271,52.934,51.009,50.338,51.743,52.694,53.075,53.304,52.986,53.264,55.004,53.23,48.716
0,0,0,-0,-0,-0,-0,0,0,0,20.263,22.902,25.253,27.214,29.315,31.417,33.269,34.771,35.535,35.492,35.275,34.939,34.651,34.394,34.187,34.109,34.168,34.495,34.882,35.349,35.825,36.267,36.715,37.174,37.706,38.335,39.252,40.512,42.355,44.66,47.18,49.423,51.196,50.718,48.884,47.47,46.862,47.222,47.973,48.799,49.056,48.987,47.88,46.559,45.957,45.661,45.374,45.215,45.031,45.417,45.755,46.626,47.339,48.331,49.24,49.539,49.677,50.088,50.729,51.324,51.785,52.142,51.603,51.169,51.313,51.649,52.601,53.942,55.416,54.86,53.851,52.911,51.997,50.989,50.362,50.435,50.71,51.102,51.747,52.701,53.263,53.432,52.37,50.456,50.988,53.057,53.631,53.15,52.978,53.148,53.678,54.696,50.781,45.765
0,0,0,-0,-0,-0,-0,-0,0,0,0,0,23.354,25.376,27.438,29.519,31.514,33.272,34.464,35.249,35.566,35.632,35.463,35.25,35.029,34.854,34.742,34.696,34.769,34.976,35.236,35.613,36.015,36.442,36.878,37.301,37.703,38.103,38.834,39.817,41.609,43.98,46.89,48.226,47.778,47.78,48.162,49.193,50.354,51.432,51.575,51.491,50.339,48.879,48.367,48.296,48.261,48.291,48.357,48.693,48.762,48.774,49.097,50.315,51.726,52.052,52.111,52.326,52.637,52.932,53.17,53.29,52.827,52.278,52.376,53.131,54.793,56.026,56.986,55.383,53.76,52.461,50.786,48.747,48.75,50.043,51.064,51.902,52.432,52.947,53.251,53.417,52.355,51.202,52.15,53.483,53.418,52.934,52.571,52.404,51.943,50.335,46.31,43.322
0,0,0,0,-0,-0,-0,-0,-0,0,0,0,21.765,24.027,25.718,27.822,29.843,31.717,33.242,34.367,35.12,35.503,35.74,35.835,35.758,35.621,35.435,35.317,35.237,35.124,35.074,35.146,35.347,35.748,36.233,36.716,37.17,37.574,37.963,38.391,39.09,40.498,42.415,43.925,45.787,47.937,49.308,50.571,51.396,52.7,53.363,52.816,51.335,49.715,49.523,50.031,50.649,51.62,52.614,54.634,55.534,54.415,53.61,53.377,53.726,53.776,53.731,53.876,54.104,54.061,54.04,54.001,53.847,53.505,53.217,52.856,52.608,53.038,53.814,53.442,52.541,51.421,49.813,48.206,49.256,50.712,51.656,52.517,52.809,53.02,53.085,52.956,52.287,51.901,52.656,53.302,52.981,52.494,51.732,50.838,48.392,44.421,42.561,41.744
0,0,0,0,-0,-0,-0,-0,-0,-0,-0,0,0,22.658,24.5,26.109,28.08,30.125,31.969,33.547,34.628,35.204,35.606,35.896,35.716,35.445,35.302,35.264,35.132,34.923,34.648,34.473,34.656,35.177,35.774,36.353,36.846,37.241,37.597,38.127,39.441,41.209,42.924,44.409,46.234,48.413,49.789,50.787,49.293,48.702,50.494,51.841,51.473,50.259,50.203,50.752,51.617,52.888,54.769,58.042,60.257,59.359,57.98,56.35,55.237,54.811,54.474,54.694,54.933,54.139,53.331,53.256,53.528,53.541,53.383,51.686,49.365,48.561,49.312,51.001,50.994,50.615,50.416,50.481,51.133,51.548,51.507,51.846,52.712,53.072,52.375,51.721,51.112,51.237,52.406,52.916,52.05,51.006,49.453,47.561,44.78,41.928,40.759,41.025
0,0,0,0,0,-0,-0,-0,-0,-0,-0,0,0,0,22.85,24.605,26.418,28.444,30.41,32.134,33.522,34.58,35.367,35.609,35.146,34.546,34.061,33.94,34.08,34.138,34.018,34.003,34.421,34.975,35.552,36.128,36.624,37.091,37.611,38.502,39.819,41.527,43.47,45.283,46.944,47.826,47.973,48.535,48.363,47.757,48.741,50.132,50.846,50.963,51.323,51.707,52.173,53.436,54.976,57.197,58.567,57.721,57.062,56.693,56.243,56.122,55.802,55.67,55.418,53.682,52.115,51.74,51.749,52.168,52.528,52.051,51.119,50.18,51.112,52.453,52.208,52.074,52.246,52.218,52.055,51.845,51.499,51.75,52.853,52.758,51.463,50.665,50.089,50.583,51.574,51.376,50.234,48.691,46.438,44.011,41.864,40.385,40.06,40.642
0,0,0,0,0,-0,-0,-0,-0,-0,-0,-0,0,0,20.853,23.003,24.674,26.807,28.816,30.67,32.279,33.543,34.581,34.923,34.672,34.029,33.307,33.286,33.503,33.876,34.27,34.96,35.76,36.478,36.588,36.445,36.59,36.954,37.465,38.105,39.029,40.359,41.907,43.626,45.249,45.977,46.225,47.466,49.134,50.03,50.631,50.717,50.534,51.215,52.173,52.662,51.322,51.012,52.776,54.972,55.71,55.113,55.269,56.429,57.263,57.964,57.855,56.696,55.444,53.217,51.472,51.13,51.04,51.547,52.328,53.377,53.685,53.6,54.75,55.142,54.561,54.205,53.9,52.978,52.029,52.31,52.66,52.671,52.872,52.162,51.036,50.294,49.607,49.22,48.886,47.889,46.645,44.934,42.821,41.079,39.759,39.656,40.031,40.454
0,0,0,0,0,0,-0,-0,-0,-0,-0,-0,0,0,0,21.258,23.255,25.006,27.094,29.209,31.092,32.642,33.858,34.7,35.071,35.087,34.968,34.956,35.015,35.135,35.609,36.52,37.651,38.026,37.053,36.112,35.626,35.715,36.035,36.562,37.493,38.598,40.105,41.822,43.413,44.733,45.736,46.857,48.253,49.646,50.852,50.455,49.567,49.615,50.469,51.122,49.97,48.297,49.542,51.712,53.336,54.314,55.7,57.282,57.836,58.227,57.972,56.746,55.05,52.783,51.581,51.617,51.661,51.779,52.229,52.911,53.425,54.292,55.938,55.347,54.082,53.671,53.295,52.669,52.194,52.869,53.468,52.773,52.147,51.399,50.516,49.518,48.318,46.881,45.549,44.311,42.981,41.439,39.918,39.196,38.988,39.795,40.271,40.49
0,0,0,0,0,0,-0,-0,-0,-0,-0,-0,-0,0,0,0,21.494,23.44,25.316,27.627,29.821,31.626,33.052,34.318,35.528,36.254,36.612,36.924,37.008,36.843,36.712,36.914,37.15,36.728,35.839,34.858,34.353,34.186,34.121,34.675,35.485,36.693,38.422,40.144,41.701,43.193,44.38,45.476,46.703,48.238,49.16,48.59,47.873,47.931,48.334,49.637,50.61,50.359,50.521,51.213,52.433,54.197,56.313,58.172,57.034,55.596,55.458,55.309,54.249,52.606,51.705,51.52,51.583,51.611,51.676,52.147,53.241,54.815,56.406,54.521,52.729,52.142,51.985,52.307,52.577,52.969,52.756,51.053,49.592,48.992,48,46.494,45.066,43.75,42.655,41.804,40.859,39.739,39.063,39.053,39.614,40.517,40.818,41.032
0,0,0,0,0,0,0,-0,-0,-0,-0,-0,-0,-0,0,0,0,21.543,23.452,25.572,28.051,30.356,32.082,33.47,34.733,35.487,36.042,36.599,36.949,36.816,36.372,35.954,35.708,35.463,35.109,34.879,34.724,34.496,34.3,34.261,34.528,35.599,37.118,38.561,39.951,41.299,42.456,43.532,44.433,45.65,46.64,46.697,46.36,46.325,46.62,48.585,50.813,51.87,52.175,52.032,51.849,52.732,54.78,56.284,55.419,54.005,53.968,54.155,53.725,52.739,51.135,50.143,50.669,50.972,50.909,52.003,53.81,54.672,55.01,53.984,53.163,52.828,52.59,52.517,52.262,51.962,50.824,48.478,46.746,46.151,44.806,43.188,42.084,41.061,40.54,40.209,39.673,39.098,39.256,39.684,40.511,41.174,41.201,41.372
0,0,0,0,0,0,0,-0,-0,0,0,-0,-0,-0,-0,0,0,0,21.541,23.352,25.36,28.007,30.342,32.306,33.583,34.319,34.816,35.273,35.571,35.676,35.638,35.48,35.311,35.145,35.064,35.137,35.237,35.126,34.84,34.566,34.819,35.513,36.39,37.376,38.471,39.617,40.735,41.472,41.93,42.699,44.363,45.462,45.685,45.554,45.912,47.549,49.472,50.262,50.806,50.81,50.456,51.133,52.755,54.032,54.543,54.323,53.762,53.201,52.419,51.412,49.804,49.451,50.401,50.834,50.911,52.498,54.193,53.617,53.586,54.179,54.523,54.708,53.658,52.329,50.888,49.471,47.83,45.958,44.532,43.315,42.428,41.588,40.713,40.029,39.953,39.937,39.857,39.898,40.306,40.806,41.456,41.52,41.175,40.607
0,0,0,0,0,0,0,-0,0,0,0,-0,-0,-0,-0,-0,0,0,0,21.616,23.427,25.256,27.869,30.107,31.55,32.431,33.11,33.749,34.379,34.882,35.21,35.247,35.152,34.985,34.807,34.675,34.647,34.695,34.65,34.567,34.647,34.86,35.334,35.977,36.861,37.972,39.129,40.266,41.155,42.121,43.48,44.798,45.422,45.757,46.451,47.552,48.501,48.745,48.93,49.03,49.059,49.895,51.154,51.94,52.79,52.977,52.513,51.825,50.696,49.732,48.966,49.878,51.272,52.69,53.24,52.819,52.457,51.42,51.774,53.007,53.602,53.717,52.22,50.497,48.574,46.701,45.19,43.667,42.335,41.214,40.784,40.318,39.82,39.724,39.945,40.239,40.587,41.158,41.799,41.712,41.548,41.057,40.461,39.136
0,0,0,0,0,0,0,0,0,0,0,-0,-0,-0,-0,-0,-0,0,0,0,21.876,23.784,25.704,27.761,29.325,30.349,31.2,32.04,32.834,33.581,34.106,34.413,34.632,34.694,34.575,34.336,34.305,34.491,34.585,34.403,34.232,34.249,34.453,34.868,35.81,36.844,38.149,39.7,40.917,41.71,42.586,43.642,44.597,45.507,46.53,47.487,48.049,48.239,48.459,48.893,49.126,49.299,49.799,49.691,49.72,49.943,50.207,51.232,51.35,50.177,49.648,50.771,52.392,54.652,54.388,51.557,49.942,48.861,49.244,49.989,49.936,49.493,48.548,47.332,45.685,44.113,42.671,41.452,40.682,40.008,39.43,39.467,39.667,40,40.37,40.976,41.705,42.702,43.117,41.549,40.23,39.252,38.302,36.869
0,0,0,0,0,0,0,0,0,0,0,0,-0,-0,-0,-0,-0,-0,0,0,0,22.217,24.041,25.899,27.43,28.474,29.48,30.467,31.386,32.285,33.015,33.663,34.259,34.626,34.85,34.923,34.845,34.801,34.699,34.453,34.143,33.837,33.646,34.106,35.047,36.129,37.371,38.688,39.814,40.747,41.673,42.74,43.831,44.939,46.022,47.062,47.766,48.052,48.578,49.668,50.325,50.097,49.922,49.689,49.288,48.936,49.653,51.882,52.343,51.122,50.894,51.56,52.114,52.969,51.458,48.837,47.515,46.568,46.794,46.963,46.475,45.92,45.365,44.258,42.862,41.693,40.746,40.36,40.181,39.66,39.302,39.602,40.023,40.665,41.175,41.449,41.592,41.699,41.124,39.557,38.15,36.969,35.862,34.49
0,0,0,0,0,0,0,0,0,0,0,0,0,0,-0,-0,-0,-0,-0,0,0,0,22.513,23.905,25.496,26.652,27.754,28.796,29.779,30.725,31.556,32.39,33.188,33.865,34.537,34.929,34.993,34.929,34.934,34.959,34.759,34.447,34.238,34.501,35.002,35.805,36.729,37.709,38.841,39.968,40.991,41.978,42.926,43.893,45.061,46.522,47.961,48.757,48.836,49.296,49.686,49.508,49.644,50.115,49.939,49.617,49.952,50.913,51.126,50.822,50.831,51.027,50.435,49.87,47.932,46.077,45.393,44.78,44.498,44.293,43.942,43.294,42.335,41.12,40.18,39.951,39.991,40.218,40.198,39.738,39.765,40.076,40.703,41.451,41.311,40.995,40.131,39.14,38.026,36.767,35.407,34.117,33.203,32.15
0,0,0,0,0,0,0,0,0,0,0,0,0,0,-0,-0,-0,-0,-0,0,0,0,20.77,22.765,23.786,24.686,25.843,26.923,27.973,28.94,29.854,30.807,31.662,32.439,33.225,33.915,34.47,34.69,34.669,34.68,34.601,34.505,34.544,34.621,34.943,35.665,36.449,37.135,37.923,38.745,39.57,40.458,41.252,42.09,43.026,44.044,45.683,47.34,47.595,47.202,47.082,46.977,48.071,49.612,48.491,47.931,48.063,48.693,49.709,49.842,49.302,48.472,47.368,46.401,44.999,43.87,43.375,42.647,41.826,41.648,41.353,40.403,39.577,39.118,39.129,39.447,39.596,39.61,39.796,40.15,40.64,41.048,41.179,40.969,39.554,38.3,37.295,36.318,35.304,34.249,32.974,31.592,30.832,30.092
0,0,0,0,0,0,0,0,0,0,0,0,0,0,-0,-0,-0,-0,-0,-0,0,0,19.491,21.453,22.773,23.455,24.184,24.93,25.672,26.562,27.56,28.638,29.806,30.98,32.07,33.048,33.964,34.204,34.098,33.992,33.879,33.957,34.423,34.818,35.073,35.415,35.768,36.134,36.533,36.905,37.318,37.649,37.981,38.448,39.035,39.803,40.838,42.031,42.991,43.328,43.306,43.55,45.402,46.618,44.685,43.502,43.291,44.219,45.4,45.971,45.973,44.962,43.685,43.083,42.537,41.856,41.126,40.155,39.314,39.311,39.195,39.012,38.863,38.894,39.247,39.551,39.725,40.073,40.511,40.711,40.71,40.477,40.127,39.091,37.068,35.506,34.578,33.697,32.835,32.029,31.318,30.417,29.864,29.282
0,0,0,0,0,0,0,0,0,0,0,0,0,0,-0,-0,-0,-0,-0,-0,0,0,0,0,21.283,22.064,22.563,22.92,23.247,24,25.039,26.216,27.798,29.574,30.928,31.884,32.794,33.396,33.776,33.77,33.703,34.029,34.636,34.969,34.913,34.826,34.73,34.746,34.75,34.811,35.061,35.358,35.602,35.89,36.151,36.516,37.279,38.209,38.96,39.375,39.386,39.642,40.335,40.533,40.382,39.919,39.548,39.617,40.31,41.316,41.318,40.765,39.902,38.688,37.813,37.696,37.413,37.092,37.499,38.046,38.614,39.117,39.575,40.078,40.604,41.276,42.108,42.02,41.31,40.394,39.52,38.352,37.314,36.125,34.686,33.583,32.724,31.877,31.009,30.334,29.992,29.617,29.334,28.808
0,0,0,0,0,0,0,0,0,0,0,0,0,0,0,-0,-0,-0,-0,-0,0,0,0,0,0,20.355,20.942,21.638,22.291,22.997,23.924,24.918,26.178,27.711,29.182,30.413,31.634,32.813,33.559,33.676,33.829,34.258,34.741,35.262,35.539,35.128,34.646,34.131,33.658,33.481,33.635,33.966,34.529,35.111,35.692,36.259,36.612,36.595,36.71,36.801,36.73,36.665,36.68,37,37.489,37.345,36.748,37.147,37.888,37.313,35.999,34.903,33.864,34.334,36.179,37.058,37.222,37.154,37.09,37.546,38.272,39.241,39.921,40.246,40.578,40.905,40.996,39.828,38.898,37.76,36.698,35.62,34.527,33.67,32.747,31.919,31.138,30.482,29.851,29.319,28.887,28.516,28.216,27.778
0,0,0,0,0,0,0,0,0,0,0,0,0,0,0,-0,-0,-0,-0,-0,-0,0,0,0,0,17.935,19.06,19.818,20.645,21.592,22.636,23.705,24.664,25.649,27.085,28.735,30.145,31.393,32.417,33.073,33.642,34.188,34.682,35.245,35.715,35.449,34.953,34.457,33.95,33.429,33.052,33.119,33.363,34.094,34.905,35.086,34.92,34.695,34.501,34.25,33.891,33.598,33.48,33.806,34.43,34.792,34.976,35.221,35.47,35.492,34.584,33.921,35.42,37.084,37.481,37.555,38.345,39.161,39.503,39.666,39.595,39.611,39.408,39.096,38.953,38.842,38.397,37.401,36.297,34.881,33.684,32.845,32.076,31.633,31.113,30.566,29.939,29.297,28.696,28.177,27.669,27.122,26.582,26.706
