0,0,0,0,0,0,0,0,0,0,0,0,0,0,0,0,0,0,0,0,0,0,0,0,0,0,0,0,0,0,0,0,0,0,0,0,0,0,0,0,0,0,0,0,0,0,0,0,0,0,0,0,0,0,0,0,0,0,0,0,0,0,0,0,0,0,0,0,0,0,0,0,0,0,0,0,0,0,0,0,0,0,0,0,0,0,0,0,0,0,0,0,0,0,0,0,0,0,0,0,0,0,0,0,0,0,0,0,0,0,0,0,0,0,0,0,0,0,0,0,0,0,0,0,0,0,0,0,0,0,0,0,0,0,0,0,0,0,0,0,0,0,0,0,0,0,0,0,0,0,0,0,0,0,0,0,0,0,0,0,0,0,0,0,0,0,0,0,0,0,0,0,0,0,0,0,0,0,0,0,0,0,153.42
0,0,0,0,0,0,0,0,0,0,0,0,0,0,0,0,0,0,0,0,0,0,0,0,0,0,0,0,0,0,0,0,0,0,0,0,0,0,0,0,0,0,0,0,0,0,0,0,0,0,0,0,0,0,0,0,0,0,0,0,0,0,0,0,0,0,0,0,0,0,0,0,0,0,0,0,0,0,0,0,0,0,0,0,0,0,0,0,0,0,0,0,0,0,0,0,0,0,0,0,0,0,0,0,0,0,0,0,0,0,0,0,0,0,0,0,0,0,0,0,0,0,0,0,0,0,0,0,0,0,0,0,0,0,0,0,0,0,0,0,0,0,0,0,0,0,0,0,0,0,0,0,0,0,0,0,0,0,0,0,0,0,0,0,0,0,0,0,0,0,0,0,0,0,0,0,0,0,0,0,0,0,122.09
0,0,0,0,0,0,0,0,0,0,0,0,0,0,0,0,0,0,0,0,0,0,0,0,0,0,0,0,0,0,0,0,0,0,0,0,0,0,0,0,0,0,0,0,0,0,0,0,0,0,0,0,0,0,0,0,0,0,0,0,0,0,0,0,0,0,0,0,0,0,0,0,0,0,0,0,0,0,0,0,0,0,0,0,0,0,0,0,0,0,0,0,0,0,0,0,0,0,0,0,0,0,0,0,0,0,0,0,0,0,0,0,0,0,0,0,0,0,0,0,0,0,0,0,0,0,0,0,0,0,0,0,0,0,0,0,0,0,0,0,0,0,0,0,0,0,0,0,0,0,0,0,0,0,0,0,0,0,0,0,0,0,0,0,0,0,0,0,0,0,0,0,0,0,0,0,0,0,0,0,0,0,93.427
0,0,0,0,0,0,0,0,0,0,0,0,0,0,0,0,0,0,0,0,0,0,0,0,0,0,0,0,0,0,0,0,0,0,0,0,0,0,0,0,0,0,0,0,0,0,0,0,0,0,0,0,0,0,0,0,0,0,0,0,0,0,0,0,0,0,0,0,0,0,0,0,0,0,0,0,0,0,0,0,0,0,0,0,0,0,0,0,0,0,0,0,0,0,0,0,0,0,0,0,0,0,0,0,0,0,0,0,0,0,0,0,0,0,0,0,0,0,0,0,0,0,0,0,0,0,0,0,0,0,0,0,0,0,0,0,0,0,0,0,0,0,0,0,0,0,0,0,0,0,0,0,0,0,0,0,0,0,0,0,0,0,0,0,0,0,0,0,0,0,0,0,0,0,0,0,0,0,0,0,0,0,68.471
0,0,0,0,0,0,0,0,0,0,0,0,0,0,0,0,0,0,0,0,0,0,0,0,0,0,0,0,0,0,0,0,0,0,0,0,0,0,0,0,0,0,0,0,0,0,0,0,0,0,0,0,0,0,0,0,0,0,0,0,0,0,0,0,0,0,0,0,0,0,0,0,0,0,0,0,0,0,0,0,0,0,0,0,0,0,0,0,0,0,0,0,0,0,0,0,0,0,0,0,0,0,0,0,0,0,0,0,0,0,0,0,0,0,0,0,0,0,0,0,0,0,0,0,0,0,0,0,0,0,0,0,413.81,600.08,791.93,751.89,603.41,418.21,119.5,0,0,0,0,0,0,0,0,0,0,0,0,0,0,0,0,0,0,0,0,0,0,0,0,0,0,0,0,0,0,0,0,0,0,0,0,0,0,0,0,0,0,0,47.406
0,0,0,0,0,0,0,0,0,0,0,0,0,0,0,0,0,0,0,0,0,0,0,0,0,0,0,0,0,0,0,0,0,0,0,0,0,0,0,0,0,0,0,0,0,0,0,0,0,0,0,0,0,0,0,0,0,0,0,0,0,0,0,0,0,0,0,0,0,0,0,0,0,0,0,0,0,0,0,0,0,0,0,0,0,0,0,0,0,0,0,0,0,0,0,0,0,0,0,0,0,0,0,0,0,0,0,0,0,0,0,0,0,0,0,0,0,0,0,0,0,0,0,0,0,0,0,0,0,0,99.573,402.61,739.12,1033.2,1389.9,1558.9,1640.9,1514.1,1261.7,885.04,491.45,93.697,0,0,0.99757,5.055,3.7449,0,0,0,0,0,0,0,0,0,0,0,0,0,0,0,0,0,0,0,0,0,0,0,0,0,0,0,0,0,0,0,0,0,0,0,30.534
0,0,0,0,0,0,0,0,0,0,0,0,0,0,0,0,0,0,0,0,0,0,0,0,0,0,0,0,0,0,0,0,0,0,0,0,0,0,0,0,0,0,0,0,0,0,0,0,0,0,0,0,0,0,0,0,0,0,0,0,0,0,0,0,0,0,0,0,0,0,0,0,0,0,0,0,0,0,0,0,0,0,0,0,0,0,0,0,0,0,0,0,0,0,0,0,0,0,0,0,0,0,0,0,0,0,0,0,0,0,0,0,0,0,0,0,0,0,0,0,0,0,0,0,0,0,0,0,166.73,363.27,748.16,1203.2,1532.2,1768.2,1989.2,2073.3,2411.6,2541.9,2544.1,2306.4,1868.6,1444,1120.1,833.73,565.05,363.95,259.58,190.14,235.9,284.56,321.45,340.95,342.36,327.86,298.36,253.6,193.52,120.13,35.577,0,0,0,0,0,0,2.2347,15.443,27.805,28.988,23.247,14.297,3.8428,0,0,0,0,0,0,0,0,0,0,22.93
0,0,0,0,0,0,0,0,0,0,0,0,0,0,0,0,0,0,0,0,0,0,0,0,0,0,0,0,0,0,0,0,0,0,0,0,0,0,0,0,0,0,0,0,0,0,0,0,0,0,0,0,0,0,0,0,0,0,0,0,0,0,0,0,0,0,0,0,0,0,0,0,0,0,0,0,0,0,0,0,0,0,0,0,0,0,0,0,0,0,0,0,0,0,0,0,0,0,0,0,0,0,0,0,0,0,0,0,0,0,0,0,0,0,0,0,0,0,0,0,0,0,0,0,0,166.42,518.99,1011.2,1401.8,1812.9,2391.9,2781.7,2904.8,2975.2,2834,2810.9,3064,3359.6,3636.9,3644.6,3334.9,2972.2,2671,2425,2200,2025.3,1903.9,1811.8,1745.8,1684.1,1616.1,1540.3,1451.3,1355.3,1260.5,1170.2,1082.1,995.43,975.95,947.69,908.55,849.97,779.22,696.53,585.55,439.75,317.05,239.32,175.54,120.69,76.527,30.66,0,0,0,0,0,0,0,0,0,0,13.131
0,0,0,0,0,0,0,0,0,0,0,0,0,0,0,0,0,0,0,0,0,0,0,0,0,0,0,0,0,0,0,0,0,0,0,0,0,0,0,0,0,0,0,0,0,0,0,0,0,0,0,0,0,0,0,0,0,0,0,0,0,0,0,0,0,0,0,0,0,0,0,0,0,0,0,0,0,0,0,0,0,0,0,0,0,0,0,0,0,0,0,0,0,0,0,0,0,0,0,0,0,0,0,0,0,0,0,0,0,0,0,0,0,0,0,0,0,0,0,0,0,0,0,1063.7,1553.4,2054.5,2449.1,2886.7,3182,3447.1,3778.1,4016.6,4078.5,4063.4,3871.1,3712.1,3834.9,4123.2,4530.1,4850,4717.6,4437.3,4195.4,4029.8,3832,3640.8,3491.7,3371,3287.7,3222.6,3155,3080.5,2992.2,2888.9,2784.2,2686.5,2593.6,2493.1,2396.1,2309.1,2233.9,2134.5,2031.9,1929.6,1815.7,1580.3,1336,1108.8,897.37,654.03,418.65,184.33,5.8599,0,0,0,0,0,0,0,0,0,4.1677
0,0,0,0,0,0,0,0,0,0,0,0,0,0,0,0,0,0,0,0,0,0,0,0,0,0,0,0,0,0,0,0,0,0,0,0,0,0,0,0,0,0,0,0,0,0,0,0,0,0,0,0,0,0,0,0,0,0,0,0,0,0,0,0,0,0,0,0,0,0,0,0,0,0,0,0,0,0,0,0,0,0,0,0,0,0,0,0,0,0,0,0,0,0,0,0,0,0,0,0,0,0,0,0,0,0,0,0,0,0,0,0,0,0,0,0,0,0,0,0,1087.2,1881.4,2257.5,2659.5,3148.4,3689.9,4062.9,4418.3,4684,4881.2,5054.8,5164.6,5171.6,5090.2,4901.2,4715.3,4761.4,4919.6,5253.5,5654.9,5767.7,5719.1,5664.4,5576.5,5403.8,5185.7,5010.8,4876.4,4775.6,4707.4,4646.8,4578.4,4498.1,4392.5,4279.4,4175.4,4080.9,3971.4,3860,3757.6,3668.9,3550.5,3414.9,3276.9,3136.3,2830.3,2458.4,2093.9,1750,1320.6,882.36,447.08,28.52,0,0,0,0,0,0,0,0,0,0.15724
0,0,0,0,0,0,0,0,0,0,0,0,0,0,0,0,0,0,0,0,0,0,0,0,0,0,0,0,0,0,0,0,0,0,0,0,0,0,0,0,0,0,0,0,0,0,0,0,0,0,0,0,0,0,0,0,0,0,0,0,0,0,0,0,0,0,0,0,0,0,0,0,0,0,0,0,0,0,0,0,0,0,0,0,0,0,0,0,0,0,0,0,0,0,0,0,0,0,0,0,0,0,0,0,0,0,0,0,0,0,0,0,0,0,0,0,0,625.88,1083.9,1492.4,1728.6,2546.1,3494.5,4106.4,4580,5113.8,5475.2,5790.5,6008.2,6177.4,6298.9,6344.3,6292.2,6177.5,5989.7,5791.6,5727,5775.3,5969.2,6325.6,6491.5,6451.6,6432.3,6467.7,6464.6,6406.1,6349.1,6229.7,6091.8,6006.9,5955.5,5912.5,5881,5832,5747.8,5638.9,5541.3,5431.6,5310.8,5194.8,5093.1,4971.1,4812.3,4643.1,4472.8,4164.9,3694.5,3199.7,2719.4,2141.3,1490.4,837.27,177.67,7.3775,0,0,0,0,0,0,13.26,82.474,165.05
0,0,0,0,0,0,0,0,0,0,0,0,0,0,0,0,0,0,0,0,0,0,0,0,0,0,0,0,0,0,0,0,0,0,0,0,0,0,0,0,0,0,0,0,0,0,0,0,0,0,0,0,0,0,0,0,0,0,0,0,0,0,0,0,0,0,0,0,0,0,0,0,0,0,0,0,0,0,0,0,0,0,0,0,0,0,0,0,0,0,0,0,0,0,0,0,0,0,0,0,0,0,0,0,0,0,0,0,0,0,0,0,0,0,0,974.53,1502.7,1928.9,2423.9,2880.7,3142.8,3599.1,4488.9,5453.7,5894.5,6319.2,6620.2,6865.1,7005.8,7139.8,7257.7,7342,7340.3,7335.8,7151.5,6925,6748.2,6675,6721.7,6977.2,7128.9,7070.6,7041.2,7049.3,7025.4,6961.7,6893.1,6837.7,6799.3,6793.1,6819.4,6852.4,6892.4,6860.6,6764.3,6683.8,6627.1,6577.3,6517.5,6462.3,6426,6389.4,6226.8,6030.7,5834.3,5574.2,5042.8,4427.7,3831.4,3180,2344.1,1479.4,615.95,175.24,136.67,155.6,189.17,209.85,190.48,80.932,81.527,258.65,466.01
0,0,0,0,0,0,0,0,0,0,0,0,0,0,0,0,0,0,0,0,0,0,0,0,0,0,0,0,0,0,0,0,0,0,0,0,0,0,0,0,0,0,0,0,0,0,0,0,0,0,0,0,0,0,0,0,0,0,0,0,0,0,0,0,0,0,0,0,0,0,0,0,0,0,0,0,0,0,0,0,0,0,0,0,0,0,0,0,0,0,0,0,0,0,0,0,0,0,0,0,0,0,0,0,0,0,0,0,0,0,0,0,1127.4,1502.3,1946.7,2397.8,2852.4,3328.5,3815.3,4251.9,4512,4819.5,5403.7,6122.8,6535.3,6834.8,7131.6,7425.8,7602.6,7781.2,7961.7,8130.7,8060.4,7980.2,7910,7857.5,7832.3,7635.3,7514.1,7644.6,7740.4,7675.2,7624.7,7599.9,7556.4,7490.8,7416.5,7354.4,7302.3,7269.7,7257.9,7255,7259.1,7266.7,7270.5,7271.3,7275.8,7279.5,7252.3,7203.3,7123.9,7057.3,6943.3,6798.7,6655.3,6514.3,6135.4,5595.6,5014.9,4418.9,3553.1,2575.3,1608.9,879.12,779.88,800.15,829.35,776.19,600.4,262.74,151.6,424.8,739.13
0,0,0,0,0,0,0,0,0,0,0,0,0,0,0,0,0,0,0,0,0,0,0,0,0,0,0,0,0,0,0,0,0,0,0,0,0,0,0,0,0,0,0,0,0,0,0,0,0,0,0,0,0,0,0,0,0,0,0,0,0,0,0,0,0,0,0,0,0,0,0,0,0,0,0,0,0,0,0,0,0,0,0,0,0,0,0,0,0,0,0,0,0,0,0,0,0,0,0,0,0,0,0,0,0,0,0,0,0,0,1317.1,1909.6,2512.2,2905.4,3308.4,3700.7,4114,4564.4,5034.6,5439.8,5741.3,5997.9,6325.6,6767.3,7114.7,7296.8,7497.3,7710.8,7840.9,7963.7,8094.2,8224.2,8299.1,8349.3,8397.7,8398.8,8304.8,8255.1,8256.2,8332.5,8329.4,8268.7,8198.5,8137.8,8068.8,7996.9,7920.2,7854.3,7796.7,7745.7,7701.6,7665.1,7635.7,7616.9,7610.3,7611.8,7617.4,7626.8,7613.1,7577.2,7537.3,7501.3,7437.9,7333.9,7214.8,7093.5,6869.9,6500,6071,5630,5057.4,4307.8,3527.9,2773.1,2418.1,2228.9,2040.9,1723.9,1222.8,556.24,215.63,553.07,962.51
0,0,0,0,0,0,0,0,0,0,0,0,0,0,0,0,0,0,0,0,0,0,0,0,0,0,0,0,0,0,0,0,0,0,0,0,0,0,0,0,0,0,0,0,0,0,0,0,0,0,0,0,0,0,0,0,0,0,0,0,0,0,0,0,0,0,0,0,0,0,0,0,0,0,0,0,0,0,0,0,0,0,0,0,0,0,0,0,0,0,0,0,0,0,0,0,0,0,0,0,0,0,0,0,0,0,0,42.108,636.07,1422.8,2206.2,2987,3726.8,4179.1,4559.5,4922.1,5309.3,5762.7,6202.9,6600.1,6942.6,7153.7,7269,7474.1,7693.9,7775.7,7884,8018.5,8102.9,8169.7,8248.1,8333.5,8399.3,8442,8484,8524.9,8562.4,8585.8,8557.1,8575.5,8619.5,8636.6,8633.8,8634.6,8567.3,8477.3,8391.4,8320.9,8264,8214.2,8149.9,8081.6,8020.8,7969.9,7945.5,7945.2,7951.7,7962.1,7962.1,7941,7908.8,7879.8,7847.6,7783.1,7697.9,7611.8,7505.3,7285.7,6997.6,6699.7,6374.7,5861.7,5274.5,4704,4216.5,3830.8,3444.2,2920.6,2053.1,1018.8,281.56,607,1155.3
0,0,0,0,0,0,0,0,0,0,0,0,0,0,0,0,0,0,0,0,0,0,0,0,0,0,0,0,0,0,0,0,0,0,0,0,0,0,0,0,0,0,0,0,0,0,0,0,0,0,0,0,0,0,0,0,0,0,0,0,0,0,0,0,0,0,0,0,0,0,0,0,0,0,0,0,0,0,0,0,0,0,0,0,0,0,0,0,0,0,0,0,0,0,0,0,0,0,0,0,0,0,0,0,0,0,148.96,373.36,1176.6,2204.7,3082,3930.2,4730.3,5211.9,5572.8,5915.2,6291.3,6727.3,7113.8,7487.9,7888.3,8231.2,8234.3,8219.3,8266.9,8268.1,8293.7,8349.7,8384.6,8394.4,8420.6,8458.6,8502.3,8537.7,8572.9,8607.7,8640.5,8661.1,8679.5,8715.2,8756,8775.9,8764.5,8746.5,8735.2,8725.4,8713,8702.2,8677,8603.7,8527.5,8443.1,8371.3,8311,8278.9,8272.3,8279.7,8290.9,8300.9,8294.1,8270.2,8249.5,8237.5,8204.7,8152.9,8100,8046.6,7945.5,7796.3,7631.7,7465.7,7201.6,6836,6457.8,6091,5582.5,4994.1,4364.8,3128.7,1680,754.25,1400.7,2303
0,0,0,0,0,0,0,0,0,0,0,0,0,0,0,0,0,0,0,0,0,0,0,0,0,0,0,0,0,0,0,0,0,0,0,0,0,0,0,0,0,0,0,0,0,0,0,0,0,0,0,0,0,0,0,0,0,0,0,0,0,0,0,0,0,0,0,0,0,0,0,0,0,0,0,0,0,0,0,0,0,0,0,0,0,0,0,0,0,0,0,0,0,0,0,0,0,0,0,0,0,0,0,0,207.72,673.48,1087.3,1496.1,2304.3,3221.3,3985.2,4763,5536.8,6009.9,6339.9,6658.4,6981.9,7352,7651.7,7925.5,8209.5,8433.3,8567.2,8725.2,8829.4,8721.2,8668.4,8664.2,8667.9,8636.1,8611.9,8601.9,8608,8635.3,8663.6,8692.3,8720.6,8739.4,8751.3,8777.3,8816,8843.6,8840.2,8834.8,8827.4,8816.1,8798,8778.2,8761.5,8747.5,8727.2,8689.9,8646.6,8591,8526.9,8499.8,8510.3,8528.7,8555.1,8575.2,8584.7,8597,8604.4,8597,8579.6,8557,8535.4,8506.7,8455.6,8385.7,8314,8218.8,8036.7,7812.9,7594.3,7175.6,6463.9,5681.2,4493.3,2984.7,1878.4,2550.2,3573.3
0,0,0,0,0,0,0,0,0,0,0,0,0,0,0,0,0,0,0,0,0,0,0,0,0,0,0,0,0,0,0,0,0,0,0,0,0,0,0,0,0,0,0,0,0,0,0,0,0,0,0,0,0,0,0,0,0,0,0,0,0,0,0,0,0,0,0,0,0,0,0,0,0,0,0,0,0,0,0,0,0,0,0,0,0,0,0,0,0,0,0,0,0,0,0,0,0,0,0,0,0,0,909.91,1443,1924.2,2320.8,2676.1,2986.7,3599.8,4286.1,4906.7,5551.3,6213.1,6617.4,6880.3,7135.3,7421.1,7718.6,7957.9,8173.3,8394.2,8569,8661.4,8747.8,8847.5,8896.7,8931,8958.1,8909,8833.6,8780.2,8741.4,8711.2,8734.9,8756.7,8779.6,8802.7,8819.8,8828.6,8844.1,8876.2,8904.8,8909.8,8910.5,8908.9,8902.9,8887,8857.9,8831.7,8808.2,8786.2,8761.3,8730.8,8697.3,8663.1,8642.1,8653.9,8671.2,8692.8,8713.2,8712.9,8710.2,8712.8,8717.5,8716.1,8707.2,8701,8697.7,8696.5,8693.3,8690,8686.9,8632.2,8522.1,8402.7,8213.8,7622.9,6826.7,5850.9,4438.5,3410.2,3816.1,4886.6
0,0,0,0,0,0,0,0,0,0,0,0,0,0,0,0,0,0,0,0,0,0,0,0,0,0,0,0,0,0,0,0,0,0,0,0,0,0,0,0,0,0,0,0,0,0,0,0,0,0,0,0,0,0,0,0,0,0,0,0,0,0,0,0,0,0,0,0,0,0,0,0,0,0,0,0,0,0,0,0,0,0,0,0,0,0,0,0,0,0,0,0,0,0,0,0,0,0,0,0,945.66,1590.6,2302.7,2962,3433.9,3754.2,4065.4,4355.4,4793.3,5288.4,5796.7,6320.7,6872.8,7202.2,7403.4,7595.4,7821.2,8047,8222.7,8375.4,8530,8651.9,8716.1,8776.8,8848.8,8902.8,8943.1,8979.4,9011.5,8974.7,8927.1,8870.3,8812.6,8814.4,8833.4,8856.3,8881.4,8902,8910.8,8922.6,8943.8,8967,8978.8,8984.1,8987.4,8987.6,8980.2,8941.9,8906.5,8874.1,8846.3,8824.8,8807.2,8786.5,8763.4,8742.5,8731.3,8728.9,8731,8736.4,8743,8748.8,8755.1,8762,8761.8,8752,8739.6,8727,8717.3,8713.4,8713.3,8713.4,8695.6,8632,8543.5,8452.6,8185.7,7628.3,7038.3,5882.8,4943.7,5093.5,6228.3
0,0,0,0,0,0,0,0,0,0,0,0,0,0,0,0,0,0,0,0,0,0,0,0,0,0,0,0,0,0,0,0,0,0,0,0,0,0,0,0,0,0,0,0,0,0,0,0,0,0,0,0,0,0,0,0,0,0,0,0,0,0,0,0,0,0,0,0,0,0,0,0,0,0,0,0,0,0,0,0,0,0,0,0,0,0,0,0,0,0,0,0,0,0,0,0,0,0,492.71,849.36,1548.6,2456.6,3369.7,4187.3,4732.5,5024.3,5321.1,5609.2,5940.6,6303.3,6703.9,7105.8,7527.9,7777.3,7917.8,8046.6,8210.7,8370.5,8484.9,8575,8664.6,8736.4,8774.3,8809.9,8856.6,8907.8,8953.3,8994.8,9033.2,9016.5,8979.9,8939.4,8896.1,8886.8,8902.3,8920.4,8937.7,8956.2,8969.7,8986.1,9007.8,9030.7,9045.4,9055.5,9063.8,9070.4,9067.5,9030.4,8987.4,8946.3,8909.4,8880.8,8876.2,8868.4,8857.8,8843,8823,8801.3,8783.7,8769.6,8762.5,8765,8769.6,8774.7,8776.8,8771.6,8759.8,8747.8,8736.1,8730.3,8733,8736.1,8739.6,8713.4,8653.9,8593.9,8500.6,8228.7,7820.6,7252.1,6375.6,6399.1,7168.2
0,0,0,0,0,0,0,0,0,0,0,0,0,0,0,0,0,0,0,0,0,0,0,0,0,0,0,0,0,0,0,0,0,0,0,0,0,0,0,0,0,0,0,0,0,0,0,0,0,0,0,0,0,0,0,0,0,0,0,0,0,0,0,0,0,0,0,0,0,0,0,0,0,0,0,0,0,0,0,0,0,0,0,0,0,0,0,0,0,0,0,0,0,0,0,0,0,391.71,659.02,1081.3,1933.4,3071.8,4173.3,5156.8,5823.8,6103.4,6389,6664.5,6940.6,7238.1,7556.2,7881.8,8202.8,8372.9,8448.2,8508.8,8603.7,8698.2,8750.4,8777,8803,8825.2,8836.3,8849.3,8872.5,8913.3,8961.8,9008.3,9051.6,9053.8,9029,8997.8,8964,8946.9,8954.9,8968.7,8984.3,9001.2,9013.1,9025.8,9038.7,9054.9,9072.3,9089.1,9108.9,9132.4,9151.5,9119.7,9064.9,9014.7,8968.3,8933.1,8932.3,8940.9,8944.2,8941.8,8929.7,8888,8850.5,8816.9,8791.9,8782.8,8785.6,8788.9,8792.3,8791.1,8779.8,8768.2,8756.4,8748.7,8749.9,8755.7,8762,8759.8,8737,8704.9,8670.3,8576.6,8369,8185.9,7555.1,7039.6,7691.1
0,0,0,0,0,0,0,0,0,0,0,0,0,0,0,0,0,0,0,0,0,0,0,0,0,0,0,0,0,0,0,0,0,0,0,0,0,0,0,0,0,0,0,0,0,0,0,0,0,0,0,0,0,0,0,0,0,0,0,0,0,0,0,0,0,0,0,0,0,0,0,0,0,0,0,0,0,0,0,0,0,0,0,0,0,0,0,0,0,0,0,0,0,0,0,0,368.34,866.71,1276.5,1730,2538,3687.6,4804,5869.2,6639.3,6972.5,7275,7576,7816.4,8009.2,8187.2,8381.3,8593.7,8738.2,8806.8,8853.2,8918.7,8978.2,8996.5,8984.9,8951.7,8923.5,8905.9,8896.1,8895.8,8920.1,8969,9020.3,9068.4,9087.3,9074.8,9053.1,9029,9010.3,9011.6,9019.1,9028.4,9039,9047.1,9054.9,9064.1,9075.2,9087.4,9097.3,9108.8,9121.9,9135.7,9133,9091.9,9050.7,9009.4,8973.8,8965.3,8977.6,8988.8,8999.8,9001.3,8968.8,8922.2,8876.6,8833.4,8802.3,8803.3,8805,8807.3,8806.8,8799.6,8788.3,8776.9,8766.3,8762.3,8770.4,8780.3,8790.7,8790.7,8776,8756.7,8724.2,8657.2,8591.2,8275.2,7670.1,8193.3
4183.5,5759.3,0,0,0,0,0,0,0,0,0,0,0,0,0,0,0,0,0,0,0,0,0,0,0,0,0,0,0,0,0,0,0,0,0,0,0,0,0,0,0,0,0,0,0,0,0,0,0,0,0,0,0,0,0,0,0,0,0,0,0,0,0,0,0,0,0,0,0,0,0,0,0,0,0,0,0,0,0,0,0,0,0,0,0,0,0,0,0,0,0,0,402.17,634.59,914.87,1242.7,1686.8,2187,2574,2934.7,3524,4477,5394,6297.1,6981.1,7318.2,7566.7,7818.8,8061.8,8275.7,8455.2,8637,8823.9,8960.2,9027.4,9053.1,9067.8,9085.6,9076.9,9047.6,9018.6,8989.8,8969,8949,8927.5,8933.9,8978.4,9032,9084,9117.4,9117.6,9106.3,9092.6,9078.5,9074.5,9075.3,9078.1,9081.9,9084.8,9086.9,9090.1,9094.8,9101,9104.3,9108.5,9114.4,9121.8,9127.4,9087,9046.2,9005.3,8966.8,8942.8,8962.4,8982.9,9004.5,9022.1,9016.9,8969.7,8915.9,8864.4,8823.8,8814.8,8816.1,8817.8,8818,8813,8798.2,8782.3,8764.8,8753.6,8764.2,8785,8809.9,8826.6,8810.8,8790.1,8771.1,8758.2,8748.1,8666.6,8173.4,8715.6
5757.8,8111,8027.1,7069.1,0,0,0,0,0,0,0,0,0,0,0,0,0,0,0,0,0,0,0,0,0,0,0,0,0,0,0,0,0,0,0,0,0,0,0,0,0,0,0,0,0,0,0,0,0,0,0,0,0,0,0,0,0,0,0,0,0,0,0,0,0,0,0,0,0,0,0,0,0,0,0,0,0,0,0,0,0,0,0,0,0,0,0,0,0,0,0,1326.9,1815.8,2141,2485.7,2856.7,3227.4,3614.2,3925,4187.4,4568,5315.1,6048.2,6774.4,7365.8,7687.7,7884,8084.7,8281.5,8453.7,8586.3,8721.1,8861,8972.6,9033.2,9061.7,9091.7,9116.8,9117.2,9093.6,9067.3,9039,9018.8,9003.9,8984.1,8969.6,8993.8,9045.1,9097.4,9138.8,9150,9151,9154.5,9150.2,9142.3,9136.3,9131.9,9128.6,9125.4,9121.9,9119.1,9117.6,9117.6,9115.1,9112.2,9110.5,9110.5,9111.9,9080.6,9040.6,9000.3,8960.6,8923.9,8934.3,8950.1,8966.9,8984,8996.9,8964.5,8926.2,8884.8,8844.9,8822.4,8823.5,8825,8826.6,8823.7,8806.9,8786.4,8764.1,8743.4,8740.7,8774.3,8814.2,8850.7,8843.3,8811.9,8781.7,8770.1,8776.4,8785.2,8538.3,9257.3
7015.1,9898.6,10426,9291.9,8205.4,7347.8,6775.5,0,0,0,0,0,0,0,0,0,0,0,0,0,0,0,0,0,0,0,0,0,0,0,0,0,0,0,0,0,0,0,0,0,0,0,0,0,0,0,0,0,0,0,0,0,0,0,0,0,0,0,0,0,0,0,0,0,0,0,0,0,0,0,0,0,0,0,0,0,0,0,0,0,0,0,0,0,0,0,0,0,0,1278.1,2048,2836,3515.1,3788.5,4026.9,4336.6,4649,4954.1,5218.2,5443.8,5722.7,6230.3,6779.4,7326,7797.9,8081.2,8224.4,8371.5,8519.6,8649.1,8733.8,8820.9,8912.4,8991.5,9040.5,9065.2,9091,9115.3,9123.7,9111.4,9096.4,9078,9065.5,9057.3,9044.7,9030.4,9040.5,9072,9110.9,9152.4,9170.2,9170.3,9168.7,9168.5,9165.6,9162.6,9160.9,9160.8,9162,9159.9,9151.4,9143.9,9137.7,9129.6,9119.6,9110.3,9101.7,9095,9071.5,9033.3,8993.7,8954.6,8917,8909.3,8919.8,8931.7,8944.7,8956.5,8948,8921.4,8891.3,8858.3,8828,8828.5,8830.3,8832.2,8831,8818.7,8794.4,8768.3,8739.5,8719.2,8749.4,8804.4,8865.5,8879.7,8837,8793.5,8777.7,8799.1,8825.5,8806.2,9323.5
7715,10486,11087,10695,10131,9477.7,8751.5,8408.3,8326.2,8365.5,8501.6,8011.7,7292.2,6924.2,6646.7,6318.9,6136.4,5967.1,0,0,0,0,0,0,0,0,0,0,0,0,0,0,0,0,0,0,0,0,0,0,0,0,0,0,0,0,0,0,0,0,0,0,0,0,0,0,0,0,0,0,0,0,0,0,0,0,0,0,0,0,0,0,0,0,0,0,0,0,0,0,0,0,0,0,0,0,0,681.7,842.44,1960,3059.8,4120.5,4990.3,5272.9,5450.2,5713.7,5996.6,6258.3,6493.3,6708.4,6932.7,7241.7,7596.3,7957.1,8285.6,8501.6,8590.7,8683.7,8780.2,8858.4,8897.6,8934.3,8975.3,9016.4,9048.9,9069.7,9091.4,9113.6,9127.1,9126.4,9122.6,9115.8,9110.9,9108.9,9103.8,9095.1,9094.3,9107.3,9127.7,9154.3,9157.5,9150.1,9146.8,9149,9150.1,9147.8,9143.8,9135,9128,9119.3,9111.8,9106.4,9102.9,9100.5,9097.1,9093.3,9086.8,9077,9053,9015.3,8976,8938,8901.8,8881.6,8888.4,8897.7,8906.7,8915.2,8919.5,8904.8,8887.1,8865.9,8843.1,8833.4,8835.3,8837.3,8838.3,8834.9,8806.8,8777.7,8746.6,8715.3,8709.6,8779.2,8857.3,8902.7,8847.5,8795.9,8777.7,8813,8851.9,9027.2,9370
8125.1,10729,11460,11359,10844,10347,9891.3,9599.3,9448,9361.9,9345.2,9052.4,8578,8403.8,8313.3,8119.8,8013.9,7908,7705.7,7448.1,7199.5,6994.2,6835.6,6726.2,0,0,0,0,0,0,0,0,0,0,0,0,0,0,0,0,0,0,0,0,0,0,0,0,0,0,0,0,0,0,0,0,0,0,0,0,0,0,0,0,0,0,0,0,0,0,0,0,0,0,0,0,0,0,0,0,0,0,0,0,0,0,1051.8,1272.9,1487.2,2758.5,3936.1,5029.5,6001.6,6409.3,6631.9,6908,7221,7523,7782.3,7998.8,8201.2,8364.9,8494.9,8626.8,8773.1,8885.8,8920.5,8964.5,9015.1,9054.3,9058.2,9053.9,9050,9049.1,9058.8,9075.6,9093.1,9111.7,9127.8,9138.4,9145.6,9150,9153.5,9158.3,9161.3,9161,9154.8,9149.4,9151.5,9159.1,9149.8,9126.3,9102.2,9081.6,9069.6,9064.1,9060.8,9057.6,9054.4,9042.8,9029.3,9016.2,9003.9,8994.4,8990.2,8987.8,8985,8981.7,8973,8945.5,8913.8,8883,8854,8830.6,8837.9,8847.8,8855.3,8862.6,8870.7,8869,8864,8856.9,8847.7,8838.5,8840.3,8842.2,8844.3,8843.4,8824.8,8793.4,8761.7,8729.4,8702.8,8748.4,8821.4,8874,8820.3,8771.7,8760.1,8800.2,8853.1,9135.6,9419.9
8471.5,10998,11646,11841,11475,11057,10676,10391,10219,10125,10102,9973,9706.8,9654.8,9712.7,9685.3,9677.6,9633.4,9520.8,9377.8,9213,9037.3,8861.3,8657.1,8340,7504.1,6388.1,5438.6,0,0,0,0,0,0,0,0,0,0,0,0,0,0,0,0,0,0,0,0,0,0,0,0,0,0,0,0,0,0,0,0,0,0,0,0,0,0,0,0,0,0,0,0,0,0,0,0,0,0,0,0,0,0,0,0,1066.9,1949.5,2450.8,2789.3,2966.5,3902.1,4833,5716.4,6640.7,7137.6,7339.7,7528.8,7744.4,7964.7,8162.2,8369.1,8581.3,8765,8884.1,8980.4,9073.1,9148.3,9172.1,9195.8,9219.3,9214.9,9183.2,9144.7,9112.1,9088.2,9080.7,9093.4,9105.2,9116,9127.6,9147,9164.7,9179.8,9193.1,9205.4,9215.9,9225.8,9221.1,9201,9183.3,9172,9147.9,9106.8,9061,9017.6,8988.3,8977.4,8974.6,8972,8969.2,8953.2,8932.2,8910.8,8890.3,8874.5,8872.1,8875.2,8878,8880.3,8878.3,8855.1,8826.1,8797.3,8770.4,8744.5,8752.7,8764.4,8777.1,8789.1,8800.7,8808.6,8813.3,8816.5,8818.2,8817.6,8821.9,8827.8,8833.2,8837.6,8838.6,8815.4,8794.9,8774.3,8752,8746.4,8789.1,8811.1,8773.3,8736.5,8738.1,8779.2,8848.7,9271.6,9477.2
8767.2,11299,11827,12150,12038,11702,11391,11133,10955,10851,10813,10765,10659,10673,10684,10662,10609,10504,10370,10227,10062,9867.3,9660.7,9470.5,9240.1,8622.8,7798.5,7204.8,6687.2,6276.5,5974.5,5585.8,0,0,0,0,0,0,0,0,0,0,0,0,0,0,0,0,0,0,0,0,0,0,0,0,0,0,0,0,0,0,0,0,0,0,0,0,0,0,0,0,0,0,0,0,0,0,0,0,0,954.2,1455.8,2059.4,2819.8,3588.6,4030.9,4323,4472.2,5011.4,5676.9,6344.8,7094.7,7576.8,7739.1,7914.8,8102.7,8288.7,8439.4,8592.8,8745.7,8878,8947.4,9017,9086.9,9150.9,9176.5,9200.9,9225.2,9240.8,9226.5,9193.5,9159.8,9128.1,9109.2,9120.5,9132.3,9144.7,9155.7,9166,9178.9,9196.5,9220.5,9250.1,9265.6,9278.6,9279,9252.3,9215.7,9188.2,9151.1,9093.9,9025.7,8958.7,8907.4,8887.6,8885.5,8883.7,8881.1,8861.7,8833.6,8803.8,8775,8752.7,8751.2,8760.4,8769.3,8777.6,8781.1,8762,8734.8,8707.3,8681.6,8656.6,8665.2,8678.7,8693.7,8708,8722,8734.9,8746.5,8757.5,8767.3,8776.2,8785.6,8797.8,8809.2,8819.9,8829.7,8827.7,8816.5,8805.7,8794.3,8783.2,8781,8756.9,8725.1,8705,8721.4,8763.1,8867.6,9359.2,9521.2
8813.8,11481,11948,12421,12517,12265,12019,11804,11635,11515,11442,11385,11308,11301,11360,11343,11222,11060,10891,10727,10554,10367,10192,10055,9937.5,9541.5,9008.1,8681.9,8447.2,8211.1,7969.9,7633.1,7121.8,6426.9,5779.1,0,0,0,0,0,0,0,0,0,0,0,0,0,0,0,0,0,0,0,0,0,0,0,0,0,0,0,0,0,0,0,0,0,0,0,0,0,0,0,0,0,0,0,0,1325.2,2019.4,2689.4,3192,3726.2,4374.5,5005.8,5393.8,5650.6,5789.9,6069.4,6526.3,7036.3,7598.1,8023.8,8147.6,8272.4,8407.2,8543.9,8646.8,8756.9,8871.6,8980.9,9023,9065.7,9110.2,9153.5,9181.7,9206.7,9231.4,9250.5,9245.6,9219.2,9191.9,9164.8,9145.3,9157.8,9169.8,9181.3,9189.8,9193.1,9194.7,9200,9208.6,9222.4,9242.3,9261.5,9276.5,9263.6,9226.2,9188.1,9144.2,9080.4,9004.3,8930.6,8867.6,8838.9,8834.2,8829,8823.3,8800.5,8764.3,8722.7,8679.5,8641.5,8628,8645.6,8664.8,8682.8,8693,8680.2,8655.6,8629.8,8604,8580,8584.9,8596.3,8611.1,8627.9,8644.2,8661.6,8679.5,8697.7,8714.6,8731.1,8746.9,8763.5,8780.2,8795.9,8810,8822.8,8823.3,8822.1,8821.2,8823.4,8787.1,8710.7,8683.2,8669.1,8668.9,8653.8,8813.8,9364.8,9548.6
8721.9,11640,11963,12318,12607,12597,12513,12391,12220,12063,11949,11857,11728,11627,11551,11489,11397,11262,11118,10982,10850,10724,10622,10565,10534,10334,10037,9877.5,9835.7,9756.1,9543.8,9220.9,8753.9,8155.8,7580.3,7135.1,6780,6191.9,5278.1,0,0,0,0,0,0,0,0,0,0,0,0,0,0,0,0,0,0,0,0,0,0,0,0,0,0,0,0,0,0,0,0,0,0,0,0,0,0,0,1442.5,2412.6,3416.5,4284.2,4792.2,5256.9,5789.5,6285.3,6624.9,6867.8,7028,7205.1,7491.9,7815,8174.8,8491.9,8576.8,8651.1,8733.2,8820.6,8876.5,8941.5,9016,9090.1,9110.2,9125.5,9143.1,9162.9,9187.6,9212.9,9238,9259.7,9263.5,9243.5,9222.6,9200.5,9184.8,9194.8,9208.4,9221.3,9230.7,9230.1,9217.5,9208.2,9201.9,9198.6,9197.6,9196.4,9195.4,9181.5,9148.9,9116.3,9083.1,9039.9,8984.4,8928.8,8873.4,8841.7,8833.6,8825.8,8818.3,8799,8767.6,8731.8,8695.8,8665.9,8657.3,8664.9,8672.5,8680.5,8681.6,8666.5,8639.9,8612.8,8585.3,8562,8560.1,8567.3,8578.5,8593.3,8607.3,8624.3,8642.7,8661.7,8679.4,8697.2,8715.4,8734.3,8753.3,8771.7,8789,8805.9,8817.4,8826.9,8837.6,8850.5,8777.1,8679.4,8652.4,8616.3,8569.2,8495.5,8751.8,9385.1,9580.3
8586,11658,12006,12266,12537,12612,12553,12487,12389,12231,12076,11928,11803,11725,11670,11632,11571,11464,11343,11232,11134,11059,11024,11033,11072,11031,10932,10913,10887,10673,10422,10133,9805.5,9412.2,8887,8408,8022.8,7496.7,6671.2,5732.6,4822,0,0,0,0,0,0,0,0,0,0,0,0,0,0,0,0,0,0,0,0,0,0,0,0,0,0,0,0,0,0,0,0,0,0,200.26,299.95,936.2,2089,3349,4625,5703.6,6237.1,6618.9,7033,7412.3,7657.5,7842.6,7993.1,8133.8,8322.2,8533.9,8757.5,8966.3,9029.9,9053.7,9083.3,9118.4,9133.5,9151.6,9177.8,9211,9207.5,9194.8,9185.6,9180.1,9194.3,9220,9245.3,9268.8,9280,9266.5,9252,9236.1,9223.8,9231.7,9246.8,9261.3,9273.1,9273.8,9247.1,9222.9,9201,9179.7,9159.2,9137.4,9114.9,9090.9,9064.2,9037.1,9010.1,8981.4,8950.1,8918.3,8886.6,8862.3,8849.8,8840.1,8830.6,8813.9,8787.5,8757.1,8726.5,8701.3,8692.2,8697.4,8702.7,8708.4,8707.4,8695.6,8675.3,8654.7,8633.7,8617.2,8610.8,8612.1,8614.3,8617.4,8621.6,8631.2,8642.8,8655.5,8668.1,8681,8695.8,8712.6,8729,8745.3,8760.9,8776.6,8788.3,8799.2,8812.3,8821.6,8744.9,8670.7,8619.6,8549.8,8456.4,8334.9,8696.2,9382.9,9615.8
8438.6,11418,12099,12265,12478,12599,12575,12541,12474,12324,12160,12002,11875,11815,11784,11771,11743,11667,11568,11480,11410,11377,11407,11481,11533,11485,11333,11144,10958,10764,10552,10323,10073,9780.1,9433.3,9081.4,8776.9,8403.6,7832.2,7116.7,6418.1,5731.8,5247.7,4947.8,4680.7,4250.1,0,0,0,0,0,0,0,0,0,0,0,0,0,0,0,0,0,0,0,0,0,0,0,0,0,0,0,0,502.09,989.07,1456.4,2237.3,3225.6,4318.7,5518.8,6631,7194.1,7527.5,7869.3,8192,8393.5,8555.9,8715.1,8863.9,8970.7,9055,9120.8,9208.1,9227.7,9240.2,9259.2,9283.6,9298.9,9313,9327.3,9341.3,9314.8,9271.9,9234.8,9203.7,9200.9,9226.5,9252.1,9276.8,9294,9285,9276.4,9268.6,9262.2,9268.9,9285.4,9301.5,9316.5,9321.1,9283.2,9244.4,9206.6,9167.6,9127.7,9085.6,9041.7,9000.6,8971.1,8948.3,8926.3,8907.1,8895.4,8889.3,8884,8877.3,8867.2,8855.7,8844.2,8829,8807,8781.9,8756.7,8736.1,8727.3,8729.6,8732.5,8735.8,8733.7,8725,8711.3,8697.3,8682.8,8670.7,8661.9,8656.2,8651.3,8647.6,8645.7,8647.3,8651.1,8655.6,8660.6,8666.3,8678.1,8691.9,8706.2,8720.5,8734.6,8748,8761.2,8775.5,8793,8775.6,8716.3,8654.6,8574.7,8472.9,8339.2,8179.7,8644.6,9367.1,9649.5
8272.4,11113,12222,12301,12443,12569,12581,12581,12549,12418,12244,12077,11945,11899,11894,11908,11913,11871,11794,11719,11633,11578,11578,11584,11588,11537,11385,11204,11029,10854,10680,10510,10333,10131,9888.7,9637.7,9431.2,9203.3,8832.8,8310.9,7798,7271.7,6834.2,6531.8,6288.5,5779.4,0,0,0,0,0,0,0,0,0,0,0,0,0,0,0,0,0,0,0,0,0,0,0,0,0,0,637.7,1217.7,1896.4,2545.4,3093.7,3705.6,4434.6,5296,6239.8,7158.7,7639.3,7885.4,8143,8404.7,8574,8705.7,8836.3,8963.4,9055.9,9137.1,9217.8,9298.9,9321.4,9327.6,9333.4,9340.2,9343.8,9345.6,9345.2,9347.8,9332.4,9296.5,9259.1,9221.8,9205.1,9231.1,9257.5,9283.4,9305.9,9297.7,9288.4,9278.7,9271,9276.2,9295.8,9317.7,9342.4,9359,9326,9272.4,9218.7,9162.4,9103.6,9043.6,8985,8934.6,8902.9,8888,8871.7,8855.1,8844,8842.2,8840.5,8839.1,8830.7,8818.3,8807.9,8799.3,8789.7,8779.6,8770.1,8765.1,8760.5,8756.4,8753.7,8752.3,8748.7,8742.4,8734.8,8727.5,8720.4,8712.4,8704,8695.5,8686.5,8676.1,8667.6,8661.1,8656.2,8651.8,8648.2,8649.2,8657.1,8669.6,8682.1,8694.4,8707.1,8721.7,8738.3,8757.3,8770.8,8737.6,8694.1,8625.7,8523.2,8407.7,8267.2,8119.3,8633.6,9340.5,9649.3
8079.6,10927,12341,12358,12429,12526,12573,12608,12614,12510,12328,12152,12011,11973,11993,12022,12040,12002,11904,11807,11712,11645,11633,11623,11617,11570,11434,11266,11103,10944,10807,10697,10589,10469,10320,10162,10047,9932,9719.4,9376.6,9035.4,8670.8,8295.1,7986.5,7762,7054.1,5644.4,4380.1,3245.6,2656.8,0,0,0,0,0,0,0,0,0,0,0,0,0,0,0,0,0,0,0,0,0,1185.9,1992.5,2792.5,3469.1,4073.4,4587.9,5071.4,5618.4,6268.4,6974,7703.3,8102.2,8273.2,8455.7,8646,8780,8880.8,8978.1,9073.6,9148.8,9214.3,9278.7,9343.4,9362.1,9359.6,9355,9351.6,9351,9351.5,9352.3,9353.2,9339.8,9305.6,9268.6,9231.7,9206.6,9231.6,9259.3,9286.8,9313.5,9302,9288.5,9276.2,9266.1,9265.5,9280.8,9297.7,9314,9324.2,9295.8,9242.3,9187.5,9132.5,9081.4,9037.7,8998,8962.9,8934.2,8910.4,8884.3,8855.9,8827.2,8802.9,8778.1,8754.5,8736.8,8726.6,8718.4,8712.3,8709,8705.4,8700,8695.8,8696.2,8700.3,8703.7,8705.8,8707.7,8710,8712.2,8714,8715.5,8711.9,8704.6,8695.4,8682.7,8670.8,8662.9,8657.2,8652.5,8647.4,8641.5,8642.5,8648,8656,8663.9,8671.9,8684.4,8702.8,8725.5,8751.1,8746.5,8708.7,8662.5,8578.1,8479.5,8372.8,8235.4,8093,8614.4,9295.6,9626.8
7869.9,10817,12459,12388,12391,12454,12555,12616,12656,12586,12394,12208,12053,12004,12041,12086,12122,12086,11970,11852,11734,11644,11635,11632,11631,11598,11483,11331,11184,11047,10947,10891,10844,10799,10736,10646,10576,10497,10350,10099,9847.7,9580.6,9196.8,8701.5,8267.9,7487.7,6508,5760.6,5018.9,4536.5,4188.7,0,0,0,0,0,0,0,0,0,0,0,0,0,0,0,0,0,0,0,1298.6,2272.4,3323.1,4229.9,4899.8,5469.3,5979.4,6420.3,6838,7282.7,7766,8282.6,8571.8,8692.7,8800.6,8914.9,9003.8,9071,9134.1,9196.2,9250,9298.4,9345.8,9393.7,9406.3,9395,9379.9,9366.1,9359.3,9357.9,9357.8,9357.7,9346.8,9314,9277.4,9240.8,9207.4,9230.7,9259.6,9289.1,9318.1,9307.4,9287.9,9269.1,9251.8,9240.8,9247.2,9255.2,9264.9,9272,9247.4,9195.6,9144.1,9093.7,9050.7,9024,9002.1,8985.3,8971.7,8939.4,8904.2,8865.9,8824.4,8777.4,8727.4,8678.5,8637.9,8625.3,8617.4,8612.5,8614.8,8620.4,8623.1,8623.7,8624.9,8627.3,8629.2,8630.4,8634.2,8642.5,8650.5,8657.9,8663.7,8663.9,8657.9,8650.5,8642.9,8635.8,8635.6,8640.7,8646.1,8650.7,8654.9,8661.7,8670.5,8679.5,8689.2,8701.5,8720.1,8743.8,8769.8,8781.6,8736.3,8668.6,8593.9,8522.5,8455,8361.4,8220.9,8076.8,8590.3,9241.1,9589.9
7650,10651,12583,12429,12346,12329,12440,12549,12636,12618,12426,12237,12068,12003,12046,12092,12130,12112,11991,11868,11743,11646,11637,11639,11644,11625,11531,11395,11263,11143,11067,11048,11037,11025,10989,10921,10862,10793,10669,10477,10279,10049,9622.2,9040.2,8548,8000.9,7457.7,7064.1,6732.1,6349.3,5873.7,5341.8,0,0,0,0,0,0,0,0,0,0,0,0,0,0,0,0,134.65,763.07,2017.2,3251.9,4509.6,5538.4,6244.2,6813.6,7354.1,7821.6,8165,8405.8,8658.4,8915.2,9065.2,9111.2,9141.9,9182.6,9221.6,9255.3,9287.9,9320.7,9353.4,9386.7,9419.4,9450.5,9454.7,9434,9408,9383.3,9368.8,9364.9,9363.8,9362.8,9353.9,9322.2,9285.4,9248.9,9212.7,9229.6,9258.6,9291.2,9322.2,9314,9289,9263.6,9239.4,9218.8,9215.5,9214,9214.5,9213.8,9188.9,9141,9094,9048.6,9010.9,9001.3,8996.4,8994.7,8991.6,8951.7,8897.9,8839.4,8773.1,8699,8638.6,8590.9,8549.6,8534.9,8525.9,8511.9,8519.5,8534.9,8546.7,8552.7,8554.2,8554.5,8554.9,8555.9,8561.8,8577,8591,8604,8613.7,8617.4,8611.9,8606.1,8599.9,8598,8605.9,8625.2,8644.2,8662.7,8678.6,8690.7,8700.3,8710,8720.3,8736.9,8760,8786.3,8814.1,8789.3,8708.5,8615.3,8530.5,8479.8,8438.2,8352,8207.7,8068,8559,9179.4,9544.2
7419.8,10406,12668,12483,12315,12215,12321,12453,12568,12597,12410,12224,12053,11973,12028,12083,12135,12138,12012,11885,11755,11649,11638,11646,11657,11651,11578,11457,11339,11225,11153,11148,11142,11131,11090,10995,10901,10806,10702,10567,10428,10263,9882.5,9371.8,9078,8835.4,8682.9,8620.3,8461.3,8017.2,7448.6,6853.4,6029.5,0,0,0,0,0,0,0,0,0,0,0,0,0,0,300.16,752.93,1676.2,3038.1,4246,5420.3,6366.9,6990.9,7452.8,7917.2,8369.4,8712.5,8894.2,9078.6,9251.6,9355,9382.9,9385.7,9388.8,9394.5,9403.6,9413.7,9420.8,9428.8,9440.2,9453.7,9468.7,9467.3,9445.6,9418.2,9391.2,9373.5,9370.3,9370.5,9368.6,9360.9,9330,9293.2,9256.8,9220.2,9230.8,9259.1,9293.5,9326.3,9321.1,9291.4,9259.4,9228.3,9198.8,9184.8,9172.5,9161.7,9149.7,9123.3,9080.7,9038.9,8998.6,8963.2,8967.1,8962.2,8947,8919.6,8855.3,8773.2,8689.6,8602.1,8523.3,8486.7,8467.9,8460.3,8465,8482.4,8482.5,8482.1,8486.5,8489.1,8489.4,8488.6,8489.9,8490.5,8492.1,8499.6,8518.3,8535.4,8551.4,8564.4,8570.2,8566.3,8561.9,8557.2,8562,8582.6,8615.9,8648.6,8681.6,8705.8,8720,8730.2,8740.8,8753.3,8772.8,8798.5,8825.3,8839.2,8776.5,8668.2,8552.4,8471.5,8444.6,8423.7,8340.4,8200.5,8086.3,8533.4,9119.3,9482.4
7536,10104,12730,12552,12303,12116,12200,12355,12496,12575,12392,12211,12039,11943,12008,12073,12138,12165,12035,11903,11768,11653,11638,11649,11664,11667,11609,11489,11369,11255,11175,11170,11163,11154,11118,11018,10916,10818,10726,10654,10598,10560,10360,10097,10043,9935.1,9839.8,9737.8,9537.9,9027.9,8498.4,7962.8,7231,6043.6,4885.1,0,0,0,0,0,0,0,0,0,0,0,570.42,1353,2234.6,3150.6,4281.9,5267.8,6208.5,7005.6,7548.4,7916.5,8290.4,8663,8931.7,9064.6,9185.8,9309.6,9398.6,9429.2,9431.4,9434.2,9438.4,9445.1,9452.7,9460.4,9464.9,9464.8,9463.7,9463.8,9455.7,9434,9407,9380.1,9360.3,9355.2,9356.5,9357.8,9356,9333.2,9301.5,9267.8,9232.2,9237.3,9261.1,9289,9314,9308.3,9278,9244.5,9211.6,9179,9156.5,9134.8,9112.8,9089,9059.8,9025.1,8990.1,8955.1,8920.5,8899.8,8869.9,8829.9,8777.8,8703.6,8616.6,8528.2,8437.2,8356.3,8338.4,8346.9,8368.5,8402.2,8444.4,8470.2,8477.3,8479.6,8482.4,8485.1,8486,8483.7,8478.6,8474,8476.3,8489.9,8504.5,8523,8537.7,8544.6,8544.4,8543.5,8542,8552,8579.9,8617.4,8655.9,8694.8,8725.2,8740.1,8754.5,8768.8,8785.5,8805.5,8827.2,8848.4,8830.2,8744.9,8635.7,8526.4,8471.9,8458.7,8442.9,8367.6,8257.5,8183.6,8567.3,9077.8,9406.9
7902.5,9884.4,12758,12643,12312,12037,12079,12255,12419,12552,12375,12197,12025,11910,11986,12061,12138,12194,12056,11912,11769,11645,11622,11639,11659,11673,11632,11516,11399,11286,11198,11192,11186,11178,11149,11043,10935,10830,10741,10739,10770,10814,10655,10383,10204,10106,10012,9906.5,9735,9368.4,9002.6,8657.2,8206.5,7401.7,6588.7,5800.1,4929.5,0,0,0,0,0,0,0,377.69,1316.1,2199.7,3012.7,3760.8,4516.3,5427.4,6206.4,6950.6,7602.7,8062.5,8332.5,8605.4,8878.2,9085,9195.8,9284.6,9375.5,9447.2,9476.5,9477.7,9479.5,9482.3,9486.8,9492.5,9498,9496.7,9483.3,9465.3,9448.8,9431.2,9409.5,9385.4,9361.4,9342.6,9337.7,9339.7,9341.6,9342.3,9329.7,9309.6,9287.5,9263.3,9257.6,9266.4,9278.3,9287.2,9277.4,9249.8,9218.8,9188,9157.3,9129.8,9102.2,9073.8,9044,9012.6,8980,8946.9,8913.5,8880.1,8837,8782.9,8718.1,8640.3,8554.7,8476,8404.5,8339.1,8282.3,8274.1,8286.7,8307.9,8349.7,8411.4,8457,8474.9,8476.1,8477.7,8481.1,8491.4,8499.5,8504.6,8507.7,8511.2,8517.5,8524.9,8533.2,8541.5,8548.4,8553.8,8559,8564,8576.1,8598.9,8624.5,8650.5,8675.7,8697.5,8714.8,8732,8749.1,8764,8775.4,8785.9,8795.9,8773.4,8713.1,8649.7,8588.9,8549.1,8519.2,8486.2,8419.8,8343.4,8303.1,8616.6,9042.7,9332.5
8399.7,9738.8,12595,12729,12341,11986,11963,12158,12342,12505,12357,12183,12011,11874,11957,12034,12109,12166,12038,11896,11757,11632,11603,11626,11652,11676,11655,11542,11429,11318,11222,11216,11210,11204,11184,11072,10956,10847,10762,10798,10836,10856,10682,10485,10349,10265,10183,10093,9965.1,9741.7,9539.3,9369.1,9165.7,8729.6,8255.9,7800.5,7158.2,5549.7,0,0,0,0,0,1249.3,2107.3,2947.3,3787.8,4537.6,5229.7,5879.4,6546.3,7145.6,7716.9,8232.9,8610,8785,8957.7,9126.6,9263.6,9342.5,9398.1,9455.3,9503.7,9525.9,9524.9,9525.2,9527.1,9529.7,9533.1,9536.1,9530.1,9504.8,9470.1,9437.1,9408.2,9384.8,9363.5,9342.1,9324.4,9319.5,9322,9324.5,9326.7,9323.1,9314.8,9304.5,9292.7,9282.2,9275.1,9267.9,9258.2,9240.8,9215.1,9187.5,9160.4,9133.4,9102.5,9070,9036.3,9001.2,8967.2,8935.2,8903.5,8871.5,8838.7,8775.8,8699.4,8615.3,8525,8454.8,8403.1,8362.2,8326.6,8293.8,8278.3,8270.7,8269.1,8306.5,8370.7,8434.3,8472.1,8472.5,8473.4,8476.7,8497.8,8515.7,8530.6,8541.2,8544.2,8543.3,8543.8,8545.2,8549.9,8562.3,8576.3,8590.2,8603.5,8614.9,8620.5,8626.4,8632.8,8643.3,8661.9,8684.7,8707.3,8727.3,8737.4,8736.5,8735,8731.9,8721.8,8705.4,8689.7,8670.7,8634.3,8584.9,8531.7,8478.3,8432.8,8419.9,8670.3,9014.1,9259.9
8977.8,9797.6,12116,12782,12405,12016,11891,12070,12268,12459,12344,12169,11993,11826,11910,11988,12058,12115,12003,11865,11734,11615,11582,11612,11644,11677,11677,11568,11459,11350,11247,11233,11223,11213,11195,11088,10975,10872,10805,10840,10869,10863,10701,10561,10455,10387,10322,10257,10179,10076,9991.9,9929.5,9857.7,9621.1,9303.5,8986.1,8514.2,7122.8,5188.4,0,0,0,0,3269.5,3913.1,4499.3,5192.9,5920.3,6569.2,7165.2,7674.7,8110.5,8521.3,8895.7,9181.9,9274,9351.3,9417.7,9472.7,9507,9527.5,9547.6,9565.1,9573,9568.4,9564.9,9562.3,9561.5,9562.6,9564.3,9557.2,9525.6,9477.7,9428.7,9387.2,9360,9341.3,9322.4,9306.1,9301,9303.9,9306.8,9309.5,9313.6,9317.4,9319.5,9320.5,9308.3,9286.6,9260.2,9231.9,9205,9179.6,9155.2,9131.4,9107.1,9073.7,9036.1,8997.3,8957,8920.8,8889.6,8859.1,8822.7,8776.5,8698.7,8616.8,8539.7,8469.8,8416,8377.1,8347.5,8322.7,8299.8,8277.7,8250.8,8229.4,8269,8326.6,8386.4,8428.5,8451.8,8466.2,8472.7,8503.4,8530.2,8554.5,8574.1,8575.5,8567.6,8561,8556,8556.2,8578.2,8600.9,8623.6,8642.4,8648.7,8634.9,8621.1,8607.1,8604.5,8627.6,8655.8,8684.1,8704.7,8706.3,8694.4,8682.1,8675.1,8685.9,8712.7,8741.2,8755.2,8716.6,8648.5,8578.8,8539.3,8523.6,8534.6,8729.2,8993.4,9184.6
9474.4,10029,11797,12760,12468,12094,11917,12074,12253,12431,12340,12155,11967,11781,11839,11912,11981,12045,11958,11831,11710,11597,11560,11596,11635,11675,11697,11588,11479,11368,11260,11234,11215,11199,11182,11089,10988,10899,10847,10874,10892,10850,10689,10566,10481,10433,10389,10347,10302,10247,10194,10140,10072,9888.5,9634.2,9393.1,9123.3,8338.6,7087.9,5996.9,0,0,0,5321.4,5612.3,5836.8,6166.4,6823.4,7428.3,7977.2,8408.1,8672.6,8935.2,9185.4,9388,9435.1,9470.9,9506,9537.7,9560.3,9573.7,9586.4,9595.9,9597.3,9587.6,9578,9569.5,9565.2,9564.3,9563.9,9556.2,9522.3,9471.7,9422.7,9379.9,9353.4,9338.3,9320.7,9301.8,9288.7,9285.5,9288.7,9292.1,9301.8,9314.7,9326.4,9337.4,9325.6,9291,9246.4,9201.2,9165,9138.4,9115.8,9093.4,9069.1,9033,8990.2,8946.6,8901.8,8860.2,8819.8,8775.5,8726.9,8671.1,8602.9,8535.1,8472.8,8417,8376.7,8349.3,8330.5,8316.3,8303.2,8266.4,8220.3,8189.1,8227.7,8278.7,8331.8,8379.5,8416.1,8442.9,8461.8,8497.8,8532.8,8567.1,8597.4,8593.8,8581.1,8569.8,8560.9,8560.3,8586.8,8613.3,8640.4,8661.9,8660.9,8638.1,8613.1,8586.8,8572,8600.8,8630.8,8662.8,8685.6,8678.1,8661.1,8645.2,8643.7,8677.1,8732.3,8787.6,8820.4,8784.9,8724.4,8671.9,8652.9,8651.7,8659.7,8730.5,8778.4,8814
9654.1,10332,11630,12719,12529,12174,11946,12080,12246,12411,12341,12143,11940,11734,11765,11836,11904,11970,11908,11794,11683,11580,11539,11580,11625,11672,11704,11586,11464,11340,11216,11173,11160,11153,11149,11082,10998,10925,10886,10904,10887,10783,10651,10554,10492,10457,10427,10399,10366,10307,10248,10187,10122,9996.6,9851,9741,9656,9340.2,8746.5,8379.2,8177,7713.7,7232.8,6798.5,6825.7,6824.3,6869.6,7296,7785.6,8245.9,8663.3,8883.3,9090.4,9285.4,9448.6,9502.9,9526.5,9549.1,9570.1,9585.9,9594,9602.2,9609,9604.6,9583.2,9562,9542.9,9531.5,9527.3,9523.7,9515.9,9492.2,9453.9,9414.6,9379.2,9360.4,9356.2,9350.2,9341.5,9328.4,9313,9299.7,9288.8,9288.7,9297.6,9308.6,9319.9,9307.2,9262.6,9205.9,9152,9111.3,9083.4,9060.8,9038.4,9011.8,8974.4,8930.3,8885.8,8840,8792.9,8742.9,8688.7,8629.7,8567.7,8508,8454.3,8405.6,8361.9,8332.5,8314.4,8303.3,8296.2,8281.4,8245.8,8201.2,8165.7,8182.7,8227.4,8274.4,8330.9,8379.7,8418.4,8448.7,8484.4,8519.4,8553.7,8585.8,8585.3,8575.6,8565.4,8556.5,8557.6,8578,8598.2,8618.2,8634.6,8635.8,8630.5,8625.2,8621.6,8626.9,8649,8671.4,8693.7,8708.1,8699.3,8689.1,8678.8,8680.6,8714.5,8762.8,8814.3,8850.1,8839,8823,8815.2,8809.2,8799.8,8782.1,8707.9,8546.4,8406.8
9712.6,10516,11575,12674,12584,12251,11983,12088,12241,12392,12342,12133,11913,11692,11691,11759,11826,11893,11855,11754,11654,11562,11515,11547,11582,11613,11640,11531,11411,11287,11161,11108,11102,11103,11110,11071,11006,10950,10916,10883,10837,10719,10613,10542,10502,10481,10464,10451,10428,10368,10304,10240,10175,10113,10061,10023,9996.2,9845.7,9476.7,9130.9,8769.8,8413.7,8079.1,7757,7626.2,7629.8,7630.8,7805.9,8183.7,8538.4,8870.5,9072.8,9231.1,9374.4,9498.3,9552.8,9569,9584.2,9598.1,9609.3,9614.8,9620.4,9624.2,9614.3,9581.4,9548.8,9519,9499.8,9492,9484.5,9475.4,9457.9,9431.6,9404,9379.6,9371.1,9379.3,9385.6,9387.6,9374.3,9345.3,9318.4,9293.4,9276.8,9268.3,9261.3,9254.1,9232.2,9187.2,9134.3,9084,9045.4,9018.7,8996.9,8975.6,8948.9,8910.7,8866,8821,8775.5,8722.7,8662.6,8597.4,8528,8464.4,8413.5,8371,8330,8290.9,8269.7,8260,8255.8,8257.5,8248.6,8229.4,8207.7,8194.8,8210.5,8223.3,8226.2,8279.1,8340.3,8392,8433.5,8469.7,8504.8,8539.1,8572.6,8571.5,8564,8555.7,8548,8548.1,8556.7,8564.9,8573.1,8582.2,8605.1,8628.8,8652.7,8675.1,8689.8,8699.3,8709.2,8718.8,8725.5,8725.2,8724.9,8724.5,8731.6,8760.3,8793.7,8828.9,8862.7,8896.4,8937.9,8977.6,8973,8944.6,8892.4,8677.7,8313,7985.8
9792.6,10599,11597,12639,12633,12326,12032,12101,12240,12375,12344,12126,11888,11650,11618,11681,11750,11825,11815,11730,11638,11545,11486,11505,11531,11553,11571,11476,11357,11233,11106,11041,11039,11049,11064,11055,11007,10950,10885,10830,10770,10649,10580,10535,10514,10503,10495,10487,10464,10402,10335,10270,10207,10162,10124,10080,10028,9900.8,9627.7,9362.5,9134.4,8930.8,8736.1,8527.9,8350.8,8367.4,8393.3,8444,8692.5,8926.3,9144.2,9296.1,9401.3,9489.8,9565.7,9606.1,9615,9622.6,9629.1,9634.4,9637.2,9639.7,9640.7,9625.7,9581.7,9538.3,9498.1,9470.9,9458.7,9446.9,9435.5,9423,9408,9391.7,9377.7,9378.9,9399.2,9417.6,9431.7,9421.8,9379.6,9339.4,9300.6,9267.6,9241.3,9215.6,9189.1,9156.1,9110,9060.5,9013.6,8977.2,8952.4,8931.9,8911.9,8885.1,8846.4,8801.6,8756.8,8710.2,8648.7,8574.2,8499.9,8427.6,8369.8,8322.5,8276.4,8228.1,8187.7,8172.4,8177.9,8187.5,8201.7,8213.6,8226.2,8237.3,8247.8,8264.7,8278.9,8288.3,8310,8336.2,8368.7,8421.7,8458.7,8491.8,8523.6,8557.2,8557.4,8552.3,8546.4,8540.3,8535.8,8532.1,8528,8524.5,8532.3,8584.5,8637.3,8690.4,8738.3,8747.8,8744.4,8741.6,8739.9,8742.9,8752.5,8762,8771.7,8783.1,8799.9,8817.6,8836.8,8877.2,8965.3,9062.4,9144.4,9128,9076.7,8985.3,8638.9,8079.7,7579
9894.3,10726,11599,12587,12658,12392,12113,12116,12233,12350,12342,12123,11876,11635,11579,11645,11720,11792,11794,11718,11625,11529,11456,11462,11480,11494,11504,11418,11301,11177,11050,10979,10985,11004,11026,11032,10991,10922,10820,10759,10679,10597,10555,10528,10508,10488,10469,10449,10415,10357,10298,10244,10194,10148,10099,10046,9987.3,9895.3,9716.5,9561.8,9446,9353.7,9260.1,9138.9,8983.1,8999.9,9050.9,9104.5,9213.1,9327.4,9433,9515,9563.6,9602.4,9633.4,9651,9652.1,9652.4,9652.2,9652.3,9654.8,9655.8,9654.9,9635.8,9582.4,9531.3,9484.2,9452.5,9439.1,9425.7,9412.3,9399.9,9389.1,9379.1,9373.6,9383.6,9416,9446.7,9473.8,9470.9,9415.8,9361.1,9308.1,9259.3,9215.4,9171.1,9125.1,9080.2,9034.6,8989.7,8947.3,8914.1,8891.5,8871.3,8850.7,8820.1,8774.8,8722,8666.9,8606.6,8539.7,8470.9,8404.8,8342.1,8285.2,8229.7,8173.9,8117.1,8083,8081.4,8100.5,8122.9,8150.1,8186,8228,8269.2,8301.2,8326.4,8346.7,8361.6,8377.7,8399.3,8425.2,8454.3,8475.1,8495.8,8520.6,8552.6,8553.7,8549.9,8545.6,8541.3,8533.5,8524.3,8514.6,8504.3,8521.8,8587.9,8658.2,8733,8808.4,8801.3,8785,8767.7,8752.9,8756,8772.1,8787.7,8802.7,8815.2,8822.9,8831.9,8845.7,8896.5,9001.4,9108.8,9184.5,9111.5,9000.5,8843.5,8459,7915.8,7409.1
9961.8,10865,11739,12522,12636,12382,12120,12077,12183,12293,12320,12125,11885,11654,11580,11641,11717,11785,11792,11713,11614,11512,11426,11420,11431,11437,11438,11361,11248,11130,11015,10944,10964,10990,11006,11014,10959,10864,10729,10653,10591,10548,10511,10477,10449,10421,10392,10361,10327,10284,10244,10209,10179,10137,10084,10026,9964.1,9894.3,9801.5,9741.4,9690.8,9646.8,9587.8,9507.3,9414.2,9419.9,9481.7,9543.8,9584.7,9607.5,9628.8,9647.4,9654.8,9660.7,9665.8,9667.6,9659.5,9650.8,9641.5,9633.2,9635.6,9638.3,9640.2,9624.4,9574.1,9524.8,9478.1,9446.9,9436.5,9425.3,9413.2,9399.5,9385.7,9374.1,9365,9369.4,9399.6,9432.6,9468.1,9478.8,9424.6,9364.5,9301.9,9240.5,9183.2,9126.3,9070,9021,8979.9,8939.4,8900.2,8867.4,8843.2,8818.7,8792.7,8753.9,8697.1,8633.3,8566.7,8498.1,8432.6,8371.9,8314.9,8259.5,8200,8134.8,8070.4,8006.1,7980.8,7996.3,8027.3,8060.9,8103.8,8163.3,8233.1,8301.6,8353.7,8387.3,8413.3,8434.6,8448.8,8463.2,8481.9,8503.9,8520.2,8536.5,8555.5,8576.8,8573.9,8567.9,8563,8558.9,8558.1,8559.2,8561.2,8563,8589.8,8638.5,8690,8743.1,8788.8,8773.2,8758,8742.2,8727.4,8735.7,8753.3,8770.8,8788.2,8805.3,8822,8839.5,8860.9,8899.1,8949.1,8989.6,8988.3,8820.8,8626.8,8407.9,8114.7,7794.6,7507.3
10024,10895,11853,12500,12587,12353,12102,12022,12107,12209,12268,12123,11920,11721,11628,11668,11730,11785,11789,11707,11602,11494,11397,11378,11382,11381,11375,11306,11210,11116,11036,10988,10994,11005,11005,10991,10916,10782,10646,10596,10540,10498,10461,10426,10392,10357,10320,10280,10242,10212,10190,10174,10161,10132,10082,10023,9965.3,9907,9854.8,9811.4,9772.5,9732,9664.6,9580.8,9488.1,9467.5,9521,9581.8,9626.5,9643.1,9656.3,9668.8,9672.4,9673.7,9674.1,9672.7,9658.5,9643,9626.7,9611.4,9615.3,9619.9,9624.1,9611.3,9563.7,9517.4,9473.3,9445.5,9442.3,9438.3,9432.4,9419.2,9396.9,9376.1,9358.1,9350.7,9366.6,9384.3,9403,9401.8,9343,9282,9219.7,9162.4,9118.4,9076,9034.8,8994.6,8952.6,8909.8,8867.9,8830.6,8800.4,8768.8,8735.5,8687.7,8617.5,8542.5,8464.2,8390.4,8331.7,8280.5,8233.4,8181.9,8120.1,8055.2,7995.8,7942.3,7931.8,7970.5,8014.9,8060.3,8115.1,8184.8,8262.4,8339.6,8403.2,8446.6,8478.7,8506.9,8520.5,8527.8,8538.9,8553.4,8564.7,8576.3,8590.5,8606.6,8603.7,8596.8,8591,8586,8599.6,8618.4,8637.9,8656.9,8675.9,8695.2,8716,8738.7,8752.6,8739.1,8724,8708.5,8693,8703.6,8717.9,8732.2,8747.1,8773.6,8810.1,8848.4,8885.7,8879.4,8836.1,8781.5,8691.7,8435.3,8165,7893.4,7716.2,7640.8,7587
10101,10898,11762,12412,12519,12307,12072,11967,12031,12124,12204,12111,11948,11784,11683,11701,11747,11787,11786,11702,11590,11475,11367,11341,11341,11337,11328,11274,11197,11125,11067,11034,11031,11026,11004,10953,10853,10748,10689,10578,10505,10459,10420,10384,10346,10306,10264,10220,10179,10160,10156,10155,10156,10141,10099,10044,9990.7,9936.5,9895.6,9861.3,9830.4,9800,9741.3,9659.2,9570.6,9531.9,9574.2,9628.2,9674.4,9684.4,9688.5,9692,9691.6,9688.2,9683.9,9679,9659,9636.4,9612.9,9590.3,9594.5,9600.5,9606.6,9596.3,9552.1,9509,9467.3,9441.9,9446.1,9449.2,9450.3,9440.5,9410,9380.9,9353.7,9333.5,9331.8,9331.4,9331.4,9318.5,9259.5,9198.5,9136.2,9081.6,9052,9024.2,8998,8968.1,8924.4,8880,8836.3,8795.2,8758,8719.1,8678,8621.6,8538.2,8452.1,8362.7,8288.4,8243,8200.5,8159.5,8115.4,8070.7,8031.4,7996.2,7969.6,7972.5,8021.5,8071.9,8123.2,8180.5,8246.1,8315.9,8385.4,8442.3,8479.7,8514.6,8555.6,8588.2,8591.6,8593.3,8600.5,8607.8,8615.8,8624.8,8635.6,8632.2,8624.7,8618.1,8612.9,8641.5,8678.7,8716.2,8752.5,8753.2,8743.8,8734.5,8727.8,8719.7,8705.9,8691.4,8676.4,8661.4,8672.1,8683.6,8695.1,8707,8746.8,8802.8,8861.6,8917.5,8851.5,8717.2,8570.4,8385.7,8044.4,7687.4,7343.1,7271.6,7451.8,7641.9
10201,10936,11651,12250,12377,12235,12044,11920,11960,12044,12128,12085,11964,11841,11744,11741,11768,11787,11773,11683,11567,11453,11350,11316,11310,11299,11283,11238,11179,11128,11094,11079,11065,11021,10963,10879,10796,10748,10727,10578,10481,10433,10398,10367,10335,10297,10253,10208,10162,10149,10151,10157,10163,10158,10124,10073,10022,9969.3,9930.3,9905.3,9885.8,9867.8,9820.5,9744.1,9661.3,9609.7,9639.1,9684.5,9728.8,9731.8,9725.7,9719.2,9712.6,9704.1,9695,9685.2,9660.8,9631,9600.1,9569.8,9573.4,9580.9,9588.8,9581.3,9541.3,9501.2,9461.3,9436,9447.3,9457.8,9466.7,9463.1,9424.8,9387.7,9352,9320.1,9300.6,9281.6,9262.6,9235.9,9175.9,9114.5,9051.8,8998.9,8984.6,8971.6,8960,8940.4,8894.7,8844.9,8792.4,8739.5,8690.4,8641.7,8591.8,8529,8443.9,8360.6,8280.2,8214,8170.5,8127.9,8087.4,8056.3,8043.9,8039.1,8036.3,8040.1,8063.5,8117.3,8172.6,8229,8283.6,8334.8,8386.1,8437.7,8479.8,8506.8,8532.2,8561.7,8586.9,8603.8,8618.7,8632.6,8643.1,8647.5,8653,8660.4,8658,8651.6,8645.7,8643.3,8681.2,8731.5,8782.4,8833.8,8819.4,8786.2,8747.5,8712.1,8689.4,8674.7,8661.5,8647.7,8636.4,8644.5,8654.1,8663.3,8672.1,8724.2,8796.1,8872.8,8950.5,8807.1,8572.6,8321.4,8031.4,7616.5,7191.6,6791.8,6816.9,7242.6,7666
10316,10949,11552,12092,12250,12157,12022,11920,11930,11988,12052,12037,11943,11844,11746,11722,11730,11735,11723,11641,11532,11429,11333,11295,11280,11262,11239,11199,11158,11129,11106,11087,11040,10952,10874,10806,10759,10753,10710,10569,10449,10405,10390,10378,10363,10328,10276,10223,10169,10149,10151,10160,10169,10174,10148,10101,10052,10000,9962.7,9945.9,9939.4,9935.6,9902,9830.4,9750.4,9688,9701.4,9736.3,9771.1,9773.2,9755.8,9738.6,9723.2,9710.6,9698.7,9686.8,9660.6,9626.1,9590.4,9555.1,9557.8,9566.5,9575.2,9570.5,9534.6,9496.5,9459.5,9432.9,9441.7,9451.5,9461.8,9464,9423.8,9384.5,9345.9,9308.2,9272.6,9235,9196.5,9153.6,9094.1,9035.6,8976.9,8929.8,8926.2,8920.5,8911.6,8888.4,8832.6,8768.5,8698.6,8632.1,8579.6,8530.8,8482.8,8424,8347.1,8273.2,8203.6,8144.8,8100.9,8058.3,8017.6,7997.3,8017.8,8045.9,8074.4,8106.2,8148.9,8209.1,8270.4,8332.9,8386.3,8423.5,8456.9,8490.9,8517.9,8532.8,8546.5,8563.9,8583.6,8601.5,8618.3,8634,8646.6,8657,8666.9,8676.5,8678.8,8677.4,8676.4,8679.2,8706.8,8740.8,8772.1,8799.4,8787.4,8763,8738.4,8711.8,8688.7,8669.5,8652,8635.1,8624.2,8630.9,8640.1,8649.2,8659.4,8708.4,8765.8,8819,8866,8476.7,7908.3,7274.6,6660.3,6612.6,6630.6,6717.4,6983.8,7380.2,7746.3
10430,10954,11464,11940,12125,12081,12000,11922,11915,11950,11992,11976,11883,11776,11666,11627,11638,11645,11646,11586,11491,11402,11319,11274,11251,11226,11195,11159,11128,11108,11075,11013,10934,10857,10794,10750,10727,10717,10671,10547,10428,10370,10372,10379,10386,10361,10301,10240,10178,10148,10149,10161,10174,10187,10168,10127,10076,10021,9978,9961.5,9959.2,9958.2,9932.1,9867.4,9794.7,9729.3,9732.3,9761.3,9790.6,9792,9766.4,9737.9,9712.2,9698.4,9688.6,9679.6,9656.4,9621,9584.2,9547.5,9549.5,9559.7,9569.7,9569.5,9538.6,9503.5,9468,9437.3,9433.2,9432.8,9434.1,9431.9,9388.5,9344.7,9300,9256,9224.7,9192.7,9160,9123.8,9069.3,9015.7,8963.1,8918.5,8898.9,8875.3,8846.1,8801.9,8729.8,8651.1,8568.8,8498.4,8453.4,8411.9,8371.2,8320.2,8253.7,8190.3,8131,8078.7,8034.3,7991.7,7952.4,7938.7,7989.7,8048.5,8108.1,8168.2,8231,8298.7,8367.5,8437.4,8491.7,8514.2,8530.4,8546.9,8558.4,8560.3,8561.8,8566.7,8579.6,8598.9,8617.6,8635.3,8650,8662.5,8674.5,8686.4,8695.2,8702.3,8710,8717.8,8723.1,8725.6,8726.7,8728.1,8728.6,8728.1,8725.5,8719.9,8704.9,8685.9,8666.6,8647.7,8638.6,8650,8665.6,8680.8,8697.3,8703.3,8701.6,8691.8,8672.2,7954.6,6969.4,5910.9,4951.2,5421.8,6018.5,6686.1,7220.4,7552.9,7856.6
10555,10977,11392,11802,11994,11991,11966,11918,11903,11918,11937,11917,11823,11706,11587,11526,11533,11548,11559,11521,11446,11372,11303,11256,11224,11191,11152,11112,11074,11031,10975,10906,10831,10768,10726,10700,10679,10667,10628,10522,10410,10340,10345,10370,10397,10386,10325,10255,10184,10142,10137,10148,10159,10170,10154,10115,10060,10001,9948.2,9924.1,9918.7,9913.4,9893.4,9843.6,9785.1,9728.2,9725.1,9753.8,9782.6,9787.7,9757,9719.6,9684.6,9673.2,9670.2,9668,9651.2,9616.8,9579.5,9542.4,9541.2,9553,9564.4,9569.7,9543.5,9511.2,9478.6,9446.8,9425.9,9407.8,9391,9373.2,9328.7,9282.3,9235.5,9190.1,9169.7,9149.2,9128.7,9105,9057.6,9011,8965.3,8921.4,8878.6,8832.2,8780.4,8714.2,8627.1,8535.2,8441,8367.8,8330.2,8295.8,8262.4,8219.6,8163.7,8111.1,8062,8017.5,7978.2,7943.3,7912.8,7910.2,7987.4,8071.7,8153.8,8233.4,8307.9,8375.5,8444,8513.7,8566.9,8580.9,8588.8,8596.2,8598.1,8589.1,8578,8569.6,8575,8596.7,8617,8636.2,8653.1,8667.6,8681.8,8696.1,8710.8,8726.2,8742.3,8754.8,8741,8713.1,8685.4,8663.3,8671.2,8693,8712.3,8728.1,8721,8702.1,8681.1,8660.5,8653,8668.7,8690.4,8712.1,8735.9,8698.5,8635.2,8560.1,8473.6,7464.5,6076.4,4593.1,3215.5,4147.9,5353.1,6630.1,7474.3,7758.3,7995.8
10699,11019,11337,11672,11858,11873,11874,11863,11860,11870,11872,11848,11764,11650,11529,11446,11437,11452,11467,11451,11399,11341,11285,11237,11194,11149,11098,11044,10995,10943,10876,10800,10731,10704,10680,10650,10629,10619,10585,10495,10389,10308,10311,10352,10390,10389,10331,10254,10179,10127,10113,10121,10128,10134,10121,10085,10027,9966,9907.5,9876.4,9870.6,9864.8,9851.9,9816.6,9772.1,9729.2,9720.2,9747.5,9775.9,9785.3,9751.3,9705.1,9658.7,9647.2,9651.1,9655.4,9646.1,9613.8,9576.2,9538.7,9533.5,9546.3,9559.4,9570,9548.9,9519.5,9489.9,9459.5,9423.1,9386.8,9351.8,9317,9269.1,9219.6,9169.5,9121.7,9111.8,9103.8,9096,9083.9,9044.1,9004.9,8966.6,8923.1,8858.1,8789.3,8715.1,8627.1,8525.4,8420.6,8315,8243.2,8216.3,8191,8165.7,8134.8,8098.8,8068.5,8043.7,8023.9,8008.1,7995.4,7984.3,7991.1,8063.3,8144.9,8227.1,8308.2,8380.8,8437.7,8495.3,8553.5,8598.5,8608.2,8614.1,8619.8,8622.2,8617.6,8610.2,8599.1,8592.6,8603.7,8619.8,8640.8,8658.9,8674.8,8690.4,8706.2,8725.4,8748.6,8772.8,8790.8,8762.2,8705.3,8650.2,8604.3,8614.6,8657.7,8697.7,8734,8736.1,8718,8695.7,8673.9,8666.8,8685.8,8713.7,8741.8,8772.8,8697.3,8574.4,8434.5,8282.2,7031.1,5244.7,3329.3,1458.8,2779.1,4621,6529.5,7737.2,7995.9,8158.8
10861,11069,11298,11550,11718,11751,11772,11779,11773,11765,11759,11743,11697,11624,11544,11473,11442,11436,11430,11411,11369,11318,11269,11218,11165,11107,11043,10976,10916,10855,10777,10714,10681,10679,10648,10600,10582,10573,10550,10476,10384,10310,10301,10331,10356,10358,10310,10236,10165,10108,10085,10089,10093,10096,10086,10056,9996.4,9934.5,9870.3,9830.5,9823.6,9817.3,9808.9,9786.4,9755.9,9726.8,9719.1,9742.7,9770.6,9784.7,9749.2,9694.3,9639.4,9620.8,9631.3,9642.1,9641,9611.6,9573.6,9535.7,9526.4,9539,9553.2,9567.1,9551.1,9524.8,9499.2,9474.9,9425,9370.5,9316.7,9263,9210.1,9156.9,9103,9052.7,9052,9056.4,9061.5,9059.7,9026.6,8991.4,8955.7,8905.9,8820.3,8730.4,8636.8,8536.6,8430,8324.5,8222.8,8158,8135.4,8112.8,8089.7,8069.3,8056.7,8049.7,8047.7,8050.2,8056.9,8065.8,8075.9,8095.3,8161.4,8237.5,8314.2,8389.4,8452.3,8490.9,8529.5,8568.1,8600.3,8612,8622.4,8632.6,8641.3,8646.3,8648.5,8647.5,8645.6,8649.1,8655,8663.4,8675.2,8689.2,8704.4,8721.1,8740.1,8759.5,8778.4,8791.7,8762.2,8703.4,8645.7,8590.7,8592.8,8638.1,8685.8,8736.7,8749.6,8731.7,8706.2,8681.1,8672.5,8694.2,8728.4,8763.4,8800.7,8682.1,8489.9,8273,8039.6,6808,5056.3,3220.6,1361.4,2714.8,4686.7,6627.2,7910.6,8163.4,8278.5
10947,11093,11255,11435,11574,11624,11665,11691,11689,11665,11642,11622,11608,11596,11578,11551,11514,11471,11430,11386,11341,11296,11251,11201,11141,11069,10992,10910,10836,10776,10714,10690,10697,10675,10618,10552,10534,10531,10520,10465,10387,10320,10297,10316,10329,10329,10290,10220,10152,10092,10058,10060,10060,10060,10053,10029,9968.6,9905.5,9840.2,9792,9777.5,9770.9,9764.4,9755.3,9739.5,9722.7,9716.7,9735.7,9760.5,9776.9,9746.2,9692.2,9639.4,9614.1,9618.4,9623.8,9622.3,9598.3,9565.7,9533,9520.4,9529.5,9542.7,9556.5,9545.2,9519.8,9490,9460.1,9407.6,9347.9,9288.4,9228.8,9174.1,9120,9065.1,9014.5,9013.1,9018.9,9024.9,9019.9,8980.1,8934.4,8886.3,8821.9,8728.4,8633,8537.8,8440.3,8340.8,8245.1,8153.9,8097.1,8072.5,8047,8021.5,8008.2,8017.1,8031,8049,8071.4,8100.4,8131,8162.5,8197.8,8260.1,8330.9,8402.1,8471.6,8525.6,8545.7,8565.4,8584.6,8602.3,8616.7,8631.2,8645.6,8660.1,8675,8687.7,8697.2,8700.3,8696.5,8694.5,8695,8701.9,8715.7,8730.7,8746.8,8757.9,8762,8765.8,8767.4,8745,8701.7,8657.8,8612.3,8612.2,8649.4,8690.6,8733.2,8741,8719,8689.4,8661.1,8651.6,8678,8720.7,8762.9,8805.4,8631.2,8349.5,8038.6,7708,6745.1,5440,4105,2793.1,3755.7,5402.7,6951.5,8029.1,8253.1,8325.8
10967,11083,11178,11293,11414,11488,11553,11601,11609,11570,11531,11498,11499,11546,11586,11615,11600,11521,11444,11369,11311,11270,11231,11187,11124,11039,10950,10854,10773,10734,10725,10729,10718,10669,10589,10507,10493,10492,10488,10451,10387,10332,10299,10307,10309,10303,10270,10202,10137,10077,10038,10036,10036,10035,10032,10014,9964.7,9908.5,9851.4,9805.2,9788,9786.6,9785.2,9777.1,9753.5,9728.3,9711.2,9720.9,9740.6,9757.1,9737.1,9693.3,9650.2,9621.3,9612,9604.7,9595.4,9576.2,9552.4,9528.5,9515.5,9518.5,9526,9534.1,9518.4,9483.6,9446.5,9409.9,9364.8,9314.5,9263.2,9211.7,9161.7,9112,9062.4,9017,9004.4,8996.4,8986.3,8960.7,8898.5,8828.8,8756.2,8678.2,8594.7,8510.7,8427.3,8341.3,8253.6,8169.5,8089.4,8037.6,8010.1,7982.8,7955.1,7946.9,7975.5,8009,8045.9,8086.9,8138.3,8190.9,8244.1,8298.3,8360.3,8426,8491.8,8556.2,8602.8,8604.3,8604.8,8604.2,8604.8,8622.4,8640.7,8659.1,8678.6,8703.7,8726.9,8746.7,8756.1,8745.5,8736,8729,8730.2,8743.8,8758.5,8774.1,8779.1,8766,8751.8,8737.5,8719.4,8696.9,8672.9,8646.6,8644.2,8669,8698.9,8730.5,8731.6,8700.7,8660.1,8620.6,8601.3,8628,8678.8,8729,8769.6,8542.9,8155.5,7745.5,7314.8,6661.6,5910.5,5178.5,4484.7,5082.8,6273.6,7368.1,8180.2,8357.1,8386.6
10936,11080,11109,11158,11239,11340,11432,11511,11541,11481,11423,11371,11360,11445,11524,11597,11624,11527,11429,11332,11258,11228,11198,11168,11120,11033,10945,10852,10778,10757,10758,10768,10737,10657,10557,10471,10455,10455,10454,10432,10380,10338,10308,10300,10290,10278,10248,10185,10126,10071,10035,10028,10028,10027,10026,10013,9976.5,9926.9,9876.7,9831.9,9808.3,9808.8,9809.1,9803.2,9776,9740.4,9708.5,9705.1,9719.4,9733.8,9723.6,9692.1,9660.9,9632.7,9609.3,9587.5,9566.7,9550,9535.7,9521,9510.2,9508.5,9510.5,9513,9493.3,9448.8,9399.4,9350.3,9308.9,9272.7,9236.7,9200.7,9158.9,9114.5,9070.3,9028.6,9001.7,8976.6,8949.6,8903.8,8819.4,8725.3,8628,8538.6,8462.8,8389.2,8316.4,8241.6,8166.1,8093.9,8025.5,7978,7948.2,7919.9,7891.3,7886,7930.9,7982.8,8038,8098.8,8173.7,8247.4,8319.1,8388.9,8450.5,8507.5,8564.5,8620.6,8661.4,8654,8647.1,8640.5,8636.1,8651.7,8666.6,8680.7,8696.5,8725.3,8755.6,8788.4,8810.4,8791.4,8773.9,8760.5,8757.2,8772.7,8787.5,8802.5,8803.2,8774.8,8743,8712.3,8692.7,8688.5,8683.8,8676.3,8676.4,8690.2,8708.6,8729,8724.2,8685.9,8633.9,8582.4,8551,8574.6,8631.5,8687.7,8721.7,8446.3,7956.8,7438.1,6902.5,6484,6234.8,6090.8,6015.6,6467.5,7203.5,7860.3,8371.6,8475.7,8460.8
10876,11095,11062,11044,11052,11177,11299,11411,11484,11401,11321,11245,11197,11289,11379,11469,11528,11446,11348,11249,11168,11155,11145,11136,11111,11040,10960,10876,10800,10778,10794,10801,10729,10626,10523,10440,10419,10418,10418,10408,10369,10338,10314,10293,10267,10247,10223,10169,10119,10076,10045,10033,10032,10030,10027,10018,9991.3,9947.1,9903.2,9860.1,9827.9,9829.7,9831.2,9829.6,9804.1,9757.1,9710.2,9690.9,9699.6,9708.8,9706.6,9687.1,9667.5,9643.2,9608.7,9572.7,9538.7,9521.1,9516,9510,9503.9,9499.4,9496.1,9493,9469.7,9416.1,9353.7,9291.7,9250.1,9226.9,9206.5,9186.3,9154.2,9115.4,9076.8,9038.5,8999.3,8957.8,8914.5,8848.8,8741.5,8622.7,8501.2,8402.4,8333.2,8269.5,8206.8,8144.5,8084.5,8028.6,7977,7943.4,7927.4,7916.6,7908.6,7921.3,7981.1,8046.9,8112.7,8179.4,8251.1,8321.6,8390.9,8459.5,8516.6,8564.1,8610.8,8656.8,8693,8690.3,8688.8,8688.8,8690.7,8698.2,8703.9,8708.1,8713.6,8737.8,8762.8,8788.9,8809.8,8797.9,8784.7,8773,8768.7,8782.9,8796.3,8811.5,8814,8781.4,8739.4,8695.4,8667,8675.9,8690.1,8701.1,8708.2,8713.4,8720.3,8729.5,8719.4,8674.6,8610.5,8546.5,8500.7,8518,8579.3,8639.6,8667.8,8343.7,7749.4,7126,6491.3,6270.3,6441.6,6785.2,7209,7650.3,8032.1,8351.5,8589.4,8604.2,8540.7
10760,11013,10988,10939,10896,11001,11149,11294,11425,11335,11233,11134,11051,11131,11228,11324,11401,11345,11252,11157,11077,11071,11081,11092,11090,11044,10972,10897,10824,10797,10808,10775,10679,10582,10491,10412,10383,10382,10381,10376,10351,10315,10271,10235,10217,10205,10191,10150,10110,10077,10051,10039,10036,10032,10029,10022,10005,9965.8,9927.2,9888.8,9856.2,9843,9840.4,9836.1,9813,9758.2,9705.5,9670.7,9674.4,9679.3,9680,9668.6,9658.1,9641.9,9606.2,9560.7,9513.4,9489.4,9493.2,9495.8,9496,9489.9,9480.7,9471.5,9445.2,9384.8,9311.4,9237.3,9191,9177.8,9172.5,9168.5,9147.4,9114.5,9081.8,9047,8997.2,8940.1,8879.4,8790.2,8658.2,8515.9,8375.2,8272.6,8210.2,8156.3,8103.5,8055.8,8015,7979.2,7947.4,7933.6,7939.8,7953.1,7969.5,7998.6,8062.7,8133.4,8203.5,8273,8338.4,8401.7,8464,8525.6,8575.6,8612.1,8646.8,8680.7,8710.2,8718.5,8728.1,8739.3,8751.7,8748.7,8743.5,8736.9,8730.9,8748.8,8767.8,8788,8805.1,8790.1,8772.4,8756,8744.8,8753.2,8768.5,8785.7,8795.1,8774.1,8738.5,8700.3,8678.8,8694.7,8720.9,8743.3,8752.2,8743,8734.1,8732.8,8716.4,8664.1,8587.2,8511.2,8449,8445.2,8481.9,8506.2,8483.9,8123.4,7516.1,6935.8,6393.8,6301.1,6613.2,7075.1,7564,7934.4,8166.7,8370.3,8547.6,8579.2,8539.9
10461,10804,10839,10776,10720,10796,10966,11144,11316,11268,11152,11037,10928,10981,11085,11186,11278,11249,11158,11067,10985,10979,11008,11039,11060,11032,10959,10878,10785,10727,10709,10697,10628,10544,10463,10388,10349,10353,10356,10356,10330,10281,10220,10174,10165,10161,10157,10128,10097,10072,10054,10043,10039,10032,10022,10012,9998.5,9958,9916.6,9875,9834.6,9803.8,9791.2,9776.9,9757.6,9711.9,9667.5,9632.1,9636,9640.6,9641.9,9632,9622.2,9610,9585.2,9551.9,9517.7,9492.6,9486.9,9484.7,9483.2,9474.5,9459.3,9443.7,9415.3,9353.5,9275.9,9199.4,9151.1,9140.4,9138.1,9134.7,9108.5,9061.9,9011.6,8956.2,8890.1,8820.2,8750,8656.5,8525.8,8386,8248.7,8153.4,8098.3,8052.9,8008.7,7975.4,7954.1,7938.3,7925.8,7931.1,7959.7,7996.5,8035.8,8081.2,8148.4,8220.7,8293,8365.5,8427.3,8483.8,8539,8593.7,8637,8662.6,8685.1,8706.5,8726.3,8744.4,8764.3,8786,8809,8797.7,8782.5,8765.9,8749.2,8759.8,8772.6,8786.5,8799.5,8782.5,8761,8740.5,8723.7,8723.6,8731,8740.4,8749,8745.9,8731.8,8713.1,8702.7,8725,8763.3,8798.4,8814.4,8791,8748.2,8714.2,8681.9,8629.4,8552.9,8473.5,8396.7,8344,8297.1,8222.7,8097.7,7743.4,7251.6,6825.6,6473,6504.7,6845.2,7269.5,7699,8025.4,8214.3,8370.4,8510.2,8549.2,8528.3
10042,10579,10687,10612,10544,10587,10761,10956,11149,11171,11067,10954,10840,10863,10973,11085,11193,11188,11092,10993,10896,10873,10910,10944,10971,10953,10875,10789,10690,10616,10617,10626,10591,10520,10452,10386,10335,10338,10340,10338,10315,10254,10177,10107,10109,10114,10121,10102,10077,10054,10033,10014,10004,9994.2,9981.6,9970.4,9958.9,9926.3,9885.8,9846.7,9808.6,9772.7,9750.6,9728.6,9702.4,9665.1,9626.2,9596.4,9596,9599.4,9599.5,9586.7,9573.2,9561.5,9551.4,9539.1,9523.6,9506.4,9491.8,9479.3,9467.4,9449.9,9425.9,9401.3,9370.2,9317.1,9250.9,9185.1,9136.7,9117.8,9107.5,9096.1,9059.1,8994.4,8923.7,8848.2,8771.1,8694.5,8617.7,8519.5,8389.6,8253.3,8121,8033.8,7987.1,7950.8,7915.5,7895.4,7891.9,7895.1,7900.8,7923.2,7972.3,8031.7,8093.2,8157.3,8230.7,8306.9,8383.7,8460.9,8522.2,8572.9,8620.9,8668.3,8704.2,8718.7,8728.1,8736.1,8744.3,8768.7,8796.2,8824.3,8853.3,8836.8,8815.5,8794.2,8770.4,8772.2,8777.8,8784.9,8793,8775.1,8750.3,8726.1,8704.7,8696.4,8695.8,8697.6,8702.6,8712,8719.2,8721.4,8726.9,8757.7,8808,8854.8,8881.7,8853.9,8775.7,8705.1,8640.3,8574.8,8503.1,8429.1,8348.8,8217.3,8008.3,7770.5,7500.3,7205.1,6954.6,6765,6646.6,6782.8,7115.5,7487.3,7856.6,8131.2,8274.1,8381.8,8479.1,8516.7,8514.3
9630.7,10370,10537,10450,10368,10383,10555,10764,10974,11051,10971,10869,10765,10767,10881,11003,11124,11143,11039,10929,10814,10768,10809,10848,10883,10875,10795,10708,10606,10540,10557,10581,10583,10519,10458,10398,10338,10332,10329,10323,10311,10238,10145,10032,10048,10065,10082,10066,10042,10012,9980.2,9950.4,9934.2,9924.1,9916.4,9911.1,9906.9,9887.9,9851.3,9816.4,9783,9750.8,9720.2,9691.9,9658.9,9625.7,9589.9,9561.4,9557.9,9559.7,9558.7,9543.2,9526.3,9513.3,9513.7,9521.8,9525.8,9521.1,9500.8,9477.4,9455.1,9429.1,9396,9362.1,9325.3,9278.3,9224.1,9170.2,9125.7,9099.6,9079.6,9058.5,9010,8926.4,8834.9,8739.5,8651,8567.1,8482.7,8379.2,8250.3,8118.9,7993.2,7914.7,7877.2,7850.1,7823.7,7815.1,7827.4,7848.5,7871.5,7909,7976.7,8057.9,8141,8225.9,8308.2,8389.8,8471.7,8552.9,8613.7,8656.8,8694.7,8731.7,8758.3,8762.7,8761.7,8760.4,8760.3,8779,8799.3,8817.5,8834.5,8816.9,8793.8,8772,8751.7,8755.8,8765.5,8775.1,8783.6,8766.3,8739.3,8713.3,8688.8,8674.6,8665.6,8657.1,8656,8672.7,8700.6,8723.4,8745.7,8785.2,8846.3,8903.9,8946.9,8928.8,8816.2,8709.8,8608.9,8522.8,8455.3,8385.7,8311.1,8119,7733.9,7317.8,6875.5,6607.1,6626.4,6702.8,6848.7,7108.1,7420.3,7730,8030.4,8246.8,8341.7,8403,8455.8,8486.3,8499.3
9227.2,10185,10397,10292,10191,10187,10349,10570,10794,10914,10864,10778,10685,10676,10792,10924,11055,11095,10987,10864,10736,10669,10710,10755,10797,10796,10718,10632,10539,10494,10521,10555,10588,10531,10471,10412,10353,10329,10320,10309,10295,10235,10124,9975.1,9988,10024,10039,10012,9980.3,9947,9912.2,9877,9857.6,9852.4,9850.3,9850.6,9852.6,9847.9,9815.5,9784.5,9754.7,9728.8,9698.7,9676.6,9663.3,9654.4,9590,9540.8,9534.4,9533.7,9527.7,9503.1,9481.7,9466,9472.3,9500,9523.1,9533.8,9512.4,9479,9446.8,9411.9,9369.6,9325.9,9281.2,9237.4,9195.4,9154,9115.8,9084.1,9054.4,9023.6,8964.5,8862.3,8749.1,8633.1,8531.3,8438.8,8346.9,8241.4,8117.9,7996.7,7882.6,7818.4,7799.3,7792.7,7788.3,7800.3,7832.8,7874.3,7916.8,7967.4,8042.8,8130.9,8219.1,8308,8387.2,8461,8533.5,8605,8659.9,8695.8,8725.1,8753.2,8774.3,8777.8,8776.1,8774.6,8773.4,8778.3,8782.8,8785.5,8787.3,8773.6,8757,8741.1,8726,8730.3,8741,8751.8,8762.1,8751.2,8727.8,8702.9,8677.5,8661.4,8653.9,8647.9,8642.5,8654.1,8689.5,8722.5,8758.4,8806.8,8878.7,8947.3,9009.1,9015,8869.3,8728.5,8591.9,8477.5,8410.8,8344.5,8277.6,8046.7,7480.5,6870.9,6223.8,5922.9,6248.8,6629.9,7074.4,7474,7735.6,7966.3,8186.9,8343.2,8399.8,8431.7,8459.2,8479.7,8492.1
8864.9,10047,10284,10148,10014,9979.6,10129,10361,10601,10752,10721,10650,10568,10550,10666,10808,10947,11008,10911,10787,10660,10585,10622,10669,10712,10716,10647,10570,10491,10456,10486,10525,10566,10539,10482,10424,10366,10329,10313,10296,10278,10242,10140,10002,9982.1,9990.7,9983.6,9953.3,9921.5,9886.8,9849.6,9810.3,9783,9781.4,9784.7,9790.1,9799.7,9813.5,9790.8,9766.8,9741.5,9715.2,9681.7,9662.6,9669.7,9690.9,9620.5,9545.9,9532.7,9530.1,9523,9499,9473.8,9449.8,9445.5,9476.9,9513.4,9544,9526.5,9483.1,9439.6,9394.6,9343.6,9291.4,9239,9195.3,9162.1,9129.2,9095.4,9057.7,9017,8975,8905.8,8787.5,8654.6,8522,8413.7,8323.7,8238.5,8142.7,8029,7919.1,7815.3,7766.1,7770.8,7790,7811.4,7843.6,7890.4,7944.8,7999.6,8057.8,8133.3,8219.9,8306.7,8394.2,8469.1,8533.6,8594.7,8654.8,8702.3,8731.2,8752.5,8772.5,8788.1,8791.2,8789.8,8788.5,8787.1,8780.4,8770.2,8758.7,8746.5,8733.4,8720.9,8709.2,8698.2,8703.2,8716,8729.4,8742,8736.6,8716.7,8694.9,8672.2,8664.1,8669.6,8669.6,8665.3,8670.1,8706.1,8748.4,8787.5,8826.3,8877.9,8946.3,9035.1,9089.6,8934.6,8762,8575.3,8394.6,8306.5,8246.4,8201.9,7991.4,7343.3,6649.9,5953.8,5663.1,6197.4,6759.2,7317.6,7747.3,7953.2,8122.6,8283.3,8399.2,8440.5,8465.2,8488.4,8501.3,8499.5
8524,9916.6,10179,10011,9843.2,9778.3,9912.6,10152,10402,10570,10550,10471,10390,10366,10478,10624,10763,10842,10776,10677,10580,10520,10550,10593,10632,10639,10581,10514,10447,10416,10449,10494,10541,10542,10486,10422,10360,10312,10292,10280,10272,10266,10182,10055,9981.6,9959.3,9935.6,9905.9,9871.4,9834,9794.1,9758.5,9728.5,9736.6,9749.5,9764.2,9779.2,9793.8,9780.9,9758.4,9731.6,9702,9663.2,9645.4,9668.9,9713.2,9645,9554.4,9535.6,9540.7,9541.6,9518.2,9488.1,9459,9442.6,9460.7,9483.3,9503.5,9490.3,9447.6,9403.6,9357.6,9306.9,9253.8,9199.5,9154.3,9121.6,9088.2,9051.4,9003.2,8947.1,8888.9,8809,8682.8,8541.1,8403.3,8298.8,8220.5,8148.6,8065.2,7959.7,7858.1,7761.7,7723.5,7750.4,7796.5,7844.5,7897.7,7958.5,8024,8089.7,8156.2,8232.1,8314.4,8397.9,8482.5,8553.7,8609.7,8659.3,8707.6,8746.7,8768.5,8781.8,8793.6,8803.1,8804.9,8803.7,8802.4,8801,8785.2,8761.8,8737,8711.9,8696,8686.1,8677.7,8669.9,8675.6,8690.9,8707.3,8722.9,8723.1,8706.7,8687.8,8668.3,8664.5,8686.8,8704.7,8717.6,8730,8761.5,8794.3,8828.2,8859.1,8858.3,8872.4,8898.2,8890.3,8670.1,8388.3,8101.8,7847.3,7834.4,7900.1,7988.4,7937.6,7391.5,6786.5,6212.1,5975.5,6501.5,7053.9,7575,7964.1,8121.9,8246,8361.8,8446.6,8479.4,8499.7,8519,8525.7,8510.9
8191.3,9782.1,10080,9882.3,9682.3,9581.3,9695.3,9945.4,10208,10394,10385,10296,10207,10170,10271,10416,10555,10649,10620,10556,10494,10456,10482,10520,10556,10566,10519,10461,10403,10371,10405,10450,10495,10509,10456,10389,10326,10273,10258,10257,10263,10279,10209,10095,9997.4,9950.5,9914.2,9881.3,9846.1,9811.2,9776.3,9741.3,9712,9722.4,9738.6,9756.5,9773,9787.9,9777.7,9752.6,9721.4,9686.4,9641.7,9631.1,9669.2,9729.8,9662.8,9564.6,9536.9,9548.7,9557.4,9540.3,9510.1,9480.5,9455,9452.8,9455.6,9459.8,9440.9,9393.4,9345.4,9297.9,9253.1,9208.1,9161.9,9117.3,9074.3,9030.8,8984,8924.4,8854,8781.7,8693.8,8567.2,8423.5,8284.1,8185.1,8119.7,8062.3,7993.4,7895.9,7801,7710.2,7677.9,7722.7,7794.7,7868.3,7943.4,8019.5,8096.1,8172.9,8250.5,8329.3,8408.9,8489.5,8571.4,8640.7,8689.5,8727,8762.4,8791.1,8804.8,8809.7,8813.6,8816.4,8815.8,8813.2,8810.4,8807.5,8788,8757.6,8724.2,8688.7,8664.2,8652,8646.2,8640.7,8647.1,8665.4,8686.2,8705.5,8710.7,8697.9,8681.9,8665,8662.4,8699.9,8735.6,8765.9,8791.4,8818.1,8846.1,8875.6,8900.4,8848.2,8793.5,8754.6,8691.1,8370.3,7885.2,7382.2,6944.8,7000.6,7302.1,7629.5,7847.8,7530.4,7100.3,6708.7,6539.6,6954.5,7416.9,7850.2,8179.9,8295.6,8374.4,8444.3,8495.5,8519.2,8535.5,8551,8553,8526.4
7863.7,9640,9987.9,9761.8,9531.9,9390.2,9477.3,9735.6,10006,10211,10219,10125,10027,9977.7,10068,10214,10354,10458,10463,10432,10404,10390,10415,10450,10481,10495,10458,10406,10355,10319,10345,10386,10422,10441,10393,10333,10276,10227,10221,10234,10255,10286,10225,10118,10012,9951.2,9910.2,9878.9,9847.1,9817.4,9788.5,9759.9,9731.2,9730.5,9741.8,9756.8,9770.8,9783.4,9774,9745.9,9709.6,9668,9617.1,9620.7,9675,9749.6,9669.8,9573.4,9537.4,9554.4,9570,9561.4,9531.6,9501.9,9472.9,9450.7,9433.4,9419,9391.6,9339.8,9287.7,9237.1,9196.2,9159.4,9121.6,9081.5,9028.5,8974.9,8918.7,8848.6,8764.4,8677.9,8580.5,8452.7,8308.1,8167.3,8073.5,8022.4,7980.6,7928.1,7841.7,7756.1,7674.5,7646.9,7703.2,7797.5,7892.5,7986.5,8076.5,8161.9,8249.1,8338.5,8423.8,8503.2,8581.4,8660.7,8729.9,8773.4,8797.2,8816.4,8831.5,8834.8,8830.6,8827.2,8824.5,8820.1,8814,8807.3,8799.9,8781.5,8755.3,8727.9,8701.2,8681.5,8669.4,8658.7,8647,8645,8656.5,8671.3,8691.6,8706.3,8698.1,8683.6,8667.3,8659.8,8709,8762,8809.6,8852.5,8876.2,8899.5,8924.4,8947.2,8864.6,8741.6,8633.4,8512.9,8131.3,7454.4,6751.7,6106.1,6130.4,6660,7219.8,7706.7,7643.5,7400.5,7203.7,7143.2,7457.5,7818.1,8150.9,8406.7,8479.1,8510.4,8533,8547.1,8559.7,8571.8,8582,8579.2,8544.2
7591.2,9494.7,9872.2,9628.4,9386.1,9215.4,9265.3,9512.3,9776.6,9998.2,10035,9948.5,9853.8,9803,9888.3,10038,10181,10293,10321,10309,10297,10292,10317,10355,10395,10422,10394,10345,10296,10255,10272,10307,10339,10362,10326,10274,10225,10181,10185,10212,10249,10277,10195,10085,9997.6,9950.7,9916.9,9893.7,9867.2,9837.8,9807.4,9777.3,9747.2,9737.6,9744.7,9757.4,9769.1,9779.8,9769.9,9738.3,9696.2,9647.4,9589.6,9620.5,9685.4,9753.6,9674.1,9578.1,9532.6,9551.5,9574.2,9580.4,9552.1,9522.6,9493.4,9453.8,9416.8,9383.2,9344.2,9287.6,9230.5,9175.1,9135.8,9107.5,9078.5,9045.4,8984.7,8921.3,8855.9,8776.8,8678.9,8578.3,8469.8,8340.2,8196.3,8055.1,7965.3,7931.2,7906.3,7872.2,7807,7740.1,7678.2,7659.9,7721.4,7832,7942.1,8050.4,8149.2,8233.9,8318.2,8402.9,8483,8555.5,8623.9,8692.9,8755.1,8789.8,8799.3,8806.2,8811.2,8812.5,8812.3,8812.8,8814,8809.1,8798.4,8786.1,8773.7,8760.7,8747.6,8734.6,8721.2,8708.1,8696.2,8684.5,8672.4,8669.3,8684.9,8705.4,8724.6,8735.3,8721.4,8700.7,8680,8667.7,8704.6,8750.4,8801.6,8862.6,8909.6,8955,8974.7,8994.8,8901.9,8715.2,8540.2,8364.9,7973.2,7117.2,6225,5354.4,5229.3,5974.6,6758.3,7515,7728.4,7669.4,7645.8,7684.2,7901.3,8147.9,8373.6,8550.5,8581.8,8572.5,8558.9,8546.1,8549.2,8559.6,8569.8,8571.9,8547.9
7493.7,9360,9741.9,9493.2,9245,9049.8,9058.9,9290.7,9539.6,9762.2,9825.4,9761.4,9688.4,9649.7,9738.1,9897.2,10050,10172,10206,10190,10170,10158,10188,10243,10300,10346,10330,10283,10235,10192,10200,10230,10258,10282,10256,10212,10173,10135,10143,10168,10191,10201,10132,10047,9978.6,9943.7,9920.7,9903.2,9884.6,9856.3,9824.3,9792.5,9760.8,9744.1,9747,9757.7,9767.5,9776.6,9765.3,9730.3,9684.8,9634.7,9593.6,9629.5,9687,9729.8,9658.2,9574.9,9525.8,9542.5,9562.9,9567.8,9537.2,9508.6,9484.6,9447.2,9402.9,9352.7,9299.1,9237,9174.9,9114.4,9073.8,9052.6,9029.9,9002.4,8936.8,8864.1,8790.2,8704.4,8596.1,8484.9,8368.1,8240.7,8105.7,7974.5,7892.1,7868.9,7852,7835.9,7811.2,7785.7,7763.6,7765.8,7823.8,7931.9,8038.1,8143.7,8237.8,8314.3,8388.4,8463.1,8534.9,8599.6,8657.9,8716,8771.1,8800.9,8799.6,8796.9,8792.7,8790.9,8793.7,8797.8,8802.3,8798.9,8785,8767.3,8749.4,8737.2,8734.9,8737.5,8739.8,8738.4,8729.3,8716.5,8703.2,8697.1,8713,8737.3,8760.3,8777.9,8767.7,8747.8,8727.6,8707.4,8696.8,8704.4,8730.3,8772.9,8780.8,8777.5,8784.8,8807,8749.7,8563.3,8400.3,8243.5,7898.9,6881.5,5822.7,4790.1,4470.4,5444.4,6426.8,7366.5,7803.5,7869,7931.6,8000.4,8138.8,8298.5,8449.2,8574,8587.5,8560.4,8532.7,8509.4,8510,8525.3,8541.3,8553.3,8546.1
7490.5,9182.1,9615.9,9361.8,9107.9,8891.2,8859.1,9075.9,9309.6,9528.8,9615.2,9573.9,9524,9503.2,9600.4,9772,9935.7,10066,10101,10074,10044,10024,10059,10130,10203,10267,10264,10219,10173,10128,10128,10153,10179,10206,10193,10157,10120,10082,10083,10103,10120,10125,10071,10008,9957.9,9930.9,9916.7,9906.6,9898.6,9872.4,9839.2,9805.9,9772.8,9750.3,9747.4,9755.4,9763.8,9772.8,9762.5,9728,9680.9,9629.5,9600.1,9634.5,9684.3,9708.6,9642.2,9565.8,9515.4,9523.6,9539.7,9546.2,9508.5,9469.7,9433.4,9391.9,9348.8,9305.2,9258.2,9193.1,9127.6,9062.8,9016.5,8996.5,8975.2,8950.1,8883.3,8802.5,8720.9,8630.7,8515.7,8398,8276.6,8153.4,8028.6,7906.3,7823.2,7807.9,7798,7793.7,7800.2,7814.7,7831.6,7859.4,7919.7,8025.9,8129.4,8232.8,8325.2,8396.4,8458.9,8521.2,8582.2,8638.9,8688.1,8737.1,8785.9,8811.2,8803.8,8791.6,8778.1,8770.7,8774.1,8781.5,8789.4,8789,8773.8,8750.6,8727.3,8712.1,8717.1,8734.9,8752.4,8765,8761.2,8747.8,8734,8724.7,8740.1,8767.5,8794,8818.1,8811.7,8792.7,8773.5,8754.4,8696.6,8636.3,8590.7,8560.8,8524,8481,8445,8419.4,8337.3,8084.3,7833,7595.3,7378.1,6662,5800.4,4949.8,4600.3,5650.1,6620.3,7484.1,7936.3,7996.2,8052.8,8110,8213.8,8337.1,8451.6,8549.3,8560.5,8528.7,8496.5,8468.1,8467.1,8488.8,8511.1,8531.9,8540.2
7554.5,9018.3,9493.8,9235.6,8981,8753.4,8690.6,8894.2,9110.7,9317.6,9414.8,9388.1,9360.5,9357.4,9463.3,9646.7,9821.9,9960.3,9997.5,9961.2,9921.2,9892.9,9929.9,10016,10101,10180,10187,10140,10094,10049,10045,10072,10104,10142,10140,10106,10066,10024,10016,10031,10044,10048,10011,9966.7,9933.2,9915.3,9908.6,9904.8,9902.8,9879.5,9844.4,9807.2,9770.8,9742.4,9738.1,9747.5,9757.6,9768.8,9759.6,9725.4,9677.8,9626.7,9605.5,9636.9,9679.2,9690.2,9626.7,9556.1,9506.3,9506.7,9514.9,9517.8,9468.3,9414.3,9362.2,9321.3,9287.5,9253.1,9217,9152.6,9085.6,9019,8965.7,8942.2,8917.7,8891.2,8826,8738.4,8649.9,8557.2,8438.8,8317.2,8192.5,8072.2,7957.3,7844.5,7755.7,7748.1,7744.2,7746.8,7771.5,7824.3,7879.1,7936.9,8007.7,8112.9,8213.1,8313.1,8404.8,8475.3,8526.6,8578.8,8631.4,8680.6,8720.8,8760.9,8800.5,8822.5,8812.3,8790.8,8767.9,8752.4,8753.5,8764.1,8775.2,8779.2,8764.8,8736.4,8707.8,8685.9,8693.4,8725.9,8758.4,8787.4,8792.2,8778.7,8764.9,8752.2,8766.1,8796.3,8825.5,8853.7,8852.4,8835.9,8818,8800,8709.4,8586.4,8469.3,8365,8259.6,8147.7,8040.4,7942,7815.4,7502.3,7182.4,6881.2,6587,6296.4,5928.2,5550.3,5329.9,6193.2,6979.7,7663.3,8071.4,8128.3,8178.8,8226.6,8299.7,8386,8463.6,8530.6,8535.5,8499,8462.2,8428.2,8422.9,8451.1,8480.3,8509.6,8532.1
7682,8900,9397.9,9165.5,8935.2,8716.9,8630.2,8806.2,8987.9,9165.8,9256.4,9236,9215.5,9217.4,9322.2,9511.1,9695.6,9843.6,9884.9,9840.3,9791.4,9756.4,9790.2,9879.1,9964.3,10042,10054,10010,9970.5,9934.8,9939.9,9982.1,10032,10086,10093,10056,10011,9964.5,9949.3,9958.9,9967,9970.7,9948.8,9922.5,9903.5,9893.4,9890.5,9890.2,9891.1,9873.9,9840.5,9800,9761.8,9730.5,9725.4,9737,9750.1,9764.7,9757.8,9724.5,9677.2,9626.9,9608.9,9636.2,9670.9,9673.8,9614,9547.5,9497.9,9491.2,9492.3,9492.7,9432.6,9363.6,9295.7,9247.9,9222.2,9198.1,9173.2,9113.5,9045.7,8978.1,8918.5,8891.4,8864,8836.1,8775.4,8681.6,8586.4,8487.9,8368.7,8243.2,8114.8,7994.3,7888.7,7785.6,7696.4,7687.7,7691.6,7700,7728.1,7815.2,7903.5,7991.8,8081.6,8180.5,8281.1,8382,8478.8,8557.8,8599.2,8641.6,8684.4,8724.6,8757.8,8788.8,8819.2,8837.4,8825.8,8795.6,8765.1,8741.5,8737.5,8750,8762.1,8769.8,8760,8732,8704.1,8678.2,8681.2,8717.1,8754.2,8793.4,8809.9,8803.3,8795.6,8781.9,8793.1,8819.7,8844.3,8868.5,8870.9,8860.9,8856.2,8844.1,8733.7,8552.6,8362.7,8183.8,8007.5,7826.8,7648.7,7477.5,7303.8,6935.9,6545.4,6165.2,5786.7,5736.1,5846.3,5970.3,6175.8,6800.5,7394.7,7886.8,8208.1,8265.2,8309.7,8350.7,8397.4,8445.4,8485.2,8519.1,8514.2,8474.1,8433.5,8394.1,8382.1,8418,8457.4,8497,8530.5
7753.5,8876.8,9462.6,9226.9,8986.8,8750.2,8623.1,8773.8,8928.4,9080.3,9158.8,9126,9094.6,9086.6,9172.9,9346.9,9519,9658.9,9704.3,9666,9623.3,9593.7,9624.2,9709.1,9791.9,9869.4,9894.3,9864.5,9838.9,9817.9,9834.5,9891.5,9956.9,10027,10046,10005,9956.1,9904.5,9881.7,9886.4,9890.7,9892.7,9883.4,9874.6,9867.5,9861.9,9859.1,9857.6,9856.6,9842.8,9812.3,9776,9741.9,9712.7,9710.2,9725.4,9742.5,9760.8,9756.4,9724.4,9678,9629.1,9611.9,9634.6,9662.2,9658.8,9601.9,9539.5,9490.2,9477,9471.2,9465.6,9400.2,9316.6,9233.4,9173.7,9154.5,9140.7,9126.8,9075.6,9008.1,8940.4,8876,8844.7,8814.4,8784.4,8730.9,8631.7,8530,8425.4,8305.1,8176.2,8044.3,7919.7,7822.5,7727.9,7642.3,7626.8,7643.5,7664.2,7698.4,7802.3,7915.9,8025.7,8130.4,8229.7,8326.9,8424.6,8523.3,8609,8649.1,8684.5,8720.3,8754.3,8782.7,8806.9,8830.5,8847.2,8840,8807,8774.5,8745.9,8734,8743.9,8753.1,8761.1,8756.4,8732.8,8709.7,8686.8,8685.2,8712.3,8743.4,8774.5,8790.4,8787.7,8781.8,8776.1,8774.9,8783.3,8801.6,8829.8,8847.9,8829.3,8796.2,8768.5,8627.4,8369.7,8094.4,7849.6,7648.1,7471.9,7267.7,7024.2,6794.1,6375.3,5920.8,5463.9,5002.5,5016.9,5553.7,6187.4,6894.5,7446.1,7828.1,8125.6,8331.8,8376.2,8404.5,8428.2,8451.6,8476.6,8499.4,8520.6,8521.7,8497.3,8473.6,8451.3,8443.3,8469.8,8496.4,8522.7,8543
7794.6,8867.6,9531.2,9287.9,9039.1,8786.9,8618.5,8744.2,8871.8,8998.2,9063.7,9022.7,8983,8961.6,9021.2,9167.9,9315.5,9442.5,9497.4,9475.1,9445.6,9426,9456.9,9540.2,9621.5,9698.6,9734.4,9719.1,9708.1,9701.7,9729.8,9801,9881.4,9966.4,9993.1,9946.7,9891.2,9836.3,9810,9815.3,9824.5,9835.7,9836.8,9829.8,9822.8,9817.1,9814.8,9814.5,9814.5,9806.7,9782.7,9751.1,9721.7,9695.6,9696.2,9714.7,9735.5,9757.3,9755.4,9724.8,9679.9,9632.6,9614.5,9632.1,9652.6,9643.8,9589.2,9529.9,9481.5,9463.6,9451.2,9438.6,9370.8,9273.7,9175.5,9099.1,9084,9080.6,9077.7,9038,8970.6,8900.5,8831.3,8791,8756.2,8722.7,8678.4,8577.5,8471.4,8361.9,8243.6,8116.8,7988.2,7862,7779.9,7702.4,7632.4,7613.9,7648.9,7687,7731.6,7819.3,7938.9,8054.5,8165.6,8270.8,8363.6,8456.2,8549.6,8634.9,8684.2,8713,8741.9,8770.1,8794.5,8813.6,8832.5,8849.2,8850.5,8821.1,8792.2,8763.9,8745.9,8748.3,8750.7,8752.6,8749.5,8737.8,8724.7,8711.9,8707.9,8718.8,8734.8,8751.1,8762.4,8764.5,8763.1,8761.6,8744.6,8709.3,8675.3,8651.6,8622.9,8583.7,8546.5,8516.7,8338.6,7958.5,7514.3,7090.8,6743.7,6586.8,6537.9,6495.3,6460.7,6189.5,5803.2,5350.8,4835.9,4719,5390.9,6351.5,7378.8,7948.6,8146.3,8295,8413.9,8440.4,8451.7,8459.6,8469.6,8487.9,8506.6,8524.6,8533.5,8526.7,8519.9,8514.3,8513.5,8526.5,8539.7,8552,8558.5
7839.2,8865.1,9598.8,9348.6,9092.2,8827.7,8617.2,8717.3,8818.1,8919.4,8971,8921.5,8873.3,8839.3,8873,8991.2,9110.2,9220.7,9282,9275.6,9261.8,9254.7,9288.3,9371.5,9452.4,9529.6,9575.2,9573.9,9575.9,9581.1,9615,9689.2,9768.9,9849.5,9880.6,9841.2,9794.6,9750.6,9732.5,9745.6,9763.7,9784.4,9791.1,9784.1,9776.9,9771.1,9769.5,9770.8,9772.4,9769,9751.6,9725.2,9700.8,9679,9682.6,9704.7,9729,9754.1,9754.8,9726.1,9683.2,9638,9617.2,9627.9,9640.8,9625.5,9568.4,9505.2,9449.3,9422.5,9404.9,9387,9324.1,9228.4,9130.5,9045.8,9027.2,9024.4,9022.2,8988.6,8917.7,8842.1,8767.9,8718.6,8680.9,8645.5,8609.3,8514.4,8406.2,8292.2,8178.2,8063.2,7949.3,7837.3,7766,7709.3,7658.2,7630.6,7684,7738.8,7794.9,7864.9,7978.8,8089.8,8198,8302.3,8391.2,8475.6,8560.3,8641.4,8700.6,8726.4,8752.2,8777.7,8801,8817.5,8833.9,8850,8856.4,8833.6,8808.1,8783,8763.1,8755.8,8751.7,8747,8742,8738.1,8735.1,8732.6,8731.3,8731.6,8732.6,8733.5,8735,8737.6,8740.5,8743.3,8720.7,8651.7,8567.2,8491,8412,8321.9,8231.1,8146.7,7879.1,7291.7,6563.1,5849.1,5268.9,5254.2,5554.5,5853.3,6155,6177,6035.4,5830.4,5599.1,5602.5,6136.5,6876.1,7661.1,8142.9,8295.8,8393.3,8471.7,8485.7,8485.9,8483.3,8483.8,8497.9,8513.9,8529.1,8542.4,8552.5,8563.4,8575.3,8586.6,8587.5,8586.9,8584.8,8576.5
7897,8867.6,9665.3,9409.1,9147.1,8876.8,8636,8701.1,8781.1,8861.2,8899.7,8838.7,8778.7,8729.4,8737.3,8826.3,8911.7,8999.3,9059.7,9070.1,9073.5,9080.4,9118.6,9203.8,9286.4,9364.3,9417.2,9427.2,9437.9,9449.9,9483.3,9552,9623.7,9695.8,9731.1,9707.5,9680.4,9656.9,9653.1,9676,9703.2,9732.7,9744.8,9737.6,9730.4,9724.5,9723.6,9726.8,9730.4,9730.7,9718.9,9698.4,9679.7,9663.3,9669.9,9695.5,9723.1,9751.2,9754.5,9728.1,9687.8,9645.1,9620.3,9622.6,9627.5,9605.4,9541.2,9469,9402.9,9368.5,9346.8,9323.8,9267.6,9179.4,9088.9,9004.4,8980.2,8973.1,8965.6,8934.2,8856.7,8770.7,8686.6,8622.8,8578,8537,8494.8,8415.9,8320.5,8217.1,8110.7,8011.8,7914.8,7819.9,7751.2,7712.2,7677.9,7648.2,7703.7,7776,7846.7,7918.1,8019.8,8126.2,8231.4,8334.5,8425.8,8502,8577.8,8652.7,8719,8741.8,8764.4,8786.8,8807.7,8822.8,8836.6,8850.1,8858.2,8844.9,8822.5,8800.5,8780.6,8766.5,8755.9,8744.7,8735.2,8734,8741.1,8748.9,8754.6,8750.5,8736.7,8722.5,8711.2,8709.9,8716.6,8723.1,8703.1,8610.1,8474,8344.7,8213.8,8070.9,7924.4,7783.7,7441.6,6667.2,5645.7,4628,3751.6,3778,4441.8,5113.3,5788.4,6146.4,6274.3,6321.8,6357.6,6498.6,6902.4,7432.4,7992.7,8352.7,8453.8,8499.8,8531.3,8531.3,8521.6,8509.9,8500.7,8509.7,8522.2,8534,8548.6,8574.5,8603.8,8634.2,8661.3,8650.6,8632,8611.4,8585.1
7964.2,8874.8,9680.3,9478.5,9212.9,8939.2,8678.8,8708.4,8771.6,8833.8,8861.5,8786.6,8714,8651,8642.8,8728.5,8814.5,8899.8,8961.4,8962.6,8958.9,8954.3,8977.1,9057.2,9133.9,9206.7,9260.8,9277.2,9293.9,9311.1,9344.1,9407.8,9473.5,9539.9,9580.6,9574.5,9567.2,9563.3,9573.9,9606.1,9641.8,9679.7,9697.6,9690.5,9682.8,9676.2,9675.2,9679.2,9683.3,9684.8,9675.7,9658,9641.4,9626.8,9630.6,9652,9673.4,9694.7,9694.7,9672.2,9641.4,9610.1,9592.4,9596.1,9597.7,9570.3,9494.7,9408.9,9329.2,9288.9,9266.7,9244,9200,9126.5,9048.7,8973.9,8939.2,8925.7,8912.4,8886.2,8805.3,8710,8617.6,8538.4,8484.5,8437.3,8390.7,8326.1,8237.1,8140.9,8040.9,7952.8,7872.1,7793.6,7725.1,7702,7685.5,7672.2,7704,7792.2,7880.5,7967.4,8060.4,8163.6,8266.1,8368.2,8468,8535.4,8601.9,8667.7,8729.5,8759,8778.4,8797.4,8815.5,8829.5,8840.8,8851.8,8860.1,8854.7,8835.2,8816,8797.3,8779.8,8763.1,8745.7,8729.6,8725.4,8742.6,8760.6,8776.6,8775.7,8747.5,8718.8,8692.5,8682,8691.7,8701.4,8689.4,8581.3,8389.5,8203.4,8019.6,7827.8,7626.3,7428.5,7025.3,6082.7,4762.1,3440.9,2222.6,2199,3235.1,4284,5342.6,6054.8,6456.3,6749.3,7042.6,7336.1,7646.7,7981.5,8335.2,8561.2,8602.6,8597.7,8585.6,8568.9,8551.2,8532.7,8516.3,8519.9,8529,8537.4,8548.8,8574.9,8604.8,8634.5,8660.2,8641.8,8611.3,8578,8543
8030.6,8888.9,9689.5,9550,9282.1,9005.3,8729.1,8724.4,8774.7,8825.4,8849.7,8761.8,8676.2,8598.8,8575,8666.3,8755.9,8845.7,8913.5,8891.4,8865,8836.5,8834.8,8908.6,8979.7,9047.9,9103,9126.2,9149.2,9172.2,9206.1,9266,9327.4,9389.3,9434.2,9444.3,9455.7,9470.5,9495.6,9536.4,9580.1,9625.4,9647.6,9637.7,9628.2,9620.4,9618.7,9622.6,9626.4,9628.2,9621.3,9605.8,9590.5,9577.1,9578.1,9594.3,9609.5,9623.7,9620.9,9601.7,9579.3,9558,9547.6,9557.2,9562.2,9532,9445.6,9347.9,9254.8,9207.4,9185.5,9163.7,9130.3,9071.4,9006.5,8944.9,8905.6,8884.5,8866.1,8848.6,8769.9,8666.9,8565.5,8468.1,8404,8349.8,8295.6,8236.3,8153.6,8063.4,7969.7,7885.2,7819.1,7756.4,7696.4,7677.6,7677.3,7681,7687.4,7786.9,7892.8,7997.9,8102.7,8203.5,8303.6,8403.9,8503.8,8577.5,8634.2,8689.6,8742.8,8778.4,8794.6,8810.3,8825.3,8837.9,8846.7,8855.2,8862.7,8862.8,8844.7,8826.9,8809.4,8791.5,8771.5,8752.3,8733.8,8723.9,8740.9,8757,8772.6,8775.7,8744.9,8713.9,8682.7,8663,8668.3,8675.4,8672,8556.6,8304.5,8050.1,7785,7517.9,7256.9,7006.4,6608.2,5695.9,4337.8,2984.9,1655.5,1616,2808.7,4053.9,5287.2,6179.2,6717.2,7127.1,7559.5,7948.3,8202.6,8385.3,8570.8,8679.9,8672.1,8638.6,8610.1,8587.3,8566.6,8546.6,8527.7,8527.5,8533.9,8539.9,8547,8563.4,8581.7,8598.6,8611.8,8590.4,8558.4,8525.3,8492.2
8104.6,8916,9689.9,9615,9349.6,9070.7,8785.2,8745.4,8781.5,8819.2,8841.7,8741.3,8643.5,8551.9,8508.6,8604.8,8699.1,8795,8874.6,8827.4,8776,8721.6,8691.6,8759.1,8824.5,8888,8943.1,8973.4,9003,9032.1,9068.7,9126.9,9186.2,9246,9295.5,9320.1,9345.8,9373.3,9406.6,9449.6,9493.9,9538.1,9560.6,9551.8,9544.7,9539.9,9539.1,9541.4,9543.7,9544.7,9539.2,9527,9515.3,9505.2,9505.7,9517.5,9528,9537,9534,9520.8,9507.4,9497.4,9497.9,9514.9,9523.8,9494.1,9400.6,9292.9,9186.8,9130.6,9108.8,9088,9062.8,9017.1,8964.4,8915.2,8876.3,8850.4,8828.1,8806.2,8739.9,8635.2,8524.2,8413.7,8332,8268,8206.6,8144.7,8068.3,7983.8,7896.1,7808,7753.4,7706,7660.8,7638.9,7652.2,7672.7,7696.3,7770.6,7890,8011.6,8131.6,8241.4,8337,8431.4,8525.6,8609.4,8657.8,8704.5,8750.1,8789.4,8800.2,8810.3,8819.9,8828.8,8835.8,8842.7,8849.2,8852.9,8838.1,8822.3,8806.8,8791.4,8775.5,8760.4,8746.3,8736.7,8742.2,8750.1,8756.8,8756,8732.5,8704.9,8677.7,8656.2,8649.9,8646.1,8643.1,8502.9,8112.2,7723.5,7343.8,7013.5,6740.8,6475.8,6153.9,5502.8,4471.6,3452.1,2461.5,2450.4,3514.7,4686.5,5808.5,6642.2,7136.3,7485.8,7837.1,8134.8,8312,8424.9,8537.5,8609.7,8616.2,8605.9,8599.5,8588.9,8572.1,8554.5,8537.4,8534.4,8538.8,8542.8,8546.7,8552.8,8558.7,8563.2,8565.6,8541.6,8508,8474.6,8441.4
8188.3,8957.4,9690.8,9672.8,9414.5,9134.3,8847.5,8773.4,8792.5,8816,8837.8,8726,8616.2,8510.7,8443.2,8543.8,8642.5,8742.9,8832.3,8766.8,8690.2,8609.6,8548,8608.6,8667.4,8724.8,8777.8,8816.6,8855.9,8895.9,8940.9,8999.7,9059.3,9119,9171.9,9204.6,9235.8,9266.6,9300.2,9340.8,9381.6,9421.9,9447.4,9446.9,9448,9450.8,9453.9,9455.8,9457.8,9458.9,9455.5,9447.2,9439,9431.5,9431.1,9438.6,9444.4,9448.4,9446,9439.3,9435.2,9435.6,9446.8,9470.1,9483.3,9456.1,9358.8,9243.6,9128.8,9060,9035.5,9016.5,8997.7,8963.6,8922.2,8884,8849.7,8821.3,8795,8768.6,8714.9,8611,8491.5,8374.2,8274.8,8199.9,8131.8,8063.3,7991.3,7914.8,7835.2,7752.1,7697,7662.8,7633.3,7608.5,7634.9,7673,7712.9,7762.1,7885.2,8016.7,8146.5,8275.7,8368.7,8455.7,8541.8,8626.6,8675.6,8715.4,8754.4,8792.8,8803.1,8806.8,8809.6,8812,8816.7,8821.9,8826.8,8830.4,8821.8,8808,8794.8,8782.3,8773.2,8766.4,8760.6,8755.8,8750.5,8744.1,8736.4,8726.2,8709.2,8689.6,8670.5,8652.5,8637.4,8623.8,8610.5,8474.8,7975.6,7446.1,6925.2,6495.1,6208.6,5932.4,5661,5301.5,4807.4,4323.6,3870.7,3933.5,4721.5,5654.7,6532.6,7205.1,7598.2,7857.4,8113.1,8321.8,8426.8,8470.8,8512.4,8542.7,8557,8569.1,8584.1,8588.3,8576.7,8561.6,8547.1,8542.3,8544.4,8546.6,8548.6,8546.1,8539.8,8532.3,8523.5,8496.5,8461.1,8425.8,8392.1
8281,9010.2,9704.4,9725.6,9474.5,9195.1,8913.1,8814.3,8817.1,8826.9,8836.5,8729.8,8612.6,8498.4,8403.8,8487.5,8568.3,8646.7,8718.2,8649.4,8565.2,8479.5,8404.6,8454.9,8504.4,8553,8601.2,8655.7,8711.3,8768,8827,8886.5,8946,9005.1,9058.1,9091.4,9124,9155.7,9189.1,9228.2,9267,9305.7,9334.5,9342.2,9351.5,9361.8,9369.3,9370.4,9371.6,9372.3,9370.8,9366.5,9362.5,9356.4,9354.6,9358.1,9359,9358.2,9357.2,9358.7,9364.2,9374,9392.6,9418.6,9437.5,9417.4,9321.5,9202.7,9084.1,9005.3,8973.6,8956.1,8938.2,8910.5,8873.8,8837.5,8803,8771.5,8741.8,8712.5,8676.2,8583.5,8462.8,8343.1,8229.6,8143.3,8068.1,7992.9,7919.4,7852.1,7787.6,7721.3,7665.9,7642.5,7628.2,7616.5,7638.6,7690,7747.4,7805.9,7903.7,8029.8,8158.5,8286.4,8392.7,8471.8,8546.6,8620.2,8678,8716.3,8752.5,8787.9,8804.2,8802.1,8798.5,8794.5,8794.8,8799.7,8803.8,8807.1,8803.4,8791.8,8781,8771.1,8766.2,8767.6,8770.1,8772.5,8765.2,8745.1,8723.5,8701,8682.9,8670.5,8658.8,8646.7,8629.3,8607.6,8585.6,8460.2,7918.4,7256.2,6596.7,6036.9,5728.4,5440.1,5161.9,4968.4,4955.8,5000.5,5087.9,5380.7,5984.5,6672.6,7301.2,7788.5,8067.9,8236.8,8396.7,8514.4,8544.8,8522.3,8498,8484.8,8500.9,8532.8,8566,8584.9,8580.1,8568.5,8558.1,8552.4,8549.7,8546.4,8542.3,8532.5,8517.6,8501.4,8484.3,8455.5,8419.2,8382.8,8348.6
8353.5,9033.6,9681.6,9749.2,9518.2,9250.5,8983.6,8874.1,8859.9,8854.9,8849.5,8752.1,8631.9,8513,8396.6,8439.7,8484.6,8523.9,8557.7,8494.8,8417.5,8340.3,8268.4,8303.2,8342.6,8381.4,8421.4,8492.6,8565.9,8640.6,8715.2,8773.6,8831.5,8888.7,8941,8974.9,9008.6,9042.3,9077.7,9115.7,9153,9190.9,9222.5,9238.5,9255.9,9274,9286.4,9286.1,9285.7,9285.2,9284.6,9284.4,9285.6,9281.4,9279.1,9275.9,9271.9,9268.3,9270,9282,9297.3,9315.9,9338.7,9364.3,9388.5,9381.6,9295.9,9175.6,9055.2,8965.1,8924.1,8905.7,8885.6,8859,8823.9,8786,8748,8711.2,8676.1,8641.5,8607,8533.7,8427.4,8317.2,8208.3,8115.1,8031.5,7948.6,7865.6,7802.2,7751.8,7704.8,7648,7630.9,7627.8,7626.7,7637.2,7695,7767.4,7841.2,7924.4,8046.6,8175.5,8301.6,8428.7,8502.3,8564.7,8626.2,8684.2,8720.6,8753.6,8785.7,8809.5,8802.6,8792.3,8781.5,8773.6,8777.8,8781,8783.5,8782.3,8773.3,8765.3,8757.9,8754.8,8764.4,8775,8786,8785.7,8752.1,8717,8680.8,8653.7,8648,8643.1,8637.9,8624.9,8597.1,8568.1,8472.5,7979.1,7205.6,6446.9,5784,5403.7,5124.1,4847.8,4697.5,4929.3,5447.3,6025.4,6643.7,7171.9,7575.8,7938.5,8226.3,8397.5,8494.3,8583.6,8640.1,8624.1,8563.4,8504.1,8466.2,8477.8,8516.3,8553.6,8578.7,8581.4,8576.2,8572.5,8567,8556.2,8542.4,8527.2,8509.2,8489.1,8468.1,8446.8,8418.1,8382.5,8346.2,8312.6
8423.8,9027.8,9625.7,9767.1,9564.2,9307.1,9052.2,8939.8,8912.6,8894.8,8875.4,8789.3,8671.7,8550.6,8429.2,8400.1,8399.7,8396.7,8389.1,8333.1,8267,8201.6,8137.6,8155.8,8185.1,8213.5,8242,8326.7,8417.2,8509.5,8601.3,8657.9,8712.8,8767.1,8818.6,8854,8889.4,8924.7,8960.8,8999.8,9038.8,9077.6,9113.1,9138.1,9163.4,9188.3,9205.3,9204.3,9203.3,9202.4,9201.7,9201.6,9201.6,9201.6,9200.2,9196.5,9192.3,9189.3,9195.1,9211.3,9228.3,9246.9,9271.4,9303.6,9337.9,9351.1,9289.5,9169.2,9049,8946.6,8892.6,8868.7,8843.1,8813.5,8776.8,8736,8694.3,8653,8613.6,8575,8535.8,8476.8,8386.6,8285.6,8186.7,8092,8000.7,7909.4,7817,7745.2,7700.1,7664.5,7631.2,7616.8,7620.3,7628.9,7638.8,7688.2,7770.2,7860.3,7952.6,8070.8,8204.7,8340.9,8477.1,8557.6,8608,8652.8,8695.7,8728.6,8757.7,8786.1,8813.9,8807.6,8791.2,8773.3,8754.4,8752.9,8754.4,8755.8,8757.6,8753.4,8748.9,8744.6,8740.8,8757.2,8774.4,8792.1,8805.3,8760.6,8714.9,8668.3,8628.4,8630.5,8633.4,8636.6,8632.1,8598.7,8565.2,8512.2,8254.7,7503.3,6771.8,6079.4,5560.8,5344.6,5136.9,4993.9,5206.1,5922.8,6616.5,7252.6,7692.5,7911.1,8124.5,8317.9,8445.3,8509.7,8572.8,8620.1,8616.5,8572.8,8530.9,8501.8,8505.5,8530.2,8553.6,8571.6,8579.7,8582.9,8587,8584.9,8567.7,8541.9,8514.6,8487.5,8462.2,8437.6,8412.6,8383.5,8349,8312.6,8276.4
