6921.1,6795.1,6752.2,6756.1,6730.5,6740.3,6744.1,6745.6,6752.5,6727.5,6745.5,6761.5,6784,6815.9,6789.8,6776.9,6863.2,6849.5,6692.1,6707.2,6833.8,6907.2,6948.6,6908.9,6844.3,6809.9,6768.3,6726.1,6740.7,6924.4,6967.4,6722,6695.2,6817.2,6809.6,6759,6746.6,6731.7,6757.8,6790.2,0,0,0,0,0,0,0,0,0,0,0,0,0,0,0,0,0,0,0,0,0,0,0,0,0
6897.3,6755.7,6724.8,6805.2,6787.1,6724.8,6686.3,6669.9,6747.7,6791.6,6766,6757.4,6762.5,6763.5,6774.2,6777,6785.3,6736.8,6612.4,6676.8,6820.5,6875.1,6911.9,6898.6,6876.7,6874.8,6861.6,6810.4,6771.5,6797.6,6833.9,6756.2,6743.5,6851.8,6839.1,6764.9,6765.7,6775.2,6740,6737.8,6770.8,6829.3,7028,7097,6882.4,6719.1,6642,6640.5,6709.9,6740.8,6751.6,6655,6529.5,6652.8,6820.6,6830.1,0,0,0,0,0,0,0,0,0
6872.9,6744.5,6711,6757.9,6792.1,6781.8,6707.1,6657,6759.7,6840.9,6787.5,6760.1,6794.8,6796,6772.4,6768.9,6763.1,6699.8,6585.9,6667,6807.7,6857.1,6892.1,6884.2,6867.3,6843.5,6843.5,6847.2,6795.8,6662.8,6684.8,6798.9,6828.8,6859.6,6835.9,6775.2,6793.6,6821.9,6740.8,6669.1,6762.5,6840.9,6914.4,6912.8,6765.3,6676.8,6656.3,6705.3,6812.2,6845.2,6824.3,6792.3,6731.5,6703,6732.3,6715.6,6683.2,6721.1,6822,6951.1,7047.9,7109,7127.4,0,0
6852.6,6748.1,6702.6,6696.5,6809,6875.1,6792.5,6725.2,6736.4,6792.4,6826.8,6812.3,6822.4,6818.1,6762.6,6764.7,6786.8,6777.9,6735.4,6855.8,6952.7,6881.2,6865.6,6868,6844.6,6771,6750.8,6814.1,6820.2,6741.2,6726.7,6831,6868.6,6851.1,6831.3,6790.5,6828.8,6879.8,6791.2,6713.3,6806.4,6863,6842.4,6812.6,6763.1,6718.8,6681.3,6759.1,6907.9,7119.7,7308.1,7110.4,6854.4,6776.1,6719.4,6672.1,6612.6,6500.4,6483.6,6715.1,6866,6918.1,7071,7090.5,0
6833.5,6775.7,6760.2,6760.2,6810.4,6882.1,6837.3,6766.7,6700.9,6744.5,6898.4,6900.8,6816.5,6791.3,6769.9,6776.5,6805.1,6845.3,6883.9,7047.9,7109.5,6914,6832.8,6861.2,6850,6772.9,6727.9,6792.9,6844.2,6825.5,6812.8,6850.1,6844.1,6802.3,6832.5,6861.7,6861.5,6887.2,6830.4,6755.4,6846.6,6878.9,6785.6,6765.6,6819.4,6788.5,6707,6814,7009.6,7469.4,7958.8,7512.6,6830.8,6708.4,6716.5,6709.1,6665.1,6499.7,6385.1,6583.8,6711.8,6710.1,6890.7,7114.1,0
6815.4,6804.5,6818.8,6831.8,6789.4,6794.6,6811.7,6791.3,6736,6760.8,6928,6946.7,6793.7,6771.7,6792.5,6793.4,6800.6,6805.4,6862.1,7076,7149.6,6932.1,6818.3,6865.1,6871.5,6819,6779.3,6791.6,6818.9,6836.5,6845.1,6853.4,6819.4,6755.9,6834.8,6948.9,6889,6822.6,6828.9,6823.1,6857.7,6881,6844.3,6839.4,6882.9,6859.8,6798,6901.7,7095.8,7666.3,8252.6,7654.1,6789.7,6674.9,6728.4,6766.4,6759.2,6640.4,6548.8,6619.4,6657,6580.7,6719.9,6979.6,7016
6791.6,6773.5,6796.3,6826.6,6780.9,6747.2,6793.7,6822.4,6805.5,6792.9,6836.8,6846.4,6786.9,6779.4,6804.7,6803,6791.5,6756.6,6799,7016.3,7104.7,7000,6919,6908.1,6897.3,6864.8,6826.3,6793.5,6793.4,6826.4,6839.8,6837.6,6799.6,6734.5,6789,6910.9,6889.2,6793.8,6835.3,6892.8,6867.8,6892,6961.4,6961.9,6934.7,6942.5,6951.3,7006.9,7122.6,7525.7,7888.9,7458,6902.3,6765.8,6748.7,6809.6,6836.7,6782.4,6687.6,6644.6,6642.2,6583,6622.8,6843.3,6980.8
6765.3,6742.1,6762.4,6793.5,6807.7,6787.5,6767.2,6790,6821.7,6797.7,6739.7,6767.2,6795.2,6791.4,6796.3,6812.5,6814.8,6788.6,6802.5,6954.5,7078.9,7086.7,7015.9,6951.5,6920.7,6898.4,6867.8,6828.4,6813,6837.7,6838.1,6819.7,6779.4,6714.6,6725.5,6787.1,6856.8,6888.1,6910.9,6937.5,6923.6,6925,6981,7007.3,6981.4,7017.1,7073.9,7082,7117.8,7308.1,7481.5,7331.4,7071.6,6850.5,6758,6830.5,6850.4,6813,6750.3,6661.8,6634.7,6618.1,6619.5,6733,6904.1
6719.7,6748.5,6763.3,6784.6,6829.8,6821.9,6724.6,6725.9,6779.7,6783,6757.9,6782.4,6819.2,6806.9,6795.7,6826.5,6854,6858.4,6855.7,6900.4,6993.1,7074,7050.1,6973.8,6933.5,6919.9,6902.4,6870.6,6855.3,6870.5,6846.5,6789.4,6766.5,6741.5,6722.8,6721.4,6830.6,6956.7,6972.3,6979.7,6992.6,6959.2,6901.3,6961.5,7040.4,7021.5,7005.8,6986.5,7032.2,7235.5,7367,7358.7,7197.5,6862.6,6760.6,6851.3,6865.7,6834,6787.5,6716.7,6664.9,6650.5,6610.5,6650.8,6809.5
6678.5,6772.8,6786.7,6796.1,6817.7,6819.4,6762.2,6733.5,6756.4,6774.1,6781.6,6813.6,6846.2,6834.2,6820.5,6833.1,6855.3,6882.7,6885.7,6847.4,6910.7,7021.6,7019.9,6961.9,6911.2,6874.8,6862.5,6862.3,6871.2,6893.8,6853.3,6759.2,6758.5,6792.7,6780.1,6762.7,6803.6,6867,6883.2,6902.3,6955.2,6952.4,6861.9,6930.3,7075.5,7007.1,6923.9,6868.7,6944.9,7237.9,7422.1,7482.5,7229.4,6774.6,6716,6844.3,6868,6855.4,6832.4,6784.6,6703,6660,6631.6,6575.8,6648.7
6706.9,6771.6,6803.2,6808.1,6802.5,6823.2,6839.3,6802.7,6771.2,6776.2,6786.5,6803.7,6834.4,6848.2,6844.8,6835.8,6838.7,6851.5,6883.5,6896.3,6902.4,6968.7,6986.4,6948.2,6884.5,6816.3,6796.9,6813.2,6840.4,6878.4,6855.8,6775.3,6781.1,6840.3,6825,6792.3,6785.8,6784.6,6782.4,6798.5,6860.5,6910.4,6917.6,6912.4,6950.9,6904.1,6843.8,6801,6897.7,7215.3,7448.8,7608.6,7230.3,6647.5,6664.8,6821.2,6841.5,6842.3,6845.7,6836.7,6735,6664.9,6700.6,6627.5,6505.7
6760.9,6742.2,6811.7,6837,6803.5,6832.9,6899.8,6857,6783.8,6784,6788.1,6770.4,6778.7,6822.4,6843.7,6837.8,6829.8,6828.9,6886.5,6970.1,6940.9,6908.5,6920.6,6922.5,6886.3,6823.8,6788.7,6788.1,6815.2,6863.6,6858.6,6802.1,6818.6,6879.7,6844,6784.6,6819,6841.3,6797.5,6785.5,6845.6,6892.6,6947.9,6885.6,6789.5,6770.4,6765.7,6786.6,6869.9,7062.7,7221.4,7373.7,7084.2,6598.8,6655.3,6802.2,6813.4,6823.6,6830.5,6829.2,6760.5,6688.6,6779.7,6742.2,6542.8
6782.6,6716.9,6825.8,6860.9,6802.8,6842.9,6935.2,6883.2,6801.5,6825.5,6839.4,6791.5,6759.6,6800.6,6839.6,6841.3,6830.9,6818.2,6863.2,6963.6,6948.9,6848.9,6857.3,6895.9,6899.9,6881.2,6853.2,6828.9,6832.1,6859.6,6857.9,6823.9,6828.1,6872.6,6844.3,6777.5,6853,6926.9,6849.8,6817.2,6910.3,6913.4,6865.5,6850.7,6802.1,6754.1,6737.4,6780.6,6810,6856.3,6928.4,7019.7,6932,6727.8,6745.8,6791.7,6774.1,6792.4,6810.4,6816.7,6792.1,6753.8,6822.2,6824.3,6606.7
6761.7,6688,6812.4,6850.4,6794.8,6837.5,6937,6890.5,6819.1,6881.2,6920.9,6881.8,6855.7,6876.3,6873.3,6851.5,6833.3,6805.2,6823.7,6882.8,6874.2,6812.1,6832.2,6884.9,6901.5,6906.8,6888.6,6855.8,6846.3,6857,6856.5,6840.6,6806.5,6780.8,6787.7,6784.7,6833.9,6899.1,6869.4,6846.2,6916.3,6908.9,6782.4,6821.8,6880.6,6810.8,6772.9,6787.5,6794.1,6798.5,6812.8,6820.5,6839.4,6838.3,6811.2,6778.6,6720.5,6728.9,6796.7,6817.8,6828.4,6820.9,6833,6808.2,6647.7
6745.2,6665.9,6794.5,6831.3,6785.4,6811.1,6875.6,6837.5,6791.4,6857.1,6931.5,6949.6,6948.9,6957.6,6923.9,6867.8,6848.4,6829.6,6813,6817.7,6811.9,6780.7,6824.3,6891,6886.6,6864.2,6843.4,6819.4,6811.7,6818,6823.5,6826.4,6788.8,6717.5,6736,6791.4,6800.7,6816.5,6871.1,6876.5,6812.1,6814.3,6807,6826.7,6876.7,6842.8,6806.5,6794.1,6784.5,6778.4,6807,6817.1,6773.5,6771.6,6790.7,6771.8,6686.9,6689.8,6800.3,6828.2,6813.6,6824.9,6829.2,6788.7,6679
6785.1,6736.1,6789.6,6809.1,6782.6,6786.8,6812.5,6778.6,6746.1,6776,6841.4,6929.2,6961.7,6970.9,6950,6880,6866.7,6873,6844.4,6820.2,6809.1,6789.2,6828.1,6895.4,6875.7,6824.9,6792.8,6771.7,6762.1,6761,6765.1,6770.5,6773.2,6761.3,6768.3,6797.5,6811.5,6817.5,6880.3,6900.7,6744,6721.7,6841.3,6831.1,6821.6,6842.9,6833.1,6806.2,6798.2,6797,6827.4,6823.3,6727.4,6699.1,6753.6,6798,6799.2,6784.2,6830.2,6829.6,6781.4,6792.3,6818.9,6800.2,6729.1
6840.4,6828.6,6784.7,6788.6,6792.7,6773.6,6765.3,6766,6749.5,6737,6781.6,6917.4,6963,6944.7,6934.2,6897.1,6885,6900.9,6865.7,6821.7,6822.1,6823.7,6841.9,6876.4,6875.9,6853.3,6817.7,6781.2,6760.2,6745.7,6734.8,6728.7,6756.3,6799,6806.2,6806.7,6840.6,6876.1,6901.3,6911.6,6836.9,6816.8,6886.5,6868.6,6822.7,6837.5,6844.7,6818.5,6811.1,6818.4,6854.1,6857.4,6800.7,6787.4,6814.9,6846.6,6920.1,6883.6,6848.7,6810.3,6761.8,6765.3,6807.2,6830.3,6805.6
6784.4,6823.8,6774,6773.6,6806.1,6757.1,6725.2,6775.8,6805.4,6822.9,6847.2,6924.4,6943.1,6910,6920.4,6921.9,6904.2,6896.8,6865.5,6825.4,6820.5,6840.7,6849.8,6854.5,6878,6893.6,6863.9,6819.6,6800.7,6795.1,6787.9,6781.2,6786.2,6807.6,6826.1,6833.1,6855.8,6895.7,6910.6,6918.5,6923.2,6918.8,6934.7,6933.2,6898.1,6817.7,6820.1,6851.9,6826.5,6819.2,6865.7,6879.2,6873.3,6902.6,6915.6,6854.2,6836.6,6842,6826.1,6789.2,6743,6727.4,6747.6,6815.9,6860.2
6669.8,6730.4,6771.5,6750.8,6742.7,6751.2,6735.9,6787.7,6848.8,6906.5,6921,6934.2,6900.7,6844.1,6875.3,6921.8,6915.8,6896.9,6865.2,6829.5,6796.6,6783.7,6808.1,6830.2,6864.7,6900,6879.9,6838,6829.6,6836.5,6835.8,6829.1,6820.2,6815.9,6839.7,6874.2,6855.3,6837,6866.7,6894.4,6907.5,6918.6,6928.8,6957.9,6948.8,6818.2,6823.2,6896.1,6842.4,6818.3,6869.6,6834.5,6796.3,6845,6882.1,6837.8,6785.8,6797.2,6808,6797,6765.5,6717.4,6684.5,6742.2,6801.2
6652.1,6679.4,6779.2,6716.7,6668.7,6759,6797.7,6796.1,6830.1,6896.7,6945.8,6939.6,6862.3,6779.3,6819.6,6879.4,6889.6,6887,6878.7,6843.9,6782.6,6736.3,6768.3,6807,6841.2,6870.8,6848.6,6809.1,6817.3,6845.9,6870,6885.3,6876.7,6853,6863.5,6907.8,6868.1,6801.2,6836.9,6875.6,6878.6,6880.3,6878.3,6913,6939.8,6910.6,6948.9,7011.8,6954.2,6913.8,6923.7,6841.2,6761.1,6771.1,6834.5,6917.1,6894,6862.4,6816.1,6805.3,6813.4,6784,6732.8,6703.4,6737.9
6758.9,6794.5,6869.7,6747.9,6641.4,6768.6,6856.7,6802.1,6792.2,6826.3,6900.3,6954.5,6922.2,6823.3,6803.4,6834.7,6849.6,6865.9,6905.7,6916.4,6886.3,6833.3,6819.8,6833.1,6852.4,6866.6,6833.4,6789.5,6807.6,6847.2,6896.5,6943.4,6951.5,6924.1,6911.4,6922.5,6928.4,6911.2,6933.8,6961.1,6962.9,6930,6887.9,6894.4,6939.1,7022.3,7098.1,7156.1,7125.2,7085,7054.5,7093.5,7082.6,7050.5,7056.1,7084,7023.8,6915.3,6786.2,6745.9,6766.1,6780.7,6763,6725.4,6717.9
6846.1,6908.2,6978.1,6817,6679.8,6749.4,6830.9,6832.3,6803.5,6788.6,6868.5,6977.1,7035.5,7024.2,6988.5,6958,6902.3,6888.4,6947.1,6997.5,7028.3,7022.3,6989.5,6980.6,7002,7017.1,6993.2,6966.3,6973.4,6962.4,6974.6,7011.2,7023.7,6989.6,6959.5,6937.2,6987.1,7071.7,7089.2,7114,7168.7,7169.4,7130.3,7084.1,7083.2,7154.9,7221.6,7274.1,7275.5,7252.4,7232.1,7368.9,7402.3,7372.7,7321.5,7285.5,7256,7210.2,7111.8,6963.4,6828,6719.5,6712.4,6707.5,6708
6875,6948.1,7024.2,6875.7,6713.1,6719.3,6793.4,6886.3,6923.1,6918,6968.4,7050.8,7163.4,7230,7187.1,7145.5,7096.1,7068.1,7101.8,7131.6,7170.3,7196.1,7146.5,7128.8,7165.2,7195,7197.5,7199,7186.8,7156.2,7133.6,7134.3,7131.9,7099.3,7064.2,7025.5,7062.6,7204.8,7228.6,7254.4,7362.7,7401.4,7378.6,7297.7,7260.1,7290.3,7331,7373.5,7408.6,7428.7,7449.9,7530.3,7514.4,7467,7422.9,7404.3,7418.2,7490.4,7537,7363.8,7201.4,7030.7,6819.8,6684.8,6694.8
6910.6,6961.5,7010.9,6902,6791.5,6783.6,6818.8,6949.6,7051.5,7103.9,7161.4,7230.4,7309.9,7382.3,7359.6,7327.8,7295.7,7280.6,7306.6,7304.6,7283.5,7285.8,7275.2,7276.2,7304.4,7333.1,7352.4,7372.9,7351.8,7316.5,7282,7256.3,7240.6,7221.8,7203.6,7190,7203.2,7297.2,7330.3,7356.5,7447.8,7494,7501.5,7443.8,7410,7418.7,7444.7,7477.7,7519.2,7568.2,7613.5,7649.6,7585.2,7510,7467.3,7447.3,7448,7498,7540.1,7501.3,7441.1,7353.3,7201.4,6926.1,6690.5
6990.8,7008.9,7014.2,6936.3,6876.1,6929.3,6983.3,7095.4,7190.9,7276.8,7338.4,7399.6,7447.4,7494.3,7491.2,7461.8,7432.9,7445.6,7483.8,7454.7,7382.8,7375.4,7405.6,7419,7417.2,7420.6,7430.2,7442.1,7421.8,7394.6,7378.8,7363,7351.7,7346.5,7346.8,7359.8,7371.5,7401.2,7429.9,7455.7,7500.8,7533.2,7550.7,7527.9,7520.6,7537.8,7573.1,7591.1,7560,7579.6,7639.9,7727.4,7677,7602.8,7545.9,7507.5,7483.5,7500.4,7530.5,7538.2,7489.7,7433.8,7399.3,7282.8,6760.9
7086.9,7086.8,7080.7,7033.4,6978.5,7069.3,7155.2,7256.8,7333.3,7402.7,7448.4,7519.4,7569.8,7603.1,7616.3,7571.2,7511,7525.1,7575.6,7544,7461.7,7468.2,7537,7550.1,7516.7,7497.4,7498.3,7500.1,7483.2,7461.8,7457.4,7458.4,7462.4,7469.5,7480.8,7491.8,7495.2,7484.3,7515.1,7543.3,7556.7,7574.7,7599.7,7609,7624.5,7651.2,7693.4,7695.4,7600.6,7594.7,7664.8,7798.3,7771.5,7715.8,7666.4,7648.5,7632,7614.2,7609.2,7613,7555,7473.7,7438.4,7398.4,7043.9
7100.4,7155.3,7148.8,7160.1,7140.1,7205.2,7294.3,7396.8,7464.9,7512.9,7516.9,7561.6,7630.3,7677.5,7719.2,7667.8,7580.7,7592.5,7635.7,7595.7,7524.1,7537.4,7593.3,7598.9,7571.3,7558.2,7565.8,7567.8,7551.7,7533.6,7539.3,7552.5,7568.4,7588.3,7606.9,7614.6,7594.1,7549.6,7579,7609.5,7631,7625,7619.8,7664,7694.2,7717.6,7766,7776.4,7690.6,7701.2,7762,7865.9,7865.7,7825.2,7782.9,7784.8,7780.7,7747.9,7736.6,7742.5,7692.5,7595.3,7503.9,7433.7,7310.7
7040.7,7200.3,7248.3,7277.7,7293.4,7333.4,7396.4,7472.8,7547.7,7600.6,7578.3,7605.4,7684.2,7716.3,7745.4,7717.7,7653,7668.3,7700.3,7651.4,7590,7602.5,7639.8,7637.3,7616.8,7617.6,7639.9,7650.5,7631.8,7612.9,7616.9,7628.6,7641.7,7657.8,7682.4,7709.5,7682.6,7623.4,7644.5,7673.3,7701.3,7675.9,7639.5,7713.2,7755.2,7763.9,7813.5,7843.7,7810.2,7859.8,7905.9,7931.5,7965.4,7936,7879.1,7892.1,7912,7873.3,7856.7,7868.7,7836.6,7753.8,7647.8,7510.3,7402.2
7038.5,7244.1,7370.5,7372.3,7409.5,7454.6,7488.9,7530.6,7584.4,7641.8,7639.6,7659.1,7742.8,7749.9,7757.5,7764.6,7745.9,7765.3,7786.4,7732.9,7671.2,7671.1,7684.8,7678,7667.3,7684.9,7721.9,7739,7716.1,7694.1,7691.2,7694,7691.3,7688.7,7723.4,7779.1,7766.6,7722.4,7729.2,7744.8,7764.1,7744.8,7697.7,7777.5,7827.1,7818.8,7862.8,7906,7920,8009,8047.2,7997.2,8067.2,8045.8,7957.9,7945.4,7947.9,7927,7922,7951.9,7955,7902.2,7804.7,7673.5,7440.6
7191.8,7335.5,7486.8,7465.9,7474.9,7522.6,7572.8,7586.8,7618.2,7664.1,7708.9,7750,7819.4,7803.6,7790,7826.7,7851.4,7872,7887.6,7849.4,7808.4,7798.8,7796.5,7792.1,7791.6,7811.1,7838.8,7843,7810.4,7781.7,7768.2,7759.9,7741.1,7719.6,7766.9,7846.9,7850,7825.4,7822.9,7825.1,7825.6,7826.1,7823.1,7885.4,7923.3,7902.3,7925.9,7954.7,7969.6,8035.4,8080.2,8046.5,8127.4,8133.7,8031.8,7995.4,7980.7,7966.5,7959.4,7981.4,7991.5,7967.8,7925,7843.1,7574
7345.4,7452.1,7571.4,7559.5,7544.7,7583.8,7636.1,7657.5,7667.5,7685.6,7790.1,7852,7900.5,7903.6,7900.8,7917.7,7940.1,7962.3,7982.7,7974.2,7959.3,7944.2,7935.6,7944.8,7958.1,7970.6,7980.2,7963.2,7915.1,7873.3,7852.8,7836.8,7822,7808,7842.5,7900.3,7916.4,7915.2,7909.7,7903.7,7889,7899.9,7945.4,8003.2,8027.7,7995.4,7995.6,8003.5,8010.7,8041.5,8080.2,8085,8127.3,8146.4,8078.6,8035.2,8009.6,8003.3,7997.8,8007.4,8016.3,7990.7,7958.9,7937.4,7777.9
7488.6,7568,7652.8,7648.9,7632.2,7654,7701.7,7738.5,7761.9,7774,7880.2,7949.5,7985.2,8016.3,8022.8,8014.6,8007.5,8000.5,8010.2,8023.5,8032.3,8030.9,8034.2,8063.6,8088,8097,8100.3,8073.8,8018.7,7969.1,7944.3,7923.7,7920.6,7920.2,7929.3,7947.9,7971.9,7988.4,7978.2,7963.3,7934.9,7927.9,7952.9,7996.9,8032.9,8036.3,8027.7,8027.4,8047.1,8056,8075,8123.3,8124.7,8136.5,8108.5,8060.6,8028.4,8026.1,8027.1,8033,8039.3,8015.5,7978.3,7954.9,7931.5
7631,7681.3,7742.5,7746.7,7737.1,7738.5,7776.6,7830.2,7881.9,7917.3,7975.9,8026.4,8058,8073.6,8091.4,8097.2,8075,8033.2,8017.5,8028.8,8033.4,8027.4,8026.5,8043.2,8062.6,8087.4,8110.6,8099.1,8061.5,8026.3,8008,7992.5,7998.3,8010,8001.9,7991.1,8022.2,8053.7,8041.7,8019.9,7980.7,7958,7959.4,7978.4,8011.4,8050.8,8038.5,8030.5,8075.8,8094.7,8103.8,8134.1,8126.9,8122.5,8132.8,8086.8,8044.9,8041.6,8041.9,8047.2,8052.9,8046.3,8014,7973.4,7956.8
7719.5,7791.7,7838.8,7839.4,7851.8,7835.7,7855.9,7931.1,8005.4,8058.8,8072.6,8105.4,8131.8,8120.3,8128,8156,8142.7,8090.7,8058.5,8051.2,8045.8,8035.5,8025.9,8021.5,8027.8,8065.9,8105.6,8106.6,8086,8065.5,8052.4,8040.7,8040.7,8044.2,8030.5,8015.9,8035.4,8057,8050.2,8035.8,8009,7993,7990.8,8001.3,8020.6,8062.5,8056.1,8037.9,8098.7,8133.2,8138.4,8137.5,8127.7,8113.2,8136.6,8106.6,8058.5,8055.8,8055.5,8059.4,8064.5,8068.5,8060.5,8031.2,7984.7
7773.7,7844.8,7926.9,7928.5,7937.1,7933.3,7948.7,8040.7,8100.5,8127.4,8122,8141.1,8159.4,8142,8151.1,8199.7,8200.8,8152,8115.1,8096.3,8091.5,8093.4,8088.9,8076.2,8071.2,8092.6,8119.9,8118.3,8105.2,8095.5,8090.6,8084.8,8079.3,8074.8,8058,8040,8043.7,8049.3,8045.4,8040.1,8032,8026.9,8025.2,8035.6,8048.5,8072.6,8080.9,8068.6,8100.2,8142.1,8174.5,8147.6,8128.6,8107.5,8124.3,8110,8065.5,8063.1,8066.3,8069.6,8075.3,8081,8096.5,8104,8045.4
7835.7,7876.4,7955,8000.5,8017.7,8017.8,8044.2,8146.4,8182.1,8178.8,8157.4,8161.7,8166.3,8145.8,8156.4,8204.4,8196.8,8152.7,8139.6,8132.5,8133.3,8144,8143.2,8126.5,8114.9,8124.5,8138.5,8131.2,8117.6,8110.8,8112.3,8109.6,8094.5,8079.8,8071.7,8063.7,8058.7,8056.3,8059.9,8066.7,8079.6,8074.6,8050.3,8063.3,8076,8081.6,8099.5,8110.1,8099.1,8115.7,8143.2,8139.1,8126.8,8107.4,8114.1,8111,8067.9,8057.1,8065.1,8068.1,8064.6,8064.5,8085.1,8121.8,8112.3
7921.9,7937.9,7984.7,8049.5,8086.9,8105.8,8133.8,8200.9,8224.6,8217.1,8187.8,8173.9,8164,8143.2,8160.8,8207.5,8179.7,8123.7,8128.1,8142.6,8134.5,8125.5,8123.2,8121.8,8122.9,8134.9,8145.8,8139.2,8127.9,8125,8131.6,8131.2,8105.9,8082.2,8084.9,8086.6,8072.8,8065.7,8081.5,8104.9,8140.6,8130.1,8074.4,8085.1,8103.3,8088.5,8077.7,8092.7,8100.5,8093.6,8108.7,8111.7,8108.4,8107.5,8107.1,8110.3,8067.9,8049.1,8062.2,8071.4,8052.2,8035.3,8035.6,8049.6,8075.9
7995.7,8021.1,8050.5,8105.6,8154.3,8181.6,8190.2,8230.6,8259.8,8253.6,8215.6,8178.9,8152.6,8130.3,8158.5,8206.9,8172.5,8114.6,8128.8,8156.8,8129.9,8097.4,8094.4,8104.8,8115.3,8129.3,8141.7,8141.4,8137.4,8137.2,8141.7,8141.1,8119,8098.1,8100.1,8099.8,8081.3,8070.3,8082.8,8105.9,8149,8148.8,8099.5,8101.2,8130.7,8100.6,8056.9,8021.3,8077.7,8098.7,8085.4,8081.3,8080.5,8100.5,8102.7,8102.3,8070.5,8041.3,8056.1,8069.5,8042.7,8005.9,7983,7968.4,7991.2
8013,8073.2,8118.6,8157.4,8194.1,8245,8217.4,8212.7,8230.2,8239.8,8226.4,8187,8145.8,8118,8156.2,8199.2,8180.4,8148.2,8147.5,8157.3,8137.9,8108.7,8106.1,8113.3,8120,8128.7,8139.9,8146,8149.7,8148.9,8147.8,8145.3,8134.5,8122.5,8114.1,8104.7,8087.9,8073.6,8067.7,8075.6,8117.5,8136.2,8119.5,8111.2,8120.7,8118.1,8070.4,7970,8035.6,8122.3,8104.9,8087.6,8069,8087.1,8099.9,8091.9,8072.2,8045.4,8043.5,8049.8,8050.9,8041,8027.2,8010.4,7979.3
8022.3,8072.2,8141.1,8198.3,8212.5,8232.3,8203.8,8195.8,8191.6,8214.4,8228.9,8217.7,8183.3,8146.7,8175.1,8201.1,8194,8180.5,8161.8,8154.7,8160.2,8158,8158.3,8160.5,8154.5,8145,8142.1,8147,8152.7,8148.3,8142,8139.7,8142.3,8140.8,8126.1,8112.3,8105.7,8097.6,8071.6,8058.3,8098.2,8124.7,8131,8123.4,8113.1,8132.5,8120.8,8034.9,8027,8124.8,8123.3,8106.9,8089.2,8095.9,8108.4,8089.4,8072.9,8052.7,8037.3,8028.3,8060.5,8104.4,8123.4,8127.2,8085
8050.4,8079,8150.5,8218.7,8228.3,8220.7,8174.5,8210.1,8256.2,8226,8233.7,8252.4,8221.2,8191.1,8208.8,8215.9,8203.3,8190.7,8172.7,8162.7,8182,8203.7,8204.3,8204.4,8185.3,8159.1,8144.1,8146,8148.4,8136.1,8121.8,8118,8129.2,8137.3,8133.9,8132.7,8147.3,8157.8,8115.2,8077.7,8118.8,8133.3,8094.7,8092.6,8099.4,8132.7,8166.2,8124.6,8075.1,8094.6,8120,8119.9,8111.5,8112,8120.8,8102.8,8084.5,8070.5,8058,8047.3,8067.6,8125.1,8155,8170.3,8146.1
8085.1,8114.7,8189.2,8241.4,8245.4,8242.7,8201.8,8241.9,8339.6,8247.1,8230.4,8253.2,8211.2,8199.6,8227.3,8228,8212.4,8199.7,8187.3,8175.7,8172.9,8177.6,8184.9,8191.1,8178.1,8157.2,8144.2,8145.6,8145,8124.9,8102.9,8098.6,8118.4,8136.3,8142.5,8153.5,8184.9,8202.9,8152.3,8101.4,8136.2,8149,8057.9,8040.6,8075.5,8096.9,8133.8,8165.8,8129,8071,8101.4,8121.6,8111.1,8115.1,8128.3,8117.5,8098.5,8090.7,8087.1,8097.6,8089.9,8069.2,8050.2,8039.1,8043.1
8103.4,8152.6,8248.6,8289.8,8258.2,8267.5,8259.7,8266.5,8307.2,8238.7,8226.8,8242.1,8180.2,8173.9,8210.6,8215.8,8209.6,8205.2,8199.3,8182.2,8159.4,8147.4,8155.5,8163.5,8157.3,8146,8142.7,8148.9,8150,8123.6,8094.3,8088,8114,8137.3,8141,8142.9,8157.1,8168.5,8130,8088.8,8121.4,8145.5,8065.2,8023.1,8054.2,8061.4,8083.8,8146.3,8146,8075.4,8089.8,8124.9,8107.8,8103.8,8114.9,8114.2,8102.3,8105.7,8111.3,8129.2,8131,8033.7,7945.4,7889.5,7915.3
8102.2,8161.4,8279.8,8322.4,8258.8,8254.8,8273.1,8274,8262.1,8218.8,8217.4,8224.6,8169.8,8161.6,8192.8,8198.8,8199.9,8202.3,8201.4,8196.2,8181.4,8164.6,8156.2,8153,8150.7,8144.6,8144.5,8153.8,8156.9,8125,8088.7,8078,8109.2,8137.2,8137.2,8129.8,8130,8129.7,8098.4,8067.3,8099.8,8131.4,8094.4,8065.1,8079.2,8062.5,8052.4,8124.7,8151.6,8093.3,8108.5,8141.4,8115.5,8095.6,8100,8104.6,8101.7,8114,8135.7,8125.5,8112.9,8087.5,8062.4,8034.2,8005.2
8100.7,8164.4,8263.2,8303.5,8256,8244.1,8262.9,8273.4,8261.7,8219.3,8210.7,8213.2,8176.5,8170,8189,8180.9,8178.9,8192.7,8203.3,8219.2,8227,8214,8189.3,8176.7,8194.3,8208.3,8199,8182.4,8167.8,8139.1,8106.3,8088.4,8103.9,8117.8,8123,8129.5,8141.8,8152.1,8126.1,8093.8,8108,8127.8,8116.7,8104.4,8106.4,8082.7,8062.8,8119.7,8145.2,8096.4,8123.9,8165,8135.3,8108,8104.1,8101.8,8098,8110.5,8144.5,8124.3,8074.5,8112.7,8179.9,8234.5,8159.7
8093.9,8174,8249.1,8279.5,8261.2,8250.8,8256,8271.5,8269.8,8233.6,8212.8,8207.6,8200.2,8181.7,8184.6,8166.5,8152.8,8167.9,8184.7,8202.2,8228.6,8235.2,8214.1,8200.9,8241.6,8279,8258.2,8214.9,8181.3,8160.4,8141.1,8122.4,8104.2,8082.9,8098.5,8134.7,8166.5,8191.4,8172,8143.5,8141.3,8142.6,8122,8116.4,8123.9,8100.4,8075,8118.9,8126.4,8065.6,8103.4,8167.1,8149.8,8121.2,8112.1,8104.4,8093.8,8093.1,8114.2,8094,8016.6,8011,8028.7,8058.8,8108.3
8087.4,8184.4,8245.8,8263.7,8262.6,8255.3,8251.3,8262,8267.1,8250.6,8220.5,8204.6,8225.6,8203.5,8166.8,8171,8155.4,8149.9,8160.7,8162.8,8168.6,8178.9,8182.1,8188.6,8226,8268.4,8258.2,8221.5,8187.5,8169.9,8156.4,8136,8103.3,8069.1,8092.2,8133.4,8165.8,8195.4,8192.8,8179.5,8166.6,8156.9,8124.1,8115.5,8125.4,8104.5,8083.1,8114.2,8106,8029.1,8068,8138.3,8120.3,8098.4,8101.1,8097.9,8077.2,8066.5,8086.4,8074.4,7979,7912.1,7837.1,7644.5,7829.9
8095.1,8184.7,8239.7,8250.3,8250.5,8253.4,8251.9,8255.4,8266.2,8271.3,8244.1,8217.5,8222.7,8217.4,8157.7,8174.7,8195.7,8178.6,8167.1,8146.4,8126,8133.6,8154.1,8171.4,8193.3,8218.9,8217.2,8202,8182.6,8158.8,8133.8,8112.1,8098,8086.7,8103.6,8126.5,8144.5,8165.2,8179.7,8181.4,8148.6,8134.8,8125.7,8116.8,8126.3,8109.2,8089.9,8099.8,8094.6,8038.1,8053.8,8112,8089.9,8065.1,8077.3,8084.3,8039.4,7998.2,8045.6,8082.3,8032.1,8032,8133.4,7922,7696.9
8101.5,8174,8235.3,8242.8,8242.5,8251,8256.7,8260.7,8270.5,8286.5,8262.5,8234.1,8206.1,8195.2,8164.8,8174.3,8224.2,8215.2,8189.5,8169.1,8146.2,8146.8,8165.1,8178.9,8184.1,8190.8,8190.1,8186.6,8177,8151.1,8122.3,8105.5,8104.1,8104.9,8113,8121.1,8125.6,8135.2,8165.8,8176.1,8115.7,8100.8,8134.8,8122.6,8117.8,8113.8,8096.2,8080.1,8090.5,8087.3,8086.7,8104.7,8086.3,8061.4,8064.7,8072.6,8013.6,7949.8,7990.2,8056.1,8080.6,8217.6,8636.8,0,0
8097.1,8166.5,8234.6,8244,8246.8,8252.3,8258.1,8264.6,8274.8,8289.8,8253.2,8222.6,8195.5,8172.8,8168.7,8176.9,8218.9,8227.7,8206.6,8187.6,8173.3,8175.8,8194.2,8204.8,8201.3,8199,8188,8175.9,8165.8,8158.5,8150.6,8138.1,8121.3,8110.3,8120.7,8133.2,8149.9,8161.8,8176.6,8164.8,8082.2,8082.3,8152.9,8124.1,8100.4,8105.3,8097.1,8073.8,8093.8,8131.7,8112,8098,8095.1,8086.4,8071.6,8060,8013.5,7956.9,7936.9,7942.5,8045.2,8340.6,8887.3,0,0
8086.3,8168.7,8249.1,8247.5,8252.7,8257.7,8253.8,8248.5,8268,8290.1,8238.8,8192.6,8191.3,8172.7,8163.3,8181.5,8214.3,8225,8208.1,8176.5,8154.8,8176.1,8208.6,8222.2,8213,8203.6,8184.7,8164.6,8156.2,8170.9,8186.6,8168.1,8130.6,8112.4,8128.3,8149.5,8178.8,8191.6,8193.1,8159,8080.6,8087.5,8158.4,8116.7,8086.7,8097.6,8097.1,8084.7,8098.2,8125,8088,8062.5,8084.6,8097.6,8076.5,8050.5,8012.1,7967.3,7900.4,7814.1,8009.5,8527.7,0,0,0
8073.6,8174.2,8272.7,8250.2,8246.8,8258.8,8250,8227.8,8250.2,8281.8,8226.5,8163.7,8184.5,8184.2,8153.2,8150.6,8188.6,8217.5,8206.9,8158,8098.6,8111.8,8159.5,8184.2,8177,8168.1,8158.2,8147.2,8148,8172.4,8197.5,8185.9,8159.5,8141.4,8137.9,8158,8200.4,8214.8,8203.1,8157.6,8090.9,8089.9,8119.5,8102.9,8085.3,8092.5,8099.8,8100.3,8099.4,8099.2,8040.7,8009.7,8047.6,8074.5,8066.9,8054.8,8027,7990.7,7913.2,7760.2,8104.3,0,0,0,0
8053.3,8148.8,8270.2,8249.7,8232.1,8233.5,8240.2,8222.1,8234.9,8273.2,8215.3,8149.9,8186.8,8207.6,8151.8,8119.2,8141.9,8171.7,8183.8,8147.1,8055.5,8048.3,8109.1,8142,8136.1,8128.8,8129.5,8130.1,8141.1,8168.5,8195.5,8205.7,8209.6,8183.1,8141.9,8149.7,8186.1,8188.5,8178.7,8141.5,8093.4,8081.6,8088.5,8097.4,8090.4,8087.9,8095,8101.4,8094.9,8077.3,8021.9,7994.6,8026.1,8051.9,8056,8059.6,8035.6,8001.7,7939,7884.9,8259.8,0,0,0,0
8031,8109.7,8218.7,8238.8,8221.1,8208.3,8233.5,8245.9,8243.1,8260.3,8207.2,8141.6,8192.3,8235.5,8192.6,8112.6,8100.6,8122.5,8147.5,8143.5,8082.8,8060.6,8103.8,8134.8,8138.3,8141.1,8137.5,8134.2,8144.3,8170.6,8196.5,8216.9,8238.1,8203.7,8140,8140.2,8168.3,8158.7,8142.1,8108.2,8079.5,8078.9,8079.6,8101.1,8091.9,8081,8088.9,8094.8,8088.4,8087.1,8086.4,8073.3,8059.8,8034.4,7992.5,7958.4,7952.5,7954.7,8153.5,8582.7,0,0,0,0,0
8015.2,8082.3,8170.7,8228.4,8230.4,8210.2,8233.8,8273,8249.4,8243.2,8212.9,8158.8,8196.7,8262.2,8237.9,8178.3,8135.9,8104.8,8113.9,8137.5,8129.7,8123.8,8150.8,8184.3,8222.6,8254.5,8216.8,8174.7,8164.6,8183,8197.7,8190.5,8184.2,8174.3,8150.6,8146.7,8155,8135.2,8105.8,8077.4,8069.7,8089,8098,8108.9,8090.8,8075.7,8084,8087.1,8083,8114,8161.6,8126.3,8069.3,7985,7888.3,7873.2,7914.5,8116.2,8557.3,8913.4,0,0,8480.2,0,8730.6
7996.9,8069.2,8148.4,8220.4,8238.3,8225.2,8234.9,8268,8248,8225.6,8222.9,8192.4,8191.7,8254.6,8271.5,8233.5,8197.2,8163.3,8142.9,8144.7,8161.9,8175.8,8190.3,8227.8,8296.6,8351,8287.1,8209.9,8180.9,8188.7,8189.3,8164.9,8141.3,8153.4,8166.6,8153.4,8146.3,8135.5,8109.5,8069.7,8070.1,8102.9,8112.7,8114.2,8089.1,8080.4,8092.5,8091.1,8082.9,8108.3,8129.7,8069,7992.5,7907.8,7877,7982.9,8127.8,8346.5,0,0,8440.8,7844.4,8039.4,8965.7,9270.4
7978.9,8057.3,8135.3,8206.3,8231.8,8233.6,8228.5,8243.3,8237.2,8220.5,8232.4,8220.8,8178.1,8203.1,8268.3,8277.9,8251.8,8221.8,8186.2,8167.7,8163.1,8165,8161.6,8184.4,8235.8,8264.3,8219.3,8180.2,8168.5,8166.2,8165.9,8177,8173.7,8152.7,8149.7,8142.3,8137.8,8140.2,8118.2,8079.8,8073.8,8095.7,8116.8,8114.3,8086.5,8087.7,8105,8094.6,8079.3,8068.3,8039.4,7969.2,7905.5,7860.7,7962.6,8165.1,0,0,8322.3,8485.5,8052.7,7504.5,7628.3,8232.8,9698.2
7965.3,8048.2,8120.4,8189.7,8220.1,8226,8218.3,8217,8228,8223.7,8232.1,8229.6,8157,8149.8,8237.9,8285.5,8296.9,8273.8,8223.1,8184.5,8150.1,8123.5,8096.2,8097,8121.7,8138.6,8142.9,8155.7,8154.1,8147.5,8155.7,8187.8,8205.3,8148.3,8112.8,8110.4,8111.9,8122.9,8111.4,8090.3,8069.1,8077.1,8109.8,8111.5,8088.8,8093.9,8107.4,8087.9,8054.9,8006,7953.8,7903.7,7907.7,7952.5,8138.8,0,8212.6,8117.9,8060.1,7954,7721.4,7604.5,7555.1,7457.9,8694.2
7935.8,8042.1,8098.6,8151.4,8205.4,8221.7,8210,8210.2,8223.6,8226.1,8227.8,8215.7,8142.9,8103.4,8211.7,8285.9,8320.1,8307.4,8217.7,8163.1,8122.9,8080.1,8033.7,8031.8,8075.4,8123.6,8154.3,8176.8,8177.2,8173,8156.3,8129.6,8128.2,8110.5,8086.1,8083.9,8084.5,8090.5,8063.9,8051.8,8057.3,8068.5,8108.7,8111.6,8097.6,8086.5,8072.2,8030.9,7983.4,7928.2,7923.9,7952.5,8029.8,8145.6,0,8284.4,8093.1,7864.4,7625.7,7605.5,7663.4,7730.6,7720.3,7514.5,7528.6
7873.1,8029.2,8076.6,8101.6,8166.3,8207.4,8202.4,8206,8226.5,8225.8,8220.1,8202.2,8138.3,8091.5,8186.7,8290.3,8349.8,8322.9,8134.6,8075.7,8089.5,8051.7,7990.3,8007.6,8101.1,8181.9,8199.4,8202.3,8195.7,8187.6,8145.9,8077.5,8031.3,8065.5,8073.1,8074.8,8072.4,8058.5,8011.3,8012.7,8055.7,8075.4,8105.8,8108.9,8097.7,8066.8,8020,7956.4,7902.8,7864.8,7931.9,8036.8,8165.1,0,8261.8,8108.3,7922.3,7736.2,7574.3,7650,7742.8,7844.5,7890.9,7760.3,7390.3
7816.4,8015.4,8068.5,8067,8129,8184.4,8204.8,8206.4,8232.5,8222.6,8202.1,8184.1,8134.6,8094.8,8146.1,8237.7,8370.7,0,0,0,7705.1,7403.7,6971.2,6934.2,7377.7,7992,8103.8,8156.2,8151.3,8141.1,8156.5,8159.6,8112.2,8071.9,8068,8070.8,8075,8068.9,8010.8,8000.6,8065.3,8078.4,8085.8,8063.6,8035.5,7991,7940.2,7888.9,7887.4,7949.2,8076.1,8152.1,0,8098.4,7979.1,7873,7808.2,7764.3,7743.4,7781,7825.7,7888.2,7910.3,7923.8,7751.6
7827.8,8002.9,8060.5,8065.5,8129.8,8172,8215.2,8212.6,8218.5,8212.9,8177.3,8165.9,8137.2,8092.5,8086.1,8069.1,8040.8,7318.9,0,0,4970.9,4393.6,4022.2,4572.8,6100.2,7574.4,7829.8,8115.7,8115.9,8107.9,8177.7,8246.6,0,0,0,8067.7,8074.9,8080,8053.3,8034,8067.6,8065.3,8052.5,8002.4,7938.8,7872.5,7853.2,7894.7,8018.9,8161.7,8298.6,0,8070.9,7877.2,7682.6,7740.9,7783.8,7823,7853.6,7870.4,7891.5,7923.2,7885.5,7861.3,7930.6
7842.7,7988.6,8033.8,8061.2,8154.2,8186.6,8218.5,8211.9,8190.6,8199.8,8182.9,8164.5,8155,8119.5,8082.3,7911,7609.9,5417.2,3342.5,0,0,0,1939.3,2569.3,3924.2,5243.2,6737.1,8154.5,8155.9,8154.2,8185.8,8250.6,0,0,8141.5,8061.4,8053.2,8082.3,8096.5,8067,8051.9,8012.5,7975.9,7919.2,7825.5,7769.2,7837.1,8035.5,0,8275.7,8210.5,8047.9,7909.7,7805.6,7774,7816.8,7840.1,7841.6,7854.9,7876.1,7902.2,7923.3,7867.8,7789.1,7825.4
7806.3,7968.5,7999.2,8030.8,8158.5,8194.5,8200.4,8205.7,8182.7,8198.2,8214,8184.5,8167.1,8145.9,8115.3,7972.8,7754.1,6459.5,5307.9,3480.2,1126.4,363.9,0,735,1878.6,3314.8,5622.1,7603.5,8195.9,8194.7,8185.2,0,0,8308.5,8174.1,8046.2,8019.4,8032.1,8071.4,8058.8,8019.3,7936.3,7851.2,7841.7,7914.7,8046.9,8184.8,0,8195.6,8054.3,7934.6,7837.4,7814.9,7829.3,7861.4,7896.5,7886,7850.3,7853.4,7868.5,7890.8,7908.5,7887.5,7825.8,7736
7751.9,7917.7,7964.9,7994.1,8100.5,8163.4,8176,8206.2,8205.3,8185.9,8197.9,8195.7,8168.8,8146.3,8120.8,8030.1,7915.8,7500.6,7140,5144.5,3437.2,2279.1,0,0,631.09,1283.9,2615.6,4281.2,5678.1,6874.2,7640.7,0,0,8363.2,8210.3,8028,7983.2,7981.9,8003.6,7984.1,7932.9,7831.8,7829.9,7966.9,8168.8,0,8334.3,8241.9,8038.9,7894.2,7844.5,7807.9,7825.4,7853,7874.4,7893.5,7886.6,7871.6,7866,7863.5,7866.5,7861.3,7875.3,7896.2,7824.2
7707.1,7861.2,7924.8,7972.1,8049.6,8120.9,8163.3,8193.7,8199.8,8151.4,8153.1,8203.4,8199,8134.2,8097.9,8075,8026,7927.4,7781.3,6959.9,6139.4,4439.3,2523.2,1334.6,0,0,0,941.85,3132.5,4955.1,6399,0,0,0,8232.3,8037.6,7971.2,7941.7,7936.7,7907.2,7842.5,7748.2,0,8190.8,0,8192.3,8067,7973.8,7923.6,7889.1,7874.8,7862.8,7860,7858.9,7866.2,7875.4,7885.4,7894.7,7878.6,7857.8,7840.3,7800.1,7779.2,7846.1,7922.1
7676.4,7843.4,7885.6,7962.8,8059.1,8101.6,8149.6,8170.8,8168.4,8131.2,8144.2,8211.4,8210.2,8106.1,8064.1,8144.7,8165.5,8002.7,7829.6,7548.1,7224.1,6408.2,5397.7,3483.4,1043.6,0,0,0,1521.1,2910.8,4811,7349.1,0,0,8236.9,8089.2,8048,7963.6,7872.2,7830.3,7806.8,0,0,0,0,8054.6,7925.5,7854.4,7877.2,7891.4,7887.4,7881.5,7868.5,7854.9,7858.7,7866.2,7869.8,7869,7847.4,7825.8,7820.9,7794.8,7753.7,7736.7,7847.4
7643.3,7852.4,7884,7956,8078,8099.4,8138.1,8173.7,8147.4,8123.6,8140.9,8181.3,8182.2,8141.9,8135.1,8177.1,8168.6,8067.2,7975.8,7934,7801.8,7286.2,6744.6,5792.7,4549.8,3525.3,2470.3,1423,0,166.06,1771.2,0,0,0,7814.3,8045.2,8093,7964.5,7792.4,7734.9,7736.3,0,0,0,8065.8,7966.9,7881.1,7830.2,7868.4,7899.8,7888.8,7872.8,7854.9,7836.5,7849.9,7868.5,7842.1,7810.6,7792.9,7786.7,7803.7,7806.9,7791.5,7721.8,7721.3
7581.3,7828.6,7888.8,7947,8058.7,8077.5,8139.3,8200.6,8123.9,8071.6,8123.4,8168.2,8170.7,8170.8,8175.9,8177.9,8172.1,8164.7,8168.7,8187.3,8121.9,7853.7,7598.6,7406,7177.9,6607.6,5752.2,3889.5,2167.8,0,239.73,0,0,0,0,0,0,0,0,0,0,0,0,0,7992.2,7923.1,7869.9,7822.7,7855.5,7901.6,7891.2,7871,7844.7,7817.6,7838.3,7869.8,7820.1,7765.4,7753.1,7754.4,7775.3,7794.2,7816.8,7768.2,7682.2
7516.4,7739.9,7850,7926.4,8016,8006.6,8092.5,8185.6,8079.5,8015.9,8119.2,8170.8,8142.4,8132,8161.1,8184.1,8172.8,8154.5,8172.1,8207.5,8173,8028.3,7909.1,7826.1,7695.3,7325.2,6789.1,5670.2,4283.9,2633.4,0,0,0,0,0,0,0,0,0,0,0,0,0,0,7894.3,7872.9,7860.6,7872.2,7875.4,7883.6,7883.6,7876,7848.9,7813.9,7824.4,7852.2,7808.9,7754.9,7747.9,7740.2,7730.3,7734.9,7749.7,7789.9,7739.3
7435.7,7645.8,7785.3,7877.7,7967,7944.4,8028.1,8126.9,8074.5,8060.3,8139.5,8145.6,8095.1,8103.7,8157.7,8186.3,8164.7,8143,8171.4,8209,8192.7,8110.7,8020.6,8002.7,7994.4,7808.8,7508.8,7318.3,6657.6,5435.8,0,0,0,0,0,0,0,0,0,0,0,0,0,0,7845.9,7876.1,7814.1,7889.4,7922.1,7876.9,7862.7,7875.8,7857.7,7815.7,7813.6,7832.9,7798.6,7749.7,7749.8,7734.9,7694,7683.2,7684.9,7696.5,7764.9
7360.3,7596.1,7734.5,7831.3,7916.4,7971.8,8008.9,8077.2,8102.4,8114,8157.5,8105.6,8033.7,8088.8,8161.1,8177.9,8155.1,8142.9,8171.5,8203.7,8165.2,8068.7,7969.8,8055.1,8159.8,8034.6,7773.1,7678,7487.1,7029.1,6328.8,4506.1,0,0,0,0,0,0,0,0,0,0,0,0,7752.6,7972.1,7842.6,7890.2,8012.9,7885,7798.3,7852,7859.5,7798.6,7793.9,7828.7,7785.9,7722.4,7736.5,7735.2,7672.1,7648.5,7644.4,7618.5,7642.5
7302.4,7554,7695.7,7817.8,7901.2,7987.7,8006.7,8024.2,8045.8,8090.6,8131.8,8063.9,8004,8084,8168.5,8162.5,8141,8131.2,8151.3,8172.4,8121.7,8043.3,7993.4,8092.8,8188.9,8091.4,7956,7958.4,7735.8,7243.9,6917.1,6566.2,0,0,0,0,0,0,0,0,0,0,0,7917.6,7762.1,8020.3,7914.3,7866.3,8026.8,7930.4,7737.1,7811.8,7865.9,7776.7,7759.5,7831.2,7779.9,7672.4,7693.7,7727.9,7662.3,7641.8,7657.5,7590.3,7515.6
7249.8,7479.1,7629,7784.5,7931.7,7936.1,7974,7977.7,7974.5,8025.1,8075.2,8050.8,8027.3,8068.8,8103.5,8084.5,8064.1,8062.8,8079.7,8095.7,8081.1,8063.9,8062.7,8086.8,8103.8,8043,7994.7,8033,7892.6,7469.7,7290.1,7266.2,6206.3,0,0,0,0,0,0,0,0,0,0,7988.2,7828.9,8032.9,7998.3,7864.3,7950.6,7922.9,7747.1,7777.8,7856.8,7769.7,7725.7,7813,7781.4,7624.2,7640.4,7702.2,7647.6,7625.1,7678.2,7639.7,7536.9
7192.5,7405.6,7536.9,7679.3,7841.2,7885.1,7916.1,7959.3,7944.6,7985.3,8050.3,8050.8,8047.2,8033.5,8019.1,8004.4,7994.5,7999.9,8014.6,8030.4,8055.1,8080,8081.3,8062.6,8043.9,8023.6,8036.2,8097.4,8018.5,7764.2,7623.3,7742.6,7382.2,6025.8,0,0,0,0,0,0,0,0,0,7948.9,7866.7,8040.1,8013.8,7892.1,7910.3,7863,7734,7755.5,7822,7772.2,7721,7743.8,7738.6,7656.3,7650,7691.2,7630.7,7592.3,7680.3,7680.7,7579.2
7125.6,7276,7402.7,7553.2,7690.6,7784.1,7843.5,7915.8,7932.5,7948.3,8037.3,8049.6,8029,8061.9,8085.4,8080.8,8071.9,8046.4,8010,7986,8005.3,8029.8,8051.3,8066.2,8051.4,8019.9,8040.5,8108.3,8126.1,8063,7929.1,7881.8,7678.7,7114,0,0,0,0,0,0,0,0,0,7905.4,7917.9,8046.2,7979,7881.6,7935.1,7881.7,7741.5,7735.9,7774.4,7749.4,7716.5,7678.8,7676.7,7687.8,7691.9,7706.4,7622.2,7551.3,7609.4,7633.6,7559.8
7048.3,7115.7,7214.8,7375.8,7629.2,7706.1,7755.6,7842.6,7915.4,7963.7,7992.3,8011.1,7959.9,7977.4,8054.1,8102.9,8122.3,8107.1,8020.6,7943,7946,7965.9,8025.5,8089.1,8063.7,8010,8005.8,8032.7,8041.9,8034.2,8017.4,7968.9,7838.5,7539.5,6250.1,4085.2,0,0,0,0,0,0,0,7884.1,7888,8039,7921.7,7852.5,7951.8,7889.2,7749.7,7716.5,7711.5,7681.9,7667.4,7675.8,7654.7,7643.8,7671.9,7694.9,7606.2,7513.5,7523.6,7535.1,7496.1
7027.4,7063,7086.7,7210.4,7558.6,7696.6,7671.8,7750.9,7832.3,7904.2,7956.9,7974.3,7924.2,7854.8,7904.1,7983.7,8051.9,8099.7,8090.6,8052,8018.8,8000.6,8031,8085.7,8054.5,7992.8,7962.9,7953.1,7963.8,7974.9,7997.7,7990.7,7894.9,7727.3,7222.8,6085.9,0,0,0,0,0,0,0,7828.8,7880.2,8020.7,7830,7791.1,7921.8,7808,7695,7735.2,7718.7,7637.9,7633.4,7685.6,7623.9,7537.4,7556.8,7586.2,7538.2,7483.8,7487.6,7471.6,7443.3
7021.8,7078.2,7055.7,7150.3,7391.9,7563,7617.9,7679.5,7751.3,7794.7,7842.5,7906.7,7941.4,7887.8,7849.7,7891.2,7952.1,8032.7,8108.9,8171.8,8141.8,8087.5,8049.8,8042.1,8016.1,7979.9,7965.3,7944.8,7940.7,7951.6,8017.2,8003.8,7913.5,7705.1,7366.8,6504.2,0,0,0,0,0,0,0,7928.5,7951.7,7831,7791.8,7869.8,7806.1,7653.6,7725.8,7832.6,7721.9,7623,7650,7650.8,7525.1,7456,7489.9,7484.8,7454.1,7467.7,7498.3,7463.5,7414.4
